[38;21m[2026-08-15 15:16:26,529] INFO (physical_interface): 61851 state set to A.[0m
[38;21m[2026-08-15 15:16:26,530] INFO (start_evse): Starting EVSE.[0m
[38;21m[2026-08-15 15:16:26,531] INFO (physical_interface): Duty cycle set to 100.[0m
[38;21m[2026-08-15 15:16:26,531] INFO (start_evse): Waiting for EV to plug.[0m
[38;21m[2026-08-15 15:16:26,531] INFO (physical_interface): 61851 state set to B.[0m
[38;21m[2026-08-15 15:16:27,533] INFO (udp_server): Starting UDP server.[0m
[38;21m[2026-08-15 15:16:27,539] INFO (udp_server): Waiting for discovery request...[0m
[38;21m[2026-08-15 15:16:27,539] INFO (tcp_server): Starting TCP server.[0m
[38;21m[2026-08-15 15:18:54,543] INFO (tcp_server): Connection made. Starting new communication session.[0m
[38;21m[2026-08-15 15:18:54,545] INFO (tcp_server): Sent notification.[0m
[38;21m[2026-08-15 15:18:54,549] INFO (tcp_server): Received request from ('fd00:edf::1', 45896, 0, 0).[0m
[38;21m[2026-08-15 15:18:54,550] INFO (message_handling): Message is valid.[0m
[38;21m[2026-08-15 15:18:54,550] DEBUG (tcp_server): Received EXI msg to be decoded: 8000F3AB9371D34B9B79D39BA321D34B9B79D 189A98989C1D1699181D22218010000040040 (tcp_server.py:84)[0m
[38;21m[2026-08-15 15:18:54,550] INFO (tcp_server): Payload type: 0x8001[0m
[38;21m[2026-08-15 15:18:54,550] INFO (message_handling): Supported App Protocol message to be decoded[0m
[38;21m[2026-08-15 15:18:54,622] DEBUG (tcp_server): Message successfully decoded (tcp_server.py:96)[0m
[38;21m[2026-08-15 15:18:54,623] DEBUG (tcp_server): XML message received: <?xml version="1.0" encoding="UTF-8"?><s0:supportedAppProtocolReq xmlns:s0="urn:iso:15118:2:2010:AppProtocol" xmlns:xsi="http://www.w3.org/2001/XMLSchema-instance" xmlns:xsd="http://www.w3.org/2001/XMLSchema"><AppProtocol><ProtocolNamespace>urn:iso:std:iso:15118:-20:DC</ProtocolNamespace><VersionNumberMajor>1</VersionNumberMajor><VersionNumberMinor>0</VersionNumberMinor><SchemaID>1</SchemaID><Priority>1</Priority></AppProtocol></s0:supportedAppProtocolReq> (tcp_server.py:97)[0m
[38;21m[2026-08-15 15:18:54,653] INFO (tcp_server): Received SupportedAppProtocolReq.[0m
[38;21m[2026-08-15 15:18:54,655] DEBUG (tcp_server): XML message to be sent: <?xml version="1.0" encoding="UTF-8"?>
<ns0:supportedAppProtocolRes xmlns:ns0="urn:iso:15118:2:2010:AppProtocol">
  <ResponseCode>OK_SuccessfulNegotiation</ResponseCode>
  <SchemaID>1</SchemaID>
</ns0:supportedAppProtocolRes>
 (tcp_server.py:124)[0m
[38;21m[2026-08-15 15:18:54,655] DEBUG (tcp_server): Encoding process start (tcp_server.py:125)[0m
[38;21m[2026-08-15 15:18:54,655] INFO (message_handling): Supported App Protocol message to be encoded[0m
[38;21m[2026-08-15 15:18:54,655] INFO (message_handling): Message is valid against Schema XSD[0m
[38;21m[2026-08-15 15:18:54,671] DEBUG (tcp_server): Encoded EXI message: 8040 0040 (tcp_server.py:134)[0m
[38;21m[2026-08-15 15:18:54,685] INFO (tcp_server): Received request from ('fd00:edf::1', 45896, 0, 0).[0m
[38;21m[2026-08-15 15:18:54,685] INFO (message_handling): Message is valid.[0m
[38;21m[2026-08-15 15:18:54,686] DEBUG (tcp_server): Received EXI msg to be decoded: 808C0400000000000000000DE 8682D40620422AB21A1981880 (tcp_server.py:84)[0m
[38;21m[2026-08-15 15:18:54,686] INFO (tcp_server): Payload type: 0x8002[0m
[38;21m[2026-08-15 15:18:54,686] INFO (message_handling): Common message to be decoded[0m
[38;21m[2026-08-15 15:18:54,689] DEBUG (tcp_server): Message successfully decoded (tcp_server.py:96)[0m
[38;21m[2026-08-15 15:18:54,689] DEBUG (tcp_server): XML message received: <?xml version="1.0" encoding="UTF-8"?><s1:SessionSetupReq xmlns:s1="urn:iso:std:iso:15118:-20:CommonMessages" xmlns:xsi="http://www.w3.org/2001/XMLSchema-instance" xmlns:xsd="http://www.w3.org/2001/XMLSchema" xmlns:s0="http://www.w3.org/2000/09/xmldsig#" xmlns:s2="urn:iso:std:iso:15118:-20:CommonTypes"><s2:Header><s2:SessionID>0000000000000000</s2:SessionID><s2:TimeStamp>1786807134</s2:TimeStamp></s2:Header><s1:EVCCID>EVCC01</s1:EVCCID></s1:SessionSetupReq> (tcp_server.py:97)[0m
[38;21m[2026-08-15 15:18:54,690] INFO (tcp_server): Received SessionSetupReq.[0m
[38;21m[2026-08-15 15:18:54,691] DEBUG (tcp_server): XML message to be sent: <?xml version="1.0" encoding="UTF-8"?>
<ns0:SessionSetupRes xmlns:ns0="urn:iso:std:iso:15118:-20:CommonMessages">
  <ns1:Header xmlns:ns1="urn:iso:std:iso:15118:-20:CommonTypes">
    <ns1:SessionID>3032353239383532</ns1:SessionID>
    <ns1:TimeStamp>1786807134</ns1:TimeStamp>
  </ns1:Header>
  <ns1:ResponseCode xmlns:ns1="urn:iso:std:iso:15118:-20:CommonTypes">OK_NewSessionEstablished</ns1:ResponseCode>
  <ns0:EVSEID>ZZ000000</ns0:EVSEID>
</ns0:SessionSetupRes>
 (tcp_server.py:124)[0m
[38;21m[2026-08-15 15:18:54,691] DEBUG (tcp_server): Encoding process start (tcp_server.py:125)[0m
[38;21m[2026-08-15 15:18:54,691] INFO (message_handling): Common message to be encoded[0m
[38;21m[2026-08-15 15:18:54,691] INFO (message_handling): Message is valid against Schema XSD[0m
[38;21m[2026-08-15 15:18:54,693] DEBUG (tcp_server): Encoded EXI message: 80900418191A991C9C1A990DE868 2D4062040296968C0C0C0C0C0C00 (tcp_server.py:134)[0m
[38;21m[2026-08-15 15:18:54,704] INFO (tcp_server): Received request from ('fd00:edf::1', 45896, 0, 0).[0m
[38;21m[2026-08-15 15:18:54,704] INFO (message_handling): Message is valid.[0m
[38;21m[2026-08-15 15:18:54,704] DEBUG (tcp_server): Received EXI msg to be decoded: 80080418191A991C9 C1A990DE8682D4062 (tcp_server.py:84)[0m
[38;21m[2026-08-15 15:18:54,704] INFO (tcp_server): Payload type: 0x8002[0m
[38;21m[2026-08-15 15:18:54,704] INFO (message_handling): Common message to be decoded[0m
[38;21m[2026-08-15 15:18:54,705] DEBUG (tcp_server): Message successfully decoded (tcp_server.py:96)[0m
[38;21m[2026-08-15 15:18:54,705] DEBUG (tcp_server): XML message received: <?xml version="1.0" encoding="UTF-8"?><s1:AuthorizationSetupReq xmlns:s1="urn:iso:std:iso:15118:-20:CommonMessages" xmlns:xsi="http://www.w3.org/2001/XMLSchema-instance" xmlns:xsd="http://www.w3.org/2001/XMLSchema" xmlns:s0="http://www.w3.org/2000/09/xmldsig#" xmlns:s2="urn:iso:std:iso:15118:-20:CommonTypes"><s2:Header><s2:SessionID>3032353239383532</s2:SessionID><s2:TimeStamp>1786807134</s2:TimeStamp></s2:Header></s1:AuthorizationSetupReq> (tcp_server.py:97)[0m
[38;21m[2026-08-15 15:18:54,706] INFO (tcp_server): Received AuthorizationSetupReq.[0m
[38;21m[2026-08-15 15:18:54,706] DEBUG (tcp_server): XML message to be sent: <?xml version="1.0" encoding="UTF-8"?>
<ns0:AuthorizationSetupRes xmlns:ns0="urn:iso:std:iso:15118:-20:CommonMessages">
  <ns1:Header xmlns:ns1="urn:iso:std:iso:15118:-20:CommonTypes">
    <ns1:SessionID>3032353239383532</ns1:SessionID>
    <ns1:TimeStamp>1786807134</ns1:TimeStamp>
  </ns1:Header>
  <ns1:ResponseCode xmlns:ns1="urn:iso:std:iso:15118:-20:CommonTypes">OK</ns1:ResponseCode>
  <ns0:AuthorizationServices>EIM</ns0:AuthorizationServices>
  <ns0:CertificateInstallationService>false</ns0:CertificateInstallationService>
  <ns0:EIM_ASResAuthorizationMode/>
</ns0:AuthorizationSetupRes>
 (tcp_server.py:124)[0m
[38;21m[2026-08-15 15:18:54,707] DEBUG (tcp_server): Encoding process start (tcp_server.py:125)[0m
[38;21m[2026-08-15 15:18:54,707] INFO (message_handling): Common message to be encoded[0m
[38;21m[2026-08-15 15:18:54,707] INFO (message_handling): Message is valid against Schema XSD[0m
[38;21m[2026-08-15 15:18:54,708] DEBUG (tcp_server): Encoded EXI message: 800C0418191A991C9C1A 990DE8682D4062000400 (tcp_server.py:134)[0m
[38;21m[2026-08-15 15:18:54,711] INFO (tcp_server): Received request from ('fd00:edf::1', 45896, 0, 0).[0m
[38;21m[2026-08-15 15:18:54,711] INFO (message_handling): Message is valid.[0m
[38;21m[2026-08-15 15:18:54,711] DEBUG (tcp_server): Received EXI msg to be decoded: 80000418191A991C9C 1A990DE8682D406200 (tcp_server.py:84)[0m
[38;21m[2026-08-15 15:18:54,711] INFO (tcp_server): Payload type: 0x8002[0m
[38;21m[2026-08-15 15:18:54,712] INFO (message_handling): Common message to be decoded[0m
[38;21m[2026-08-15 15:18:54,712] DEBUG (tcp_server): Message successfully decoded (tcp_server.py:96)[0m
[38;21m[2026-08-15 15:18:54,712] DEBUG (tcp_server): XML message received: <?xml version="1.0" encoding="UTF-8"?><s1:AuthorizationReq xmlns:s1="urn:iso:std:iso:15118:-20:CommonMessages" xmlns:xsi="http://www.w3.org/2001/XMLSchema-instance" xmlns:xsd="http://www.w3.org/2001/XMLSchema" xmlns:s0="http://www.w3.org/2000/09/xmldsig#" xmlns:s2="urn:iso:std:iso:15118:-20:CommonTypes"><s2:Header><s2:SessionID>3032353239383532</s2:SessionID><s2:TimeStamp>1786807134</s2:TimeStamp></s2:Header><s1:SelectedAuthorizationService>EIM</s1:SelectedAuthorizationService><s1:EIM_AReqAuthorizationMode/></s1:AuthorizationReq> (tcp_server.py:97)[0m
[38;21m[2026-08-15 15:18:54,713] INFO (tcp_server): Received AuthorizationReq.[0m
[38;21m[2026-08-15 15:18:54,714] DEBUG (tcp_server): XML message to be sent: <?xml version="1.0" encoding="UTF-8"?>
<ns0:AuthorizationRes xmlns:ns0="urn:iso:std:iso:15118:-20:CommonMessages">
  <ns1:Header xmlns:ns1="urn:iso:std:iso:15118:-20:CommonTypes">
    <ns1:SessionID>3032353239383532</ns1:SessionID>
    <ns1:TimeStamp>1786807134</ns1:TimeStamp>
  </ns1:Header>
  <ns1:ResponseCode xmlns:ns1="urn:iso:std:iso:15118:-20:CommonTypes">OK</ns1:ResponseCode>
  <ns0:EVSEProcessing>Finished</ns0:EVSEProcessing>
</ns0:AuthorizationRes>
 (tcp_server.py:124)[0m
[38;21m[2026-08-15 15:18:54,714] DEBUG (tcp_server): Encoding process start (tcp_server.py:125)[0m
[38;21m[2026-08-15 15:18:54,714] INFO (message_handling): Common message to be encoded[0m
[38;21m[2026-08-15 15:18:54,714] INFO (message_handling): Message is valid against Schema XSD[0m
[38;21m[2026-08-15 15:18:54,715] DEBUG (tcp_server): Encoded EXI message: 80040418191A991C9C1 A990DE8682D40620000 (tcp_server.py:134)[0m
[38;21m[2026-08-15 15:18:54,717] INFO (tcp_server): Received request from ('fd00:edf::1', 45896, 0, 0).[0m
[38;21m[2026-08-15 15:18:54,717] INFO (message_handling): Message is valid.[0m
[38;21m[2026-08-15 15:18:54,717] DEBUG (tcp_server): Received EXI msg to be decoded: 807C0418191A991C9C 1A990DE8682D406280 (tcp_server.py:84)[0m
[38;21m[2026-08-15 15:18:54,717] INFO (tcp_server): Payload type: 0x8002[0m
[38;21m[2026-08-15 15:18:54,717] INFO (message_handling): Common message to be decoded[0m
[38;21m[2026-08-15 15:18:54,718] DEBUG (tcp_server): Message successfully decoded (tcp_server.py:96)[0m
[38;21m[2026-08-15 15:18:54,718] DEBUG (tcp_server): XML message received: <?xml version="1.0" encoding="UTF-8"?><s1:ServiceDiscoveryReq xmlns:s1="urn:iso:std:iso:15118:-20:CommonMessages" xmlns:xsi="http://www.w3.org/2001/XMLSchema-instance" xmlns:xsd="http://www.w3.org/2001/XMLSchema" xmlns:s0="http://www.w3.org/2000/09/xmldsig#" xmlns:s2="urn:iso:std:iso:15118:-20:CommonTypes"><s2:Header><s2:SessionID>3032353239383532</s2:SessionID><s2:TimeStamp>1786807134</s2:TimeStamp></s2:Header></s1:ServiceDiscoveryReq> (tcp_server.py:97)[0m
[38;21m[2026-08-15 15:18:54,718] INFO (tcp_server): Received ServiceDiscoveryReq.[0m
Fatal error: protocol.data_received() call failed.
protocol: <secc.tcp_server.TCPServerProtocol object at 0x76bc01ad09a0>
transport: <_SelectorSocketTransport fd=22 read=polling write=<idle, bufsize=0>>
Traceback (most recent call last):
  File "/usr/local/lib/python3.8/asyncio/selector_events.py", line 862, in _read_ready__data_received
    self._protocol.data_received(data)
  File "/app/secc/../secc/tcp_server.py", line 60, in data_received
    self.process_incoming_message(packet)
  File "/app/secc/../secc/tcp_server.py", line 112, in process_incoming_message
    reaction = self.session.get_state(self.session.state).process_payload(xml_object)
  File "/app/secc/../secc/states/process_service_discovery_request.py", line 31, in process_payload
    if 6 in payload.supported_service_ids.service_id:
AttributeError: 'NoneType' object has no attribute 'service_id'
[31;21m[2026-08-15 15:18:54,721] ERROR (tcp_server): 'NoneType' object has no attribute 'service_id'. (tcp_server.py:69)[0m
[38;21m[2026-08-15 15:19:02,617] INFO (tcp_server): Connection made. Starting new communication session.[0m
[38;21m[2026-08-15 15:19:02,620] INFO (tcp_server): Sent notification.[0m
[38;21m[2026-08-15 15:19:02,625] INFO (tcp_server): Received request from ('fd00:edf::1', 44958, 0, 0).[0m
[38;21m[2026-08-15 15:19:02,626] INFO (message_handling): Message is valid.[0m
[38;21m[2026-08-15 15:19:02,626] DEBUG (tcp_server): Received EXI msg to be decoded: 8000F3AB9371D34B9B79D39BA321D34B9B79D 189A98989C1D1699181D22218010000040040 (tcp_server.py:84)[0m
[38;21m[2026-08-15 15:19:02,626] INFO (tcp_server): Payload type: 0x8001[0m
[38;21m[2026-08-15 15:19:02,626] INFO (message_handling): Supported App Protocol message to be decoded[0m
[38;21m[2026-08-15 15:19:02,627] DEBUG (tcp_server): Message successfully decoded (tcp_server.py:96)[0m
[38;21m[2026-08-15 15:19:02,627] DEBUG (tcp_server): XML message received: <?xml version="1.0" encoding="UTF-8"?><s0:supportedAppProtocolReq xmlns:s0="urn:iso:15118:2:2010:AppProtocol" xmlns:xsi="http://www.w3.org/2001/XMLSchema-instance" xmlns:xsd="http://www.w3.org/2001/XMLSchema"><AppProtocol><ProtocolNamespace>urn:iso:std:iso:15118:-20:DC</ProtocolNamespace><VersionNumberMajor>1</VersionNumberMajor><VersionNumberMinor>0</VersionNumberMinor><SchemaID>1</SchemaID><Priority>1</Priority></AppProtocol></s0:supportedAppProtocolReq> (tcp_server.py:97)[0m
[38;21m[2026-08-15 15:19:02,627] INFO (tcp_server): Received SupportedAppProtocolReq.[0m
[38;21m[2026-08-15 15:19:02,627] DEBUG (tcp_server): XML message to be sent: <?xml version="1.0" encoding="UTF-8"?>
<ns0:supportedAppProtocolRes xmlns:ns0="urn:iso:15118:2:2010:AppProtocol">
  <ResponseCode>OK_SuccessfulNegotiation</ResponseCode>
  <SchemaID>1</SchemaID>
</ns0:supportedAppProtocolRes>
 (tcp_server.py:124)[0m
[38;21m[2026-08-15 15:19:02,627] DEBUG (tcp_server): Encoding process start (tcp_server.py:125)[0m
[38;21m[2026-08-15 15:19:02,627] INFO (message_handling): Supported App Protocol message to be encoded[0m
[38;21m[2026-08-15 15:19:02,627] INFO (message_handling): Message is valid against Schema XSD[0m
[38;21m[2026-08-15 15:19:02,628] DEBUG (tcp_server): Encoded EXI message: 8040 0040 (tcp_server.py:134)[0m
[38;21m[2026-08-15 15:19:02,643] INFO (tcp_server): Received request from ('fd00:edf::1', 44958, 0, 0).[0m
[38;21m[2026-08-15 15:19:02,643] INFO (message_handling): Message is valid.[0m
[38;21m[2026-08-15 15:19:02,643] DEBUG (tcp_server): Received EXI msg to be decoded: 808C0400000000000000000E6 8682D40620422AB21A1981880 (tcp_server.py:84)[0m
[38;21m[2026-08-15 15:19:02,643] INFO (tcp_server): Payload type: 0x8002[0m
[38;21m[2026-08-15 15:19:02,643] INFO (message_handling): Common message to be decoded[0m
[38;21m[2026-08-15 15:19:02,644] DEBUG (tcp_server): Message successfully decoded (tcp_server.py:96)[0m
[38;21m[2026-08-15 15:19:02,644] DEBUG (tcp_server): XML message received: <?xml version="1.0" encoding="UTF-8"?><s1:SessionSetupReq xmlns:s1="urn:iso:std:iso:15118:-20:CommonMessages" xmlns:xsi="http://www.w3.org/2001/XMLSchema-instance" xmlns:xsd="http://www.w3.org/2001/XMLSchema" xmlns:s0="http://www.w3.org/2000/09/xmldsig#" xmlns:s2="urn:iso:std:iso:15118:-20:CommonTypes"><s2:Header><s2:SessionID>0000000000000000</s2:SessionID><s2:TimeStamp>1786807142</s2:TimeStamp></s2:Header><s1:EVCCID>EVCC01</s1:EVCCID></s1:SessionSetupReq> (tcp_server.py:97)[0m
[38;21m[2026-08-15 15:19:02,644] INFO (tcp_server): Received SessionSetupReq.[0m
[38;21m[2026-08-15 15:19:02,645] DEBUG (tcp_server): XML message to be sent: <?xml version="1.0" encoding="UTF-8"?>
<ns0:SessionSetupRes xmlns:ns0="urn:iso:std:iso:15118:-20:CommonMessages">
  <ns1:Header xmlns:ns1="urn:iso:std:iso:15118:-20:CommonTypes">
    <ns1:SessionID>3831303836353532</ns1:SessionID>
    <ns1:TimeStamp>1786807142</ns1:TimeStamp>
  </ns1:Header>
  <ns1:ResponseCode xmlns:ns1="urn:iso:std:iso:15118:-20:CommonTypes">OK_NewSessionEstablished</ns1:ResponseCode>
  <ns0:EVSEID>ZZ000000</ns0:EVSEID>
</ns0:SessionSetupRes>
 (tcp_server.py:124)[0m
[38;21m[2026-08-15 15:19:02,645] DEBUG (tcp_server): Encoding process start (tcp_server.py:125)[0m
[38;21m[2026-08-15 15:19:02,645] INFO (message_handling): Common message to be encoded[0m
[38;21m[2026-08-15 15:19:02,645] INFO (message_handling): Message is valid against Schema XSD[0m
[38;21m[2026-08-15 15:19:02,646] DEBUG (tcp_server): Encoded EXI message: 8090041C18981C1B1A9A990E6868 2D4062040296968C0C0C0C0C0C00 (tcp_server.py:134)[0m
[38;21m[2026-08-15 15:19:02,657] INFO (tcp_server): Received request from ('fd00:edf::1', 44958, 0, 0).[0m
[38;21m[2026-08-15 15:19:02,657] INFO (message_handling): Message is valid.[0m
[38;21m[2026-08-15 15:19:02,657] DEBUG (tcp_server): Received EXI msg to be decoded: 80080400000000000 000000E68682D4062 (tcp_server.py:84)[0m
[38;21m[2026-08-15 15:19:02,657] INFO (tcp_server): Payload type: 0x8002[0m
[38;21m[2026-08-15 15:19:02,657] INFO (message_handling): Common message to be decoded[0m
[38;21m[2026-08-15 15:19:02,658] DEBUG (tcp_server): Message successfully decoded (tcp_server.py:96)[0m
[38;21m[2026-08-15 15:19:02,658] DEBUG (tcp_server): XML message received: <?xml version="1.0" encoding="UTF-8"?><s1:AuthorizationSetupReq xmlns:s1="urn:iso:std:iso:15118:-20:CommonMessages" xmlns:xsi="http://www.w3.org/2001/XMLSchema-instance" xmlns:xsd="http://www.w3.org/2001/XMLSchema" xmlns:s0="http://www.w3.org/2000/09/xmldsig#" xmlns:s2="urn:iso:std:iso:15118:-20:CommonTypes"><s2:Header><s2:SessionID>0000000000000000</s2:SessionID><s2:TimeStamp>1786807142</s2:TimeStamp></s2:Header></s1:AuthorizationSetupReq> (tcp_server.py:97)[0m
[38;21m[2026-08-15 15:19:02,658] INFO (tcp_server): Received AuthorizationSetupReq.[0m
[38;21m[2026-08-15 15:19:02,659] DEBUG (tcp_server): XML message to be sent: <?xml version="1.0" encoding="UTF-8"?>
<ns0:AuthorizationSetupRes xmlns:ns0="urn:iso:std:iso:15118:-20:CommonMessages">
  <ns1:Header xmlns:ns1="urn:iso:std:iso:15118:-20:CommonTypes">
    <ns1:SessionID>3831303836353532</ns1:SessionID>
    <ns1:TimeStamp>1786807142</ns1:TimeStamp>
  </ns1:Header>
  <ns1:ResponseCode xmlns:ns1="urn:iso:std:iso:15118:-20:CommonTypes">OK</ns1:ResponseCode>
  <ns0:AuthorizationServices>EIM</ns0:AuthorizationServices>
  <ns0:CertificateInstallationService>false</ns0:CertificateInstallationService>
  <ns0:EIM_ASResAuthorizationMode/>
</ns0:AuthorizationSetupRes>
 (tcp_server.py:124)[0m
[38;21m[2026-08-15 15:19:02,659] DEBUG (tcp_server): Encoding process start (tcp_server.py:125)[0m
[38;21m[2026-08-15 15:19:02,659] INFO (message_handling): Common message to be encoded[0m
[38;21m[2026-08-15 15:19:02,659] INFO (message_handling): Message is valid against Schema XSD[0m
[38;21m[2026-08-15 15:19:02,660] DEBUG (tcp_server): Encoded EXI message: 800C041C18981C1B1A9A 990E68682D4062000400 (tcp_server.py:134)[0m
[38;21m[2026-08-15 15:19:02,665] INFO (tcp_server): Received request from ('fd00:edf::1', 44958, 0, 0).[0m
[38;21m[2026-08-15 15:19:02,665] INFO (message_handling): Message is valid.[0m
[38;21m[2026-08-15 15:19:02,665] DEBUG (tcp_server): Received EXI msg to be decoded: 800004000000000000 00000E68682D406200 (tcp_server.py:84)[0m
[38;21m[2026-08-15 15:19:02,665] INFO (tcp_server): Payload type: 0x8002[0m
[38;21m[2026-08-15 15:19:02,665] INFO (message_handling): Common message to be decoded[0m
[38;21m[2026-08-15 15:19:02,666] DEBUG (tcp_server): Message successfully decoded (tcp_server.py:96)[0m
[38;21m[2026-08-15 15:19:02,666] DEBUG (tcp_server): XML message received: <?xml version="1.0" encoding="UTF-8"?><s1:AuthorizationReq xmlns:s1="urn:iso:std:iso:15118:-20:CommonMessages" xmlns:xsi="http://www.w3.org/2001/XMLSchema-instance" xmlns:xsd="http://www.w3.org/2001/XMLSchema" xmlns:s0="http://www.w3.org/2000/09/xmldsig#" xmlns:s2="urn:iso:std:iso:15118:-20:CommonTypes"><s2:Header><s2:SessionID>0000000000000000</s2:SessionID><s2:TimeStamp>1786807142</s2:TimeStamp></s2:Header><s1:SelectedAuthorizationService>EIM</s1:SelectedAuthorizationService><s1:EIM_AReqAuthorizationMode/></s1:AuthorizationReq> (tcp_server.py:97)[0m
[38;21m[2026-08-15 15:19:02,667] INFO (tcp_server): Received AuthorizationReq.[0m
[38;21m[2026-08-15 15:19:02,668] DEBUG (tcp_server): XML message to be sent: <?xml version="1.0" encoding="UTF-8"?>
<ns0:AuthorizationRes xmlns:ns0="urn:iso:std:iso:15118:-20:CommonMessages">
  <ns1:Header xmlns:ns1="urn:iso:std:iso:15118:-20:CommonTypes">
    <ns1:SessionID>3831303836353532</ns1:SessionID>
    <ns1:TimeStamp>1786807142</ns1:TimeStamp>
  </ns1:Header>
  <ns1:ResponseCode xmlns:ns1="urn:iso:std:iso:15118:-20:CommonTypes">OK</ns1:ResponseCode>
  <ns0:EVSEProcessing>Finished</ns0:EVSEProcessing>
</ns0:AuthorizationRes>
 (tcp_server.py:124)[0m
[38;21m[2026-08-15 15:19:02,668] DEBUG (tcp_server): Encoding process start (tcp_server.py:125)[0m
[38;21m[2026-08-15 15:19:02,668] INFO (message_handling): Common message to be encoded[0m
[38;21m[2026-08-15 15:19:02,668] INFO (message_handling): Message is valid against Schema XSD[0m
[38;21m[2026-08-15 15:19:02,669] DEBUG (tcp_server): Encoded EXI message: 8004041C18981C1B1A9 A990E68682D40620000 (tcp_server.py:134)[0m
[38;21m[2026-08-15 15:19:02,671] INFO (tcp_server): Received request from ('fd00:edf::1', 44958, 0, 0).[0m
[38;21m[2026-08-15 15:19:02,671] INFO (message_handling): Message is valid.[0m
[38;21m[2026-08-15 15:19:02,672] DEBUG (tcp_server): Received EXI msg to be decoded: 807C04000000000000 00000E68682D406280 (tcp_server.py:84)[0m
[38;21m[2026-08-15 15:19:02,672] INFO (tcp_server): Payload type: 0x8002[0m
[38;21m[2026-08-15 15:19:02,672] INFO (message_handling): Common message to be decoded[0m
[38;21m[2026-08-15 15:19:02,673] DEBUG (tcp_server): Message successfully decoded (tcp_server.py:96)[0m
[38;21m[2026-08-15 15:19:02,673] DEBUG (tcp_server): XML message received: <?xml version="1.0" encoding="UTF-8"?><s1:ServiceDiscoveryReq xmlns:s1="urn:iso:std:iso:15118:-20:CommonMessages" xmlns:xsi="http://www.w3.org/2001/XMLSchema-instance" xmlns:xsd="http://www.w3.org/2001/XMLSchema" xmlns:s0="http://www.w3.org/2000/09/xmldsig#" xmlns:s2="urn:iso:std:iso:15118:-20:CommonTypes"><s2:Header><s2:SessionID>0000000000000000</s2:SessionID><s2:TimeStamp>1786807142</s2:TimeStamp></s2:Header></s1:ServiceDiscoveryReq> (tcp_server.py:97)[0m
[38;21m[2026-08-15 15:19:02,673] INFO (tcp_server): Received ServiceDiscoveryReq.[0m
Fatal error: protocol.data_received() call failed.
protocol: <secc.tcp_server.TCPServerProtocol object at 0x76bc01ad0be0>
transport: <_SelectorSocketTransport fd=22 read=polling write=<idle, bufsize=0>>
Traceback (most recent call last):
  File "/usr/local/lib/python3.8/asyncio/selector_events.py", line 862, in _read_ready__data_received
    self._protocol.data_received(data)
  File "/app/secc/../secc/tcp_server.py", line 60, in data_received
    self.process_incoming_message(packet)
  File "/app/secc/../secc/tcp_server.py", line 112, in process_incoming_message
    reaction = self.session.get_state(self.session.state).process_payload(xml_object)
  File "/app/secc/../secc/states/process_service_discovery_request.py", line 31, in process_payload
    if 6 in payload.supported_service_ids.service_id:
AttributeError: 'NoneType' object has no attribute 'service_id'
[31;21m[2026-08-15 15:19:02,674] ERROR (tcp_server): 'NoneType' object has no attribute 'service_id'. (tcp_server.py:69)[0m
[38;21m[2026-08-15 15:19:10,515] INFO (tcp_server): Connection made. Starting new communication session.[0m
[38;21m[2026-08-15 15:19:10,517] INFO (tcp_server): Sent notification.[0m
[38;21m[2026-08-15 15:19:10,525] INFO (tcp_server): Received request from ('fd00:edf::1', 35606, 0, 0).[0m
[38;21m[2026-08-15 15:19:10,525] INFO (message_handling): Message is valid.[0m
[38;21m[2026-08-15 15:19:10,525] DEBUG (tcp_server): Received EXI msg to be decoded: 8000F3AB9371D34B9B79D39BA321D34B9B79D 189A98989C1D1699181D22218010000040040 (tcp_server.py:84)[0m
[38;21m[2026-08-15 15:19:10,525] INFO (tcp_server): Payload type: 0x8001[0m
[38;21m[2026-08-15 15:19:10,525] INFO (message_handling): Supported App Protocol message to be decoded[0m
[38;21m[2026-08-15 15:19:10,526] DEBUG (tcp_server): Message successfully decoded (tcp_server.py:96)[0m
[38;21m[2026-08-15 15:19:10,526] DEBUG (tcp_server): XML message received: <?xml version="1.0" encoding="UTF-8"?><s0:supportedAppProtocolReq xmlns:s0="urn:iso:15118:2:2010:AppProtocol" xmlns:xsi="http://www.w3.org/2001/XMLSchema-instance" xmlns:xsd="http://www.w3.org/2001/XMLSchema"><AppProtocol><ProtocolNamespace>urn:iso:std:iso:15118:-20:DC</ProtocolNamespace><VersionNumberMajor>1</VersionNumberMajor><VersionNumberMinor>0</VersionNumberMinor><SchemaID>1</SchemaID><Priority>1</Priority></AppProtocol></s0:supportedAppProtocolReq> (tcp_server.py:97)[0m
[38;21m[2026-08-15 15:19:10,526] INFO (tcp_server): Received SupportedAppProtocolReq.[0m
[38;21m[2026-08-15 15:19:10,527] DEBUG (tcp_server): XML message to be sent: <?xml version="1.0" encoding="UTF-8"?>
<ns0:supportedAppProtocolRes xmlns:ns0="urn:iso:15118:2:2010:AppProtocol">
  <ResponseCode>OK_SuccessfulNegotiation</ResponseCode>
  <SchemaID>1</SchemaID>
</ns0:supportedAppProtocolRes>
 (tcp_server.py:124)[0m
[38;21m[2026-08-15 15:19:10,527] DEBUG (tcp_server): Encoding process start (tcp_server.py:125)[0m
[38;21m[2026-08-15 15:19:10,527] INFO (message_handling): Supported App Protocol message to be encoded[0m
[38;21m[2026-08-15 15:19:10,527] INFO (message_handling): Message is valid against Schema XSD[0m
[38;21m[2026-08-15 15:19:10,527] DEBUG (tcp_server): Encoded EXI message: 8040 0040 (tcp_server.py:134)[0m
[38;21m[2026-08-15 15:19:10,544] INFO (tcp_server): Received request from ('fd00:edf::1', 35606, 0, 0).[0m
[38;21m[2026-08-15 15:19:10,544] INFO (message_handling): Message is valid.[0m
[38;21m[2026-08-15 15:19:10,544] DEBUG (tcp_server): Received EXI msg to be decoded: 808C0400000000000000000EE 8682D40620422AB21A1981880 (tcp_server.py:84)[0m
[38;21m[2026-08-15 15:19:10,544] INFO (tcp_server): Payload type: 0x8002[0m
[38;21m[2026-08-15 15:19:10,544] INFO (message_handling): Common message to be decoded[0m
[38;21m[2026-08-15 15:19:10,545] DEBUG (tcp_server): Message successfully decoded (tcp_server.py:96)[0m
[38;21m[2026-08-15 15:19:10,545] DEBUG (tcp_server): XML message received: <?xml version="1.0" encoding="UTF-8"?><s1:SessionSetupReq xmlns:s1="urn:iso:std:iso:15118:-20:CommonMessages" xmlns:xsi="http://www.w3.org/2001/XMLSchema-instance" xmlns:xsd="http://www.w3.org/2001/XMLSchema" xmlns:s0="http://www.w3.org/2000/09/xmldsig#" xmlns:s2="urn:iso:std:iso:15118:-20:CommonTypes"><s2:Header><s2:SessionID>0000000000000000</s2:SessionID><s2:TimeStamp>1786807150</s2:TimeStamp></s2:Header><s1:EVCCID>EVCC01</s1:EVCCID></s1:SessionSetupReq> (tcp_server.py:97)[0m
[38;21m[2026-08-15 15:19:10,546] INFO (tcp_server): Received SessionSetupReq.[0m
[38;21m[2026-08-15 15:19:10,546] DEBUG (tcp_server): XML message to be sent: <?xml version="1.0" encoding="UTF-8"?>
<ns0:SessionSetupRes xmlns:ns0="urn:iso:std:iso:15118:-20:CommonMessages">
  <ns1:Header xmlns:ns1="urn:iso:std:iso:15118:-20:CommonTypes">
    <ns1:SessionID>3736333737383430</ns1:SessionID>
    <ns1:TimeStamp>1786807150</ns1:TimeStamp>
  </ns1:Header>
  <ns1:ResponseCode xmlns:ns1="urn:iso:std:iso:15118:-20:CommonTypes">OK_NewSessionEstablished</ns1:ResponseCode>
  <ns0:EVSEID>ZZ000000</ns0:EVSEID>
</ns0:SessionSetupRes>
 (tcp_server.py:124)[0m
[38;21m[2026-08-15 15:19:10,547] DEBUG (tcp_server): Encoding process start (tcp_server.py:125)[0m
[38;21m[2026-08-15 15:19:10,547] INFO (message_handling): Common message to be encoded[0m
[38;21m[2026-08-15 15:19:10,547] INFO (message_handling): Message is valid against Schema XSD[0m
[38;21m[2026-08-15 15:19:10,548] DEBUG (tcp_server): Encoded EXI message: 8090041B9B199B9B9C1A180EE868 2D4062040296968C0C0C0C0C0C00 (tcp_server.py:134)[0m
[38;21m[2026-08-15 15:19:10,558] INFO (tcp_server): Received request from ('fd00:edf::1', 35606, 0, 0).[0m
[38;21m[2026-08-15 15:19:10,558] INFO (message_handling): Message is valid.[0m
[38;21m[2026-08-15 15:19:10,558] DEBUG (tcp_server): Received EXI msg to be decoded: 8008046F56DF77EF5 6DF778EE8682D4062 (tcp_server.py:84)[0m
[38;21m[2026-08-15 15:19:10,558] INFO (tcp_server): Payload type: 0x8002[0m
[38;21m[2026-08-15 15:19:10,558] INFO (message_handling): Common message to be decoded[0m
[38;21m[2026-08-15 15:19:10,559] DEBUG (tcp_server): Message successfully decoded (tcp_server.py:96)[0m
[38;21m[2026-08-15 15:19:10,560] DEBUG (tcp_server): XML message received: <?xml version="1.0" encoding="UTF-8"?><s1:AuthorizationSetupReq xmlns:s1="urn:iso:std:iso:15118:-20:CommonMessages" xmlns:xsi="http://www.w3.org/2001/XMLSchema-instance" xmlns:xsd="http://www.w3.org/2001/XMLSchema" xmlns:s0="http://www.w3.org/2000/09/xmldsig#" xmlns:s2="urn:iso:std:iso:15118:-20:CommonTypes"><s2:Header><s2:SessionID>DEADBEEFDEADBEEF</s2:SessionID><s2:TimeStamp>1786807150</s2:TimeStamp></s2:Header></s1:AuthorizationSetupReq> (tcp_server.py:97)[0m
[38;21m[2026-08-15 15:19:10,560] INFO (tcp_server): Received AuthorizationSetupReq.[0m
[38;21m[2026-08-15 15:19:10,561] DEBUG (tcp_server): XML message to be sent: <?xml version="1.0" encoding="UTF-8"?>
<ns0:AuthorizationSetupRes xmlns:ns0="urn:iso:std:iso:15118:-20:CommonMessages">
  <ns1:Header xmlns:ns1="urn:iso:std:iso:15118:-20:CommonTypes">
    <ns1:SessionID>3736333737383430</ns1:SessionID>
    <ns1:TimeStamp>1786807150</ns1:TimeStamp>
  </ns1:Header>
  <ns1:ResponseCode xmlns:ns1="urn:iso:std:iso:15118:-20:CommonTypes">OK</ns1:ResponseCode>
  <ns0:AuthorizationServices>EIM</ns0:AuthorizationServices>
  <ns0:CertificateInstallationService>false</ns0:CertificateInstallationService>
  <ns0:EIM_ASResAuthorizationMode/>
</ns0:AuthorizationSetupRes>
 (tcp_server.py:124)[0m
[38;21m[2026-08-15 15:19:10,561] DEBUG (tcp_server): Encoding process start (tcp_server.py:125)[0m
[38;21m[2026-08-15 15:19:10,561] INFO (message_handling): Common message to be encoded[0m
[38;21m[2026-08-15 15:19:10,561] INFO (message_handling): Message is valid against Schema XSD[0m
[38;21m[2026-08-15 15:19:10,562] DEBUG (tcp_server): Encoded EXI message: 800C041B9B199B9B9C1A 180EE8682D4062000400 (tcp_server.py:134)[0m
[38;21m[2026-08-15 15:19:10,567] INFO (tcp_server): Received request from ('fd00:edf::1', 35606, 0, 0).[0m
[38;21m[2026-08-15 15:19:10,568] INFO (message_handling): Message is valid.[0m
[38;21m[2026-08-15 15:19:10,568] DEBUG (tcp_server): Received EXI msg to be decoded: 8000046F56DF77EF56 DF778EE8682D406200 (tcp_server.py:84)[0m
[38;21m[2026-08-15 15:19:10,568] INFO (tcp_server): Payload type: 0x8002[0m
[38;21m[2026-08-15 15:19:10,568] INFO (message_handling): Common message to be decoded[0m
[38;21m[2026-08-15 15:19:10,569] DEBUG (tcp_server): Message successfully decoded (tcp_server.py:96)[0m
[38;21m[2026-08-15 15:19:10,569] DEBUG (tcp_server): XML message received: <?xml version="1.0" encoding="UTF-8"?><s1:AuthorizationReq xmlns:s1="urn:iso:std:iso:15118:-20:CommonMessages" xmlns:xsi="http://www.w3.org/2001/XMLSchema-instance" xmlns:xsd="http://www.w3.org/2001/XMLSchema" xmlns:s0="http://www.w3.org/2000/09/xmldsig#" xmlns:s2="urn:iso:std:iso:15118:-20:CommonTypes"><s2:Header><s2:SessionID>DEADBEEFDEADBEEF</s2:SessionID><s2:TimeStamp>1786807150</s2:TimeStamp></s2:Header><s1:SelectedAuthorizationService>EIM</s1:SelectedAuthorizationService><s1:EIM_AReqAuthorizationMode/></s1:AuthorizationReq> (tcp_server.py:97)[0m
[38;21m[2026-08-15 15:19:10,569] INFO (tcp_server): Received AuthorizationReq.[0m
[38;21m[2026-08-15 15:19:10,569] DEBUG (tcp_server): XML message to be sent: <?xml version="1.0" encoding="UTF-8"?>
<ns0:AuthorizationRes xmlns:ns0="urn:iso:std:iso:15118:-20:CommonMessages">
  <ns1:Header xmlns:ns1="urn:iso:std:iso:15118:-20:CommonTypes">
    <ns1:SessionID>3736333737383430</ns1:SessionID>
    <ns1:TimeStamp>1786807150</ns1:TimeStamp>
  </ns1:Header>
  <ns1:ResponseCode xmlns:ns1="urn:iso:std:iso:15118:-20:CommonTypes">OK</ns1:ResponseCode>
  <ns0:EVSEProcessing>Finished</ns0:EVSEProcessing>
</ns0:AuthorizationRes>
 (tcp_server.py:124)[0m
[38;21m[2026-08-15 15:19:10,569] DEBUG (tcp_server): Encoding process start (tcp_server.py:125)[0m
[38;21m[2026-08-15 15:19:10,570] INFO (message_handling): Common message to be encoded[0m
[38;21m[2026-08-15 15:19:10,570] INFO (message_handling): Message is valid against Schema XSD[0m
[38;21m[2026-08-15 15:19:10,570] DEBUG (tcp_server): Encoded EXI message: 8004041B9B199B9B9C1 A180EE8682D40620000 (tcp_server.py:134)[0m
[38;21m[2026-08-15 15:19:10,573] INFO (tcp_server): Received request from ('fd00:edf::1', 35606, 0, 0).[0m
[38;21m[2026-08-15 15:19:10,573] INFO (message_handling): Message is valid.[0m
[38;21m[2026-08-15 15:19:10,573] DEBUG (tcp_server): Received EXI msg to be decoded: 807C046F56DF77EF56 DF778EE8682D406280 (tcp_server.py:84)[0m
[38;21m[2026-08-15 15:19:10,573] INFO (tcp_server): Payload type: 0x8002[0m
[38;21m[2026-08-15 15:19:10,573] INFO (message_handling): Common message to be decoded[0m
[38;21m[2026-08-15 15:19:10,574] DEBUG (tcp_server): Message successfully decoded (tcp_server.py:96)[0m
[38;21m[2026-08-15 15:19:10,574] DEBUG (tcp_server): XML message received: <?xml version="1.0" encoding="UTF-8"?><s1:ServiceDiscoveryReq xmlns:s1="urn:iso:std:iso:15118:-20:CommonMessages" xmlns:xsi="http://www.w3.org/2001/XMLSchema-instance" xmlns:xsd="http://www.w3.org/2001/XMLSchema" xmlns:s0="http://www.w3.org/2000/09/xmldsig#" xmlns:s2="urn:iso:std:iso:15118:-20:CommonTypes"><s2:Header><s2:SessionID>DEADBEEFDEADBEEF</s2:SessionID><s2:TimeStamp>1786807150</s2:TimeStamp></s2:Header></s1:ServiceDiscoveryReq> (tcp_server.py:97)[0m
[38;21m[2026-08-15 15:19:10,574] INFO (tcp_server): Received ServiceDiscoveryReq.[0m
Fatal error: protocol.data_received() call failed.
protocol: <secc.tcp_server.TCPServerProtocol object at 0x76bc01a93fa0>
transport: <_SelectorSocketTransport fd=22 read=polling write=<idle, bufsize=0>>
Traceback (most recent call last):
  File "/usr/local/lib/python3.8/asyncio/selector_events.py", line 862, in _read_ready__data_received
    self._protocol.data_received(data)
  File "/app/secc/../secc/tcp_server.py", line 60, in data_received
    self.process_incoming_message(packet)
  File "/app/secc/../secc/tcp_server.py", line 112, in process_incoming_message
    reaction = self.session.get_state(self.session.state).process_payload(xml_object)
  File "/app/secc/../secc/states/process_service_discovery_request.py", line 31, in process_payload
    if 6 in payload.supported_service_ids.service_id:
AttributeError: 'NoneType' object has no attribute 'service_id'
[31;21m[2026-08-15 15:19:10,575] ERROR (tcp_server): 'NoneType' object has no attribute 'service_id'. (tcp_server.py:69)[0m
[33;21m[2026-08-15 15:19:54,765] WARNING (timer): Message timer requirement not fulfilled: over 60.00 seconds). (timer.py:99)[0m
[33;21m[2026-08-15 15:20:02,683] WARNING (timer): Message timer requirement not fulfilled: over 60.00 seconds). (timer.py:99)[0m
[33;21m[2026-08-15 15:20:10,583] WARNING (timer): Message timer requirement not fulfilled: over 60.00 seconds). (timer.py:99)[0m
[38;21m[2026-08-15 15:24:41,375] INFO (tcp_server): Connection made. Starting new communication session.[0m
[38;21m[2026-08-15 15:24:41,379] INFO (tcp_server): Sent notification.[0m
[38;21m[2026-08-15 15:24:41,384] INFO (tcp_server): Received request from ('fd00:edf::1', 55756, 0, 0).[0m
[38;21m[2026-08-15 15:24:41,384] INFO (message_handling): Message is valid.[0m
[38;21m[2026-08-15 15:24:41,384] DEBUG (tcp_server): Received EXI msg to be decoded: 8000F3AB9371D34B9B79D39BA321D34B9B79D 189A98989C1D1699181D22218010000040040 (tcp_server.py:84)[0m
[38;21m[2026-08-15 15:24:41,384] INFO (tcp_server): Payload type: 0x8001[0m
[38;21m[2026-08-15 15:24:41,384] INFO (message_handling): Supported App Protocol message to be decoded[0m
[38;21m[2026-08-15 15:24:41,385] DEBUG (tcp_server): Message successfully decoded (tcp_server.py:96)[0m
[38;21m[2026-08-15 15:24:41,385] DEBUG (tcp_server): XML message received: <?xml version="1.0" encoding="UTF-8"?><s0:supportedAppProtocolReq xmlns:s0="urn:iso:15118:2:2010:AppProtocol" xmlns:xsi="http://www.w3.org/2001/XMLSchema-instance" xmlns:xsd="http://www.w3.org/2001/XMLSchema"><AppProtocol><ProtocolNamespace>urn:iso:std:iso:15118:-20:DC</ProtocolNamespace><VersionNumberMajor>1</VersionNumberMajor><VersionNumberMinor>0</VersionNumberMinor><SchemaID>1</SchemaID><Priority>1</Priority></AppProtocol></s0:supportedAppProtocolReq> (tcp_server.py:97)[0m
[38;21m[2026-08-15 15:24:41,386] INFO (tcp_server): Received SupportedAppProtocolReq.[0m
[38;21m[2026-08-15 15:24:41,386] DEBUG (tcp_server): XML message to be sent: <?xml version="1.0" encoding="UTF-8"?>
<ns0:supportedAppProtocolRes xmlns:ns0="urn:iso:15118:2:2010:AppProtocol">
  <ResponseCode>OK_SuccessfulNegotiation</ResponseCode>
  <SchemaID>1</SchemaID>
</ns0:supportedAppProtocolRes>
 (tcp_server.py:124)[0m
[38;21m[2026-08-15 15:24:41,386] DEBUG (tcp_server): Encoding process start (tcp_server.py:125)[0m
[38;21m[2026-08-15 15:24:41,386] INFO (message_handling): Supported App Protocol message to be encoded[0m
[38;21m[2026-08-15 15:24:41,386] INFO (message_handling): Message is valid against Schema XSD[0m
[38;21m[2026-08-15 15:24:41,387] DEBUG (tcp_server): Encoded EXI message: 8040 0040 (tcp_server.py:134)[0m
[38;21m[2026-08-15 15:24:41,405] INFO (tcp_server): Received request from ('fd00:edf::1', 55756, 0, 0).[0m
[38;21m[2026-08-15 15:24:41,406] INFO (message_handling): Message is valid.[0m
[38;21m[2026-08-15 15:24:41,406] DEBUG (tcp_server): Received EXI msg to be decoded: 808C0400000000000000000B9 8982D40620422AB21A1981880 (tcp_server.py:84)[0m
[38;21m[2026-08-15 15:24:41,406] INFO (tcp_server): Payload type: 0x8002[0m
[38;21m[2026-08-15 15:24:41,406] INFO (message_handling): Common message to be decoded[0m
[38;21m[2026-08-15 15:24:41,407] DEBUG (tcp_server): Message successfully decoded (tcp_server.py:96)[0m
[38;21m[2026-08-15 15:24:41,407] DEBUG (tcp_server): XML message received: <?xml version="1.0" encoding="UTF-8"?><s1:SessionSetupReq xmlns:s1="urn:iso:std:iso:15118:-20:CommonMessages" xmlns:xsi="http://www.w3.org/2001/XMLSchema-instance" xmlns:xsd="http://www.w3.org/2001/XMLSchema" xmlns:s0="http://www.w3.org/2000/09/xmldsig#" xmlns:s2="urn:iso:std:iso:15118:-20:CommonTypes"><s2:Header><s2:SessionID>0000000000000000</s2:SessionID><s2:TimeStamp>1786807481</s2:TimeStamp></s2:Header><s1:EVCCID>EVCC01</s1:EVCCID></s1:SessionSetupReq> (tcp_server.py:97)[0m
[38;21m[2026-08-15 15:24:41,407] INFO (tcp_server): Received SessionSetupReq.[0m
[38;21m[2026-08-15 15:24:41,408] DEBUG (tcp_server): XML message to be sent: <?xml version="1.0" encoding="UTF-8"?>
<ns0:SessionSetupRes xmlns:ns0="urn:iso:std:iso:15118:-20:CommonMessages">
  <ns1:Header xmlns:ns1="urn:iso:std:iso:15118:-20:CommonTypes">
    <ns1:SessionID>3936303639363733</ns1:SessionID>
    <ns1:TimeStamp>1786807481</ns1:TimeStamp>
  </ns1:Header>
  <ns1:ResponseCode xmlns:ns1="urn:iso:std:iso:15118:-20:CommonTypes">OK_NewSessionEstablished</ns1:ResponseCode>
  <ns0:EVSEID>ZZ000000</ns0:EVSEID>
</ns0:SessionSetupRes>
 (tcp_server.py:124)[0m
[38;21m[2026-08-15 15:24:41,408] DEBUG (tcp_server): Encoding process start (tcp_server.py:125)[0m
[38;21m[2026-08-15 15:24:41,408] INFO (message_handling): Common message to be encoded[0m
[38;21m[2026-08-15 15:24:41,408] INFO (message_handling): Message is valid against Schema XSD[0m
[38;21m[2026-08-15 15:24:41,409] DEBUG (tcp_server): Encoded EXI message: 8090041C9B181B1C9B1B998B9898 2D4062040296968C0C0C0C0C0C00 (tcp_server.py:134)[0m
[38;21m[2026-08-15 15:24:41,417] INFO (tcp_server): Received request from ('fd00:edf::1', 55756, 0, 0).[0m
[38;21m[2026-08-15 15:24:41,417] INFO (message_handling): Message is valid.[0m
[38;21m[2026-08-15 15:24:41,417] DEBUG (tcp_server): Received EXI msg to be decoded: 8008041C9B181B1C9 B1B998B98982D4062 (tcp_server.py:84)[0m
[38;21m[2026-08-15 15:24:41,417] INFO (tcp_server): Payload type: 0x8002[0m
[38;21m[2026-08-15 15:24:41,417] INFO (message_handling): Common message to be decoded[0m
[38;21m[2026-08-15 15:24:41,418] DEBUG (tcp_server): Message successfully decoded (tcp_server.py:96)[0m
[38;21m[2026-08-15 15:24:41,418] DEBUG (tcp_server): XML message received: <?xml version="1.0" encoding="UTF-8"?><s1:AuthorizationSetupReq xmlns:s1="urn:iso:std:iso:15118:-20:CommonMessages" xmlns:xsi="http://www.w3.org/2001/XMLSchema-instance" xmlns:xsd="http://www.w3.org/2001/XMLSchema" xmlns:s0="http://www.w3.org/2000/09/xmldsig#" xmlns:s2="urn:iso:std:iso:15118:-20:CommonTypes"><s2:Header><s2:SessionID>3936303639363733</s2:SessionID><s2:TimeStamp>1786807481</s2:TimeStamp></s2:Header></s1:AuthorizationSetupReq> (tcp_server.py:97)[0m
[38;21m[2026-08-15 15:24:41,418] INFO (tcp_server): Received AuthorizationSetupReq.[0m
[38;21m[2026-08-15 15:24:41,419] DEBUG (tcp_server): XML message to be sent: <?xml version="1.0" encoding="UTF-8"?>
<ns0:AuthorizationSetupRes xmlns:ns0="urn:iso:std:iso:15118:-20:CommonMessages">
  <ns1:Header xmlns:ns1="urn:iso:std:iso:15118:-20:CommonTypes">
    <ns1:SessionID>3936303639363733</ns1:SessionID>
    <ns1:TimeStamp>1786807481</ns1:TimeStamp>
  </ns1:Header>
  <ns1:ResponseCode xmlns:ns1="urn:iso:std:iso:15118:-20:CommonTypes">OK</ns1:ResponseCode>
  <ns0:AuthorizationServices>EIM</ns0:AuthorizationServices>
  <ns0:CertificateInstallationService>false</ns0:CertificateInstallationService>
  <ns0:EIM_ASResAuthorizationMode/>
</ns0:AuthorizationSetupRes>
 (tcp_server.py:124)[0m
[38;21m[2026-08-15 15:24:41,419] DEBUG (tcp_server): Encoding process start (tcp_server.py:125)[0m
[38;21m[2026-08-15 15:24:41,419] INFO (message_handling): Common message to be encoded[0m
[38;21m[2026-08-15 15:24:41,419] INFO (message_handling): Message is valid against Schema XSD[0m
[38;21m[2026-08-15 15:24:41,419] DEBUG (tcp_server): Encoded EXI message: 800C041C9B181B1C9B1B 998B98982D4062000400 (tcp_server.py:134)[0m
[38;21m[2026-08-15 15:24:41,423] INFO (tcp_server): Received request from ('fd00:edf::1', 55756, 0, 0).[0m
[38;21m[2026-08-15 15:24:41,423] INFO (message_handling): Message is valid.[0m
[38;21m[2026-08-15 15:24:41,423] DEBUG (tcp_server): Received EXI msg to be decoded: 8000041C9B181B1C9B 1B998B98982D406200 (tcp_server.py:84)[0m
[38;21m[2026-08-15 15:24:41,423] INFO (tcp_server): Payload type: 0x8002[0m
[38;21m[2026-08-15 15:24:41,424] INFO (message_handling): Common message to be decoded[0m
[38;21m[2026-08-15 15:24:41,425] DEBUG (tcp_server): Message successfully decoded (tcp_server.py:96)[0m
[38;21m[2026-08-15 15:24:41,425] DEBUG (tcp_server): XML message received: <?xml version="1.0" encoding="UTF-8"?><s1:AuthorizationReq xmlns:s1="urn:iso:std:iso:15118:-20:CommonMessages" xmlns:xsi="http://www.w3.org/2001/XMLSchema-instance" xmlns:xsd="http://www.w3.org/2001/XMLSchema" xmlns:s0="http://www.w3.org/2000/09/xmldsig#" xmlns:s2="urn:iso:std:iso:15118:-20:CommonTypes"><s2:Header><s2:SessionID>3936303639363733</s2:SessionID><s2:TimeStamp>1786807481</s2:TimeStamp></s2:Header><s1:SelectedAuthorizationService>EIM</s1:SelectedAuthorizationService><s1:EIM_AReqAuthorizationMode/></s1:AuthorizationReq> (tcp_server.py:97)[0m
[38;21m[2026-08-15 15:24:41,425] INFO (tcp_server): Received AuthorizationReq.[0m
[38;21m[2026-08-15 15:24:41,426] DEBUG (tcp_server): XML message to be sent: <?xml version="1.0" encoding="UTF-8"?>
<ns0:AuthorizationRes xmlns:ns0="urn:iso:std:iso:15118:-20:CommonMessages">
  <ns1:Header xmlns:ns1="urn:iso:std:iso:15118:-20:CommonTypes">
    <ns1:SessionID>3936303639363733</ns1:SessionID>
    <ns1:TimeStamp>1786807481</ns1:TimeStamp>
  </ns1:Header>
  <ns1:ResponseCode xmlns:ns1="urn:iso:std:iso:15118:-20:CommonTypes">OK</ns1:ResponseCode>
  <ns0:EVSEProcessing>Finished</ns0:EVSEProcessing>
</ns0:AuthorizationRes>
 (tcp_server.py:124)[0m
[38;21m[2026-08-15 15:24:41,426] DEBUG (tcp_server): Encoding process start (tcp_server.py:125)[0m
[38;21m[2026-08-15 15:24:41,426] INFO (message_handling): Common message to be encoded[0m
[38;21m[2026-08-15 15:24:41,426] INFO (message_handling): Message is valid against Schema XSD[0m
[38;21m[2026-08-15 15:24:41,427] DEBUG (tcp_server): Encoded EXI message: 8004041C9B181B1C9B1 B998B98982D40620000 (tcp_server.py:134)[0m
[38;21m[2026-08-15 15:24:41,429] INFO (tcp_server): Received request from ('fd00:edf::1', 55756, 0, 0).[0m
[38;21m[2026-08-15 15:24:41,430] INFO (message_handling): Message is valid.[0m
[38;21m[2026-08-15 15:24:41,430] DEBUG (tcp_server): Received EXI msg to be decoded: 807C041C9B181B1C9B1B9 98B98982D406200400C40 (tcp_server.py:84)[0m
[38;21m[2026-08-15 15:24:41,430] INFO (tcp_server): Payload type: 0x8002[0m
[38;21m[2026-08-15 15:24:41,430] INFO (message_handling): Common message to be decoded[0m
[38;21m[2026-08-15 15:24:41,431] DEBUG (tcp_server): Message successfully decoded (tcp_server.py:96)[0m
[38;21m[2026-08-15 15:24:41,431] DEBUG (tcp_server): XML message received: <?xml version="1.0" encoding="UTF-8"?><s1:ServiceDiscoveryReq xmlns:s1="urn:iso:std:iso:15118:-20:CommonMessages" xmlns:xsi="http://www.w3.org/2001/XMLSchema-instance" xmlns:xsd="http://www.w3.org/2001/XMLSchema" xmlns:s0="http://www.w3.org/2000/09/xmldsig#" xmlns:s2="urn:iso:std:iso:15118:-20:CommonTypes"><s2:Header><s2:SessionID>3936303639363733</s2:SessionID><s2:TimeStamp>1786807481</s2:TimeStamp></s2:Header><s1:SupportedServiceIDs><s1:ServiceID>2</s1:ServiceID><s1:ServiceID>6</s1:ServiceID></s1:SupportedServiceIDs></s1:ServiceDiscoveryReq> (tcp_server.py:97)[0m
[38;21m[2026-08-15 15:24:41,431] INFO (tcp_server): Received ServiceDiscoveryReq.[0m
[38;21m[2026-08-15 15:24:41,433] DEBUG (tcp_server): XML message to be sent: <?xml version="1.0" encoding="UTF-8"?>
<ns0:ServiceDiscoveryRes xmlns:ns0="urn:iso:std:iso:15118:-20:CommonMessages">
  <ns1:Header xmlns:ns1="urn:iso:std:iso:15118:-20:CommonTypes">
    <ns1:SessionID>3936303639363733</ns1:SessionID>
    <ns1:TimeStamp>1786807481</ns1:TimeStamp>
  </ns1:Header>
  <ns1:ResponseCode xmlns:ns1="urn:iso:std:iso:15118:-20:CommonTypes">OK</ns1:ResponseCode>
  <ns0:ServiceRenegotiationSupported>false</ns0:ServiceRenegotiationSupported>
  <ns0:EnergyTransferServiceList>
    <ns0:Service>
      <ns0:ServiceID>6</ns0:ServiceID>
      <ns0:FreeService>false</ns0:FreeService>
    </ns0:Service>
  </ns0:EnergyTransferServiceList>
</ns0:ServiceDiscoveryRes>
 (tcp_server.py:124)[0m
[38;21m[2026-08-15 15:24:41,433] DEBUG (tcp_server): Encoding process start (tcp_server.py:125)[0m
[38;21m[2026-08-15 15:24:41,433] INFO (message_handling): Common message to be encoded[0m
[38;21m[2026-08-15 15:24:41,433] INFO (message_handling): Message is valid against Schema XSD[0m
[38;21m[2026-08-15 15:24:41,433] DEBUG (tcp_server): Encoded EXI message: 8080041C9B181B1C9B1B99 8B98982D40620000060140 (tcp_server.py:134)[0m
[38;21m[2026-08-15 15:24:41,437] INFO (tcp_server): Received request from ('fd00:edf::1', 55756, 0, 0).[0m
[38;21m[2026-08-15 15:24:41,437] INFO (message_handling): Message is valid.[0m
[38;21m[2026-08-15 15:24:41,437] DEBUG (tcp_server): Received EXI msg to be decoded: 8074041C9B181B1C9B1 B998B98982D40620300 (tcp_server.py:84)[0m
[38;21m[2026-08-15 15:24:41,437] INFO (tcp_server): Payload type: 0x8002[0m
[38;21m[2026-08-15 15:24:41,437] INFO (message_handling): Common message to be decoded[0m
[38;21m[2026-08-15 15:24:41,438] DEBUG (tcp_server): Message successfully decoded (tcp_server.py:96)[0m
[38;21m[2026-08-15 15:24:41,438] DEBUG (tcp_server): XML message received: <?xml version="1.0" encoding="UTF-8"?><s1:ServiceDetailReq xmlns:s1="urn:iso:std:iso:15118:-20:CommonMessages" xmlns:xsi="http://www.w3.org/2001/XMLSchema-instance" xmlns:xsd="http://www.w3.org/2001/XMLSchema" xmlns:s0="http://www.w3.org/2000/09/xmldsig#" xmlns:s2="urn:iso:std:iso:15118:-20:CommonTypes"><s2:Header><s2:SessionID>3936303639363733</s2:SessionID><s2:TimeStamp>1786807481</s2:TimeStamp></s2:Header><s1:ServiceID>6</s1:ServiceID></s1:ServiceDetailReq> (tcp_server.py:97)[0m
[38;21m[2026-08-15 15:24:41,438] INFO (tcp_server): Received ServiceDetailReq.[0m
[38;21m[2026-08-15 15:24:41,440] DEBUG (tcp_server): XML message to be sent: <?xml version="1.0" encoding="UTF-8"?>
<ns0:ServiceDetailRes xmlns:ns0="urn:iso:std:iso:15118:-20:CommonMessages">
  <ns1:Header xmlns:ns1="urn:iso:std:iso:15118:-20:CommonTypes">
    <ns1:SessionID>3936303639363733</ns1:SessionID>
    <ns1:TimeStamp>1786807481</ns1:TimeStamp>
  </ns1:Header>
  <ns1:ResponseCode xmlns:ns1="urn:iso:std:iso:15118:-20:CommonTypes">OK</ns1:ResponseCode>
  <ns0:ServiceID>6</ns0:ServiceID>
  <ns0:ServiceParameterList>
    <ns0:ParameterSet>
      <ns0:ParameterSetID>1</ns0:ParameterSetID>
      <ns0:Parameter ns0:Name="Connector">
        <ns0:intValue>2</ns0:intValue>
      </ns0:Parameter>
      <ns0:Parameter ns0:Name="ControlMode">
        <ns0:intValue>2</ns0:intValue>
      </ns0:Parameter>
      <ns0:Parameter ns0:Name="MobilityNeedsMode">
        <ns0:intValue>2</ns0:intValue>
      </ns0:Parameter>
      <ns0:Parameter ns0:Name="Pricing">
        <ns0:intValue>0</ns0:intValue>
      </ns0:Parameter>
      <ns0:Parameter ns0:Name="BPTChannel">
        <ns0:intValue>1</ns0:intValue>
      </ns0:Parameter>
      <ns0:Parameter ns0:Name="GeneratorMode">
        <ns0:intValue>1</ns0:intValue>
      </ns0:Parameter>
    </ns0:ParameterSet>
  </ns0:ServiceParameterList>
</ns0:ServiceDetailRes>
 (tcp_server.py:124)[0m
[38;21m[2026-08-15 15:24:41,440] DEBUG (tcp_server): Encoding process start (tcp_server.py:125)[0m
[38;21m[2026-08-15 15:24:41,440] INFO (message_handling): Common message to be encoded[0m
[38;21m[2026-08-15 15:24:41,440] INFO (message_handling): Message is valid against Schema XSD[0m
[38;21m[2026-08-15 15:24:41,441] DEBUG (tcp_server): Encoded EXI message: 8078041C9B181B1C9B1B998B98982D40620001800202D0DBDB9B9958DD1BDC980400D436F6E74726F6C4D6F6465601004D35BD89A5B1 A5D1E539959591CD35BD919580400950726963696E6760000310941510DA185B9B995B180200F47656E657261746F724D6F64656008A (tcp_server.py:134)[0m
[38;21m[2026-08-15 15:24:41,445] INFO (tcp_server): Received request from ('fd00:edf::1', 55756, 0, 0).[0m
[38;21m[2026-08-15 15:24:41,445] INFO (message_handling): Message is valid.[0m
[38;21m[2026-08-15 15:24:41,445] DEBUG (tcp_server): Received EXI msg to be decoded: 8084041C9B181B1C9B1B9 98B98982D406201800880 (tcp_server.py:84)[0m
[38;21m[2026-08-15 15:24:41,445] INFO (tcp_server): Payload type: 0x8002[0m
[38;21m[2026-08-15 15:24:41,445] INFO (message_handling): Common message to be decoded[0m
[38;21m[2026-08-15 15:24:41,445] DEBUG (tcp_server): Message successfully decoded (tcp_server.py:96)[0m
[38;21m[2026-08-15 15:24:41,445] DEBUG (tcp_server): XML message received: <?xml version="1.0" encoding="UTF-8"?><s1:ServiceSelectionReq xmlns:s1="urn:iso:std:iso:15118:-20:CommonMessages" xmlns:xsi="http://www.w3.org/2001/XMLSchema-instance" xmlns:xsd="http://www.w3.org/2001/XMLSchema" xmlns:s0="http://www.w3.org/2000/09/xmldsig#" xmlns:s2="urn:iso:std:iso:15118:-20:CommonTypes"><s2:Header><s2:SessionID>3936303639363733</s2:SessionID><s2:TimeStamp>1786807481</s2:TimeStamp></s2:Header><s1:SelectedEnergyTransferService><s1:ServiceID>6</s1:ServiceID><s1:ParameterSetID>1</s1:ParameterSetID></s1:SelectedEnergyTransferService></s1:ServiceSelectionReq> (tcp_server.py:97)[0m
[38;21m[2026-08-15 15:24:41,446] INFO (tcp_server): Received ServiceSelectionReq.[0m
[38;21m[2026-08-15 15:24:41,447] DEBUG (tcp_server): XML message to be sent: <?xml version="1.0" encoding="UTF-8"?>
<ns0:ServiceSelectionRes xmlns:ns0="urn:iso:std:iso:15118:-20:CommonMessages">
  <ns1:Header xmlns:ns1="urn:iso:std:iso:15118:-20:CommonTypes">
    <ns1:SessionID>3936303639363733</ns1:SessionID>
    <ns1:TimeStamp>1786807481</ns1:TimeStamp>
  </ns1:Header>
  <ns1:ResponseCode xmlns:ns1="urn:iso:std:iso:15118:-20:CommonTypes">OK</ns1:ResponseCode>
</ns0:ServiceSelectionRes>
 (tcp_server.py:124)[0m
[38;21m[2026-08-15 15:24:41,447] DEBUG (tcp_server): Encoding process start (tcp_server.py:125)[0m
[38;21m[2026-08-15 15:24:41,447] INFO (message_handling): Common message to be encoded[0m
[38;21m[2026-08-15 15:24:41,447] INFO (message_handling): Message is valid against Schema XSD[0m
[38;21m[2026-08-15 15:24:41,447] DEBUG (tcp_server): Encoded EXI message: 8088041C9B181B1C9B1 B998B98982D40620000 (tcp_server.py:134)[0m
[38;21m[2026-08-15 15:24:41,452] INFO (tcp_server): Received request from ('fd00:edf::1', 55756, 0, 0).[0m
[38;21m[2026-08-15 15:24:41,452] INFO (message_handling): Message is valid.[0m
[38;21m[2026-08-15 15:24:41,452] DEBUG (tcp_server): Received EXI msg to be decoded: 803C041C9B181B1C9B1B998B98982D4062081088270400000200320 041000000800F403040019028040844138200000100190020800000 (tcp_server.py:84)[0m
[38;21m[2026-08-15 15:24:41,452] INFO (tcp_server): Payload type: 0x8004[0m
[38;21m[2026-08-15 15:24:41,452] INFO (message_handling): DC message to be decoded[0m
[38;21m[2026-08-15 15:24:41,453] DEBUG (tcp_server): Message successfully decoded (tcp_server.py:96)[0m
[38;21m[2026-08-15 15:24:41,453] DEBUG (tcp_server): XML message received: <?xml version="1.0" encoding="UTF-8"?><s2:DC_ChargeParameterDiscoveryReq xmlns:s2="urn:iso:std:iso:15118:-20:DC" xmlns:xsi="http://www.w3.org/2001/XMLSchema-instance" xmlns:xsd="http://www.w3.org/2001/XMLSchema" xmlns:s0="http://www.w3.org/2000/09/xmldsig#" xmlns:s1="urn:iso:std:iso:15118:-20:CommonTypes"><s1:Header><s1:SessionID>3936303639363733</s1:SessionID><s1:TimeStamp>1786807481</s1:TimeStamp></s1:Header><s2:BPT_DC_CPDReqEnergyTransferMode><s2:EVMaximumChargePower><s1:Exponent>1</s1:Exponent><s1:Value>5000</s1:Value></s2:EVMaximumChargePower><s2:EVMinimumChargePower><s1:Exponent>0</s1:Exponent><s1:Value>0</s1:Value></s2:EVMinimumChargePower><s2:EVMaximumChargeCurrent><s1:Exponent>0</s1:Exponent><s1:Value>200</s1:Value></s2:EVMaximumChargeCurrent><s2:EVMinimumChargeCurrent><s1:Exponent>0</s1:Exponent><s1:Value>0</s1:Value></s2:EVMinimumChargeCurrent><s2:EVMaximumVoltage><s1:Exponent>0</s1:Exponent><s1:Value>500</s1:Value></s2:EVMaximumVoltage><s2:EVMinimumVoltage><s1:Exponent>0</s1:Exponent><s1:Value>50</s1:Value></s2:EVMinimumVoltage><s2:TargetSOC>80</s2:TargetSOC><s2:EVMaximumDischargePower><s1:Exponent>1</s1:Exponent><s1:Value>5000</s1:Value></s2:EVMaximumDischargePower><s2:EVMinimumDischargePower><s1:Exponent>0</s1:Exponent><s1:Value>0</s1:Value></s2:EVMinimumDischargePower><s2:EVMaximumDischargeCurrent><s1:Exponent>0</s1:Exponent><s1:Value>200</s1:Value></s2:EVMaximumDischargeCurrent><s2:EVMinimumDischargeCurrent><s1:Exponent>0</s1:Exponent><s1:Value>0</s1:Value></s2:EVMinimumDischargeCurrent></s2:BPT_DC_CPDReqEnergyTransferMode></s2:DC_ChargeParameterDiscoveryReq> (tcp_server.py:97)[0m
[38;21m[2026-08-15 15:24:41,455] INFO (tcp_server): Received DcChargeParameterDiscoveryReq.[0m
[38;21m[2026-08-15 15:24:41,457] DEBUG (tcp_server): XML message to be sent: <?xml version="1.0" encoding="UTF-8"?>
<ns0:DC_ChargeParameterDiscoveryRes xmlns:ns0="urn:iso:std:iso:15118:-20:DC">
  <ns1:Header xmlns:ns1="urn:iso:std:iso:15118:-20:CommonTypes">
    <ns1:SessionID>3936303639363733</ns1:SessionID>
    <ns1:TimeStamp>1786807481</ns1:TimeStamp>
  </ns1:Header>
  <ns1:ResponseCode xmlns:ns1="urn:iso:std:iso:15118:-20:CommonTypes">OK</ns1:ResponseCode>
  <ns0:BPT_DC_CPDResEnergyTransferMode>
    <ns0:EVSEMaximumChargePower>
      <ns1:Exponent xmlns:ns1="urn:iso:std:iso:15118:-20:CommonTypes">3</ns1:Exponent>
      <ns1:Value xmlns:ns1="urn:iso:std:iso:15118:-20:CommonTypes">11</ns1:Value>
    </ns0:EVSEMaximumChargePower>
    <ns0:EVSEMinimumChargePower>
      <ns1:Exponent xmlns:ns1="urn:iso:std:iso:15118:-20:CommonTypes">0</ns1:Exponent>
      <ns1:Value xmlns:ns1="urn:iso:std:iso:15118:-20:CommonTypes">500</ns1:Value>
    </ns0:EVSEMinimumChargePower>
    <ns0:EVSEMaximumChargeCurrent>
      <ns1:Exponent xmlns:ns1="urn:iso:std:iso:15118:-20:CommonTypes">0</ns1:Exponent>
      <ns1:Value xmlns:ns1="urn:iso:std:iso:15118:-20:CommonTypes">44</ns1:Value>
    </ns0:EVSEMaximumChargeCurrent>
    <ns0:EVSEMinimumChargeCurrent>
      <ns1:Exponent xmlns:ns1="urn:iso:std:iso:15118:-20:CommonTypes">-3</ns1:Exponent>
      <ns1:Value xmlns:ns1="urn:iso:std:iso:15118:-20:CommonTypes">27500</ns1:Value>
    </ns0:EVSEMinimumChargeCurrent>
    <ns0:EVSEMaximumVoltage>
      <ns1:Exponent xmlns:ns1="urn:iso:std:iso:15118:-20:CommonTypes">2</ns1:Exponent>
      <ns1:Value xmlns:ns1="urn:iso:std:iso:15118:-20:CommonTypes">4</ns1:Value>
    </ns0:EVSEMaximumVoltage>
    <ns0:EVSEMinimumVoltage>
      <ns1:Exponent xmlns:ns1="urn:iso:std:iso:15118:-20:CommonTypes">0</ns1:Exponent>
      <ns1:Value xmlns:ns1="urn:iso:std:iso:15118:-20:CommonTypes">250</ns1:Value>
    </ns0:EVSEMinimumVoltage>
    <ns0:EVSEMaximumDischargePower>
      <ns1:Exponent xmlns:ns1="urn:iso:std:iso:15118:-20:CommonTypes">3</ns1:Exponent>
      <ns1:Value xmlns:ns1="urn:iso:std:iso:15118:-20:CommonTypes">11</ns1:Value>
    </ns0:EVSEMaximumDischargePower>
    <ns0:EVSEMinimumDischargePower>
      <ns1:Exponent xmlns:ns1="urn:iso:std:iso:15118:-20:CommonTypes">0</ns1:Exponent>
      <ns1:Value xmlns:ns1="urn:iso:std:iso:15118:-20:CommonTypes">500</ns1:Value>
    </ns0:EVSEMinimumDischargePower>
    <ns0:EVSEMaximumDischargeCurrent>
      <ns1:Exponent xmlns:ns1="urn:iso:std:iso:15118:-20:CommonTypes">0</ns1:Exponent>
      <ns1:Value xmlns:ns1="urn:iso:std:iso:15118:-20:CommonTypes">44</ns1:Value>
    </ns0:EVSEMaximumDischargeCurrent>
    <ns0:EVSEMinimumDischargeCurrent>
      <ns1:Exponent xmlns:ns1="urn:iso:std:iso:15118:-20:CommonTypes">-3</ns1:Exponent>
      <ns1:Value xmlns:ns1="urn:iso:std:iso:15118:-20:CommonTypes">27500</ns1:Value>
    </ns0:EVSEMinimumDischargeCurrent>
  </ns0:BPT_DC_CPDResEnergyTransferMode>
</ns0:DC_ChargeParameterDiscoveryRes>
 (tcp_server.py:124)[0m
[38;21m[2026-08-15 15:24:41,457] DEBUG (tcp_server): Encoding process start (tcp_server.py:125)[0m
[38;21m[2026-08-15 15:24:41,457] INFO (message_handling): DC message to be encoded[0m
[38;21m[2026-08-15 15:24:41,457] INFO (message_handling): Message is valid against Schema XSD[0m
[38;21m[2026-08-15 15:24:41,459] DEBUG (tcp_server): Encoded EXI message: 8040041C9B181B1C9B1B998B98982D40620004180582003D00C100058 07D0ECD60104100202003E80448300B04007A0182000B00FA1D9AC020 (tcp_server.py:134)[0m
[38;21m[2026-08-15 15:24:41,463] INFO (tcp_server): Received request from ('fd00:edf::1', 55756, 0, 0).[0m
[38;21m[2026-08-15 15:24:41,464] INFO (message_handling): Message is valid.[0m
[38;21m[2026-08-15 15:24:41,464] DEBUG (tcp_server): Received EXI msg to be decoded: 806C041C9B181B1C9B1B998B98982D4062 0000901C03C14020C07810607808300A20 (tcp_server.py:84)[0m
[38;21m[2026-08-15 15:24:41,464] INFO (tcp_server): Payload type: 0x8002[0m
[38;21m[2026-08-15 15:24:41,464] INFO (message_handling): Common message to be decoded[0m
[38;21m[2026-08-15 15:24:41,465] DEBUG (tcp_server): Message successfully decoded (tcp_server.py:96)[0m
[38;21m[2026-08-15 15:24:41,465] DEBUG (tcp_server): XML message received: <?xml version="1.0" encoding="UTF-8"?><s1:ScheduleExchangeReq xmlns:s1="urn:iso:std:iso:15118:-20:CommonMessages" xmlns:xsi="http://www.w3.org/2001/XMLSchema-instance" xmlns:xsd="http://www.w3.org/2001/XMLSchema" xmlns:s0="http://www.w3.org/2000/09/xmldsig#" xmlns:s2="urn:iso:std:iso:15118:-20:CommonTypes"><s2:Header><s2:SessionID>3936303639363733</s2:SessionID><s2:TimeStamp>1786807481</s2:TimeStamp></s2:Header><s1:MaximumSupportingPoints>12</s1:MaximumSupportingPoints><s1:Dynamic_SEReqControlMode><s1:DepartureTime>3600</s1:DepartureTime><s1:MinimumSOC>30</s1:MinimumSOC><s1:TargetSOC>80</s1:TargetSOC><s1:EVTargetEnergyRequest><s2:Exponent>3</s2:Exponent><s2:Value>30</s2:Value></s1:EVTargetEnergyRequest><s1:EVMaximumEnergyRequest><s2:Exponent>3</s2:Exponent><s2:Value>60</s2:Value></s1:EVMaximumEnergyRequest><s1:EVMinimumEnergyRequest><s2:Exponent>3</s2:Exponent><s2:Value>10</s2:Value></s1:EVMinimumEnergyRequest></s1:Dynamic_SEReqControlMode></s1:ScheduleExchangeReq> (tcp_server.py:97)[0m
[38;21m[2026-08-15 15:24:41,466] INFO (tcp_server): Received ScheduleExchangeReq.[0m
[38;21m[2026-08-15 15:24:41,467] DEBUG (tcp_server): XML message to be sent: <?xml version="1.0" encoding="UTF-8"?>
<ns0:ScheduleExchangeRes xmlns:ns0="urn:iso:std:iso:15118:-20:CommonMessages">
  <ns1:Header xmlns:ns1="urn:iso:std:iso:15118:-20:CommonTypes">
    <ns1:SessionID>3936303639363733</ns1:SessionID>
    <ns1:TimeStamp>1786807481</ns1:TimeStamp>
  </ns1:Header>
  <ns1:ResponseCode xmlns:ns1="urn:iso:std:iso:15118:-20:CommonTypes">OK</ns1:ResponseCode>
  <ns0:EVSEProcessing>Finished</ns0:EVSEProcessing>
  <ns0:Dynamic_SEResControlMode>
    <ns0:DepartureTime>3600</ns0:DepartureTime>
  </ns0:Dynamic_SEResControlMode>
</ns0:ScheduleExchangeRes>
 (tcp_server.py:124)[0m
[38;21m[2026-08-15 15:24:41,467] DEBUG (tcp_server): Encoding process start (tcp_server.py:125)[0m
[38;21m[2026-08-15 15:24:41,467] INFO (message_handling): Common message to be encoded[0m
[38;21m[2026-08-15 15:24:41,467] INFO (message_handling): Message is valid against Schema XSD[0m
[38;21m[2026-08-15 15:24:41,468] DEBUG (tcp_server): Encoded EXI message: 8070041C9B181B1C9B1B99 8B98982D40620002120388 (tcp_server.py:134)[0m
[38;21m[2026-08-15 15:24:41,471] INFO (tcp_server): Received request from ('fd00:edf::1', 55756, 0, 0).[0m
[38;21m[2026-08-15 15:24:41,472] INFO (message_handling): Message is valid.[0m
[38;21m[2026-08-15 15:24:41,472] DEBUG (tcp_server): Received EXI msg to be decoded: 802C041C9B181B1C9 B1B998B98982D4062 (tcp_server.py:84)[0m
[38;21m[2026-08-15 15:24:41,472] INFO (tcp_server): Payload type: 0x8004[0m
[38;21m[2026-08-15 15:24:41,472] INFO (message_handling): DC message to be decoded[0m
[38;21m[2026-08-15 15:24:41,472] DEBUG (tcp_server): Message successfully decoded (tcp_server.py:96)[0m
[38;21m[2026-08-15 15:24:41,472] DEBUG (tcp_server): XML message received: <?xml version="1.0" encoding="UTF-8"?><s2:DC_CableCheckReq xmlns:s2="urn:iso:std:iso:15118:-20:DC" xmlns:xsi="http://www.w3.org/2001/XMLSchema-instance" xmlns:xsd="http://www.w3.org/2001/XMLSchema" xmlns:s0="http://www.w3.org/2000/09/xmldsig#" xmlns:s1="urn:iso:std:iso:15118:-20:CommonTypes"><s1:Header><s1:SessionID>3936303639363733</s1:SessionID><s1:TimeStamp>1786807481</s1:TimeStamp></s1:Header></s2:DC_CableCheckReq> (tcp_server.py:97)[0m
[38;21m[2026-08-15 15:24:41,473] INFO (tcp_server): Received DcCableCheckReq.[0m
[38;21m[2026-08-15 15:24:41,473] DEBUG (tcp_server): XML message to be sent: <?xml version="1.0" encoding="UTF-8"?>
<ns0:DC_CableCheckRes xmlns:ns0="urn:iso:std:iso:15118:-20:DC">
  <ns1:Header xmlns:ns1="urn:iso:std:iso:15118:-20:CommonTypes">
    <ns1:SessionID>3936303639363733</ns1:SessionID>
    <ns1:TimeStamp>1786807481</ns1:TimeStamp>
  </ns1:Header>
  <ns1:ResponseCode xmlns:ns1="urn:iso:std:iso:15118:-20:CommonTypes">FAILED</ns1:ResponseCode>
  <ns0:EVSEProcessing>Finished</ns0:EVSEProcessing>
</ns0:DC_CableCheckRes>
 (tcp_server.py:124)[0m
[38;21m[2026-08-15 15:24:41,473] DEBUG (tcp_server): Encoding process start (tcp_server.py:125)[0m
[38;21m[2026-08-15 15:24:41,473] INFO (message_handling): DC message to be encoded[0m
[38;21m[2026-08-15 15:24:41,474] INFO (message_handling): Message is valid against Schema XSD[0m
[38;21m[2026-08-15 15:24:41,474] DEBUG (tcp_server): Encoded EXI message: 8030041C9B181B1C9B1 B998B98982D40622A00 (tcp_server.py:134)[0m
[38;21m[2026-08-15 15:24:41,475] INFO (physical_interface): 61851 state set to C.[0m
[38;21m[2026-08-15 15:24:41,523] INFO (tcp_server): Received EOF.[0m
[38;21m[2026-08-15 15:24:41,523] INFO (tcp_server): Closing connection.[0m
[33;21m[2026-08-15 15:24:42,976] WARNING (timer): Sequence timer requirement not fulfilled: over 1.50 seconds). (timer.py:84)[0m
[38;21m[2026-08-15 15:24:49,545] INFO (tcp_server): Connection made. Starting new communication session.[0m
[38;21m[2026-08-15 15:24:49,548] INFO (tcp_server): Sent notification.[0m
[38;21m[2026-08-15 15:24:49,554] INFO (tcp_server): Received request from ('fd00:edf::1', 54458, 0, 0).[0m
[38;21m[2026-08-15 15:24:49,555] INFO (message_handling): Message is valid.[0m
[38;21m[2026-08-15 15:24:49,555] DEBUG (tcp_server): Received EXI msg to be decoded: 8000F3AB9371D34B9B79D39BA321D34B9B79D 189A98989C1D1699181D22218010000040040 (tcp_server.py:84)[0m
[38;21m[2026-08-15 15:24:49,555] INFO (tcp_server): Payload type: 0x8001[0m
[38;21m[2026-08-15 15:24:49,555] INFO (message_handling): Supported App Protocol message to be decoded[0m
[38;21m[2026-08-15 15:24:49,556] DEBUG (tcp_server): Message successfully decoded (tcp_server.py:96)[0m
[38;21m[2026-08-15 15:24:49,556] DEBUG (tcp_server): XML message received: <?xml version="1.0" encoding="UTF-8"?><s0:supportedAppProtocolReq xmlns:s0="urn:iso:15118:2:2010:AppProtocol" xmlns:xsi="http://www.w3.org/2001/XMLSchema-instance" xmlns:xsd="http://www.w3.org/2001/XMLSchema"><AppProtocol><ProtocolNamespace>urn:iso:std:iso:15118:-20:DC</ProtocolNamespace><VersionNumberMajor>1</VersionNumberMajor><VersionNumberMinor>0</VersionNumberMinor><SchemaID>1</SchemaID><Priority>1</Priority></AppProtocol></s0:supportedAppProtocolReq> (tcp_server.py:97)[0m
[38;21m[2026-08-15 15:24:49,556] INFO (tcp_server): Received SupportedAppProtocolReq.[0m
[38;21m[2026-08-15 15:24:49,557] DEBUG (tcp_server): XML message to be sent: <?xml version="1.0" encoding="UTF-8"?>
<ns0:supportedAppProtocolRes xmlns:ns0="urn:iso:15118:2:2010:AppProtocol">
  <ResponseCode>OK_SuccessfulNegotiation</ResponseCode>
  <SchemaID>1</SchemaID>
</ns0:supportedAppProtocolRes>
 (tcp_server.py:124)[0m
[38;21m[2026-08-15 15:24:49,557] DEBUG (tcp_server): Encoding process start (tcp_server.py:125)[0m
[38;21m[2026-08-15 15:24:49,557] INFO (message_handling): Supported App Protocol message to be encoded[0m
[38;21m[2026-08-15 15:24:49,557] INFO (message_handling): Message is valid against Schema XSD[0m
[38;21m[2026-08-15 15:24:49,558] DEBUG (tcp_server): Encoded EXI message: 8040 0040 (tcp_server.py:134)[0m
[38;21m[2026-08-15 15:24:49,582] INFO (tcp_server): Received request from ('fd00:edf::1', 54458, 0, 0).[0m
[38;21m[2026-08-15 15:24:49,582] INFO (message_handling): Message is valid.[0m
[38;21m[2026-08-15 15:24:49,582] DEBUG (tcp_server): Received EXI msg to be decoded: 808C0400000000000000000C1 8982D40620422AB21A1981880 (tcp_server.py:84)[0m
[38;21m[2026-08-15 15:24:49,582] INFO (tcp_server): Payload type: 0x8002[0m
[38;21m[2026-08-15 15:24:49,582] INFO (message_handling): Common message to be decoded[0m
[38;21m[2026-08-15 15:24:49,583] DEBUG (tcp_server): Message successfully decoded (tcp_server.py:96)[0m
[38;21m[2026-08-15 15:24:49,583] DEBUG (tcp_server): XML message received: <?xml version="1.0" encoding="UTF-8"?><s1:SessionSetupReq xmlns:s1="urn:iso:std:iso:15118:-20:CommonMessages" xmlns:xsi="http://www.w3.org/2001/XMLSchema-instance" xmlns:xsd="http://www.w3.org/2001/XMLSchema" xmlns:s0="http://www.w3.org/2000/09/xmldsig#" xmlns:s2="urn:iso:std:iso:15118:-20:CommonTypes"><s2:Header><s2:SessionID>0000000000000000</s2:SessionID><s2:TimeStamp>1786807489</s2:TimeStamp></s2:Header><s1:EVCCID>EVCC01</s1:EVCCID></s1:SessionSetupReq> (tcp_server.py:97)[0m
[38;21m[2026-08-15 15:24:49,583] INFO (tcp_server): Received SessionSetupReq.[0m
[38;21m[2026-08-15 15:24:49,584] DEBUG (tcp_server): XML message to be sent: <?xml version="1.0" encoding="UTF-8"?>
<ns0:SessionSetupRes xmlns:ns0="urn:iso:std:iso:15118:-20:CommonMessages">
  <ns1:Header xmlns:ns1="urn:iso:std:iso:15118:-20:CommonTypes">
    <ns1:SessionID>3632333239333734</ns1:SessionID>
    <ns1:TimeStamp>1786807489</ns1:TimeStamp>
  </ns1:Header>
  <ns1:ResponseCode xmlns:ns1="urn:iso:std:iso:15118:-20:CommonTypes">OK_NewSessionEstablished</ns1:ResponseCode>
  <ns0:EVSEID>ZZ000000</ns0:EVSEID>
</ns0:SessionSetupRes>
 (tcp_server.py:124)[0m
[38;21m[2026-08-15 15:24:49,584] DEBUG (tcp_server): Encoding process start (tcp_server.py:125)[0m
[38;21m[2026-08-15 15:24:49,584] INFO (message_handling): Common message to be encoded[0m
[38;21m[2026-08-15 15:24:49,584] INFO (message_handling): Message is valid against Schema XSD[0m
[38;21m[2026-08-15 15:24:49,585] DEBUG (tcp_server): Encoded EXI message: 8090041B1919991C999B9A0C1898 2D4062040296968C0C0C0C0C0C00 (tcp_server.py:134)[0m
[38;21m[2026-08-15 15:24:49,595] INFO (tcp_server): Received request from ('fd00:edf::1', 54458, 0, 0).[0m
[38;21m[2026-08-15 15:24:49,596] INFO (message_handling): Message is valid.[0m
[38;21m[2026-08-15 15:24:49,596] DEBUG (tcp_server): Received EXI msg to be decoded: 80080400000000000 000000C18982D4062 (tcp_server.py:84)[0m
[38;21m[2026-08-15 15:24:49,596] INFO (tcp_server): Payload type: 0x8002[0m
[38;21m[2026-08-15 15:24:49,596] INFO (message_handling): Common message to be decoded[0m
[38;21m[2026-08-15 15:24:49,597] DEBUG (tcp_server): Message successfully decoded (tcp_server.py:96)[0m
[38;21m[2026-08-15 15:24:49,597] DEBUG (tcp_server): XML message received: <?xml version="1.0" encoding="UTF-8"?><s1:AuthorizationSetupReq xmlns:s1="urn:iso:std:iso:15118:-20:CommonMessages" xmlns:xsi="http://www.w3.org/2001/XMLSchema-instance" xmlns:xsd="http://www.w3.org/2001/XMLSchema" xmlns:s0="http://www.w3.org/2000/09/xmldsig#" xmlns:s2="urn:iso:std:iso:15118:-20:CommonTypes"><s2:Header><s2:SessionID>0000000000000000</s2:SessionID><s2:TimeStamp>1786807489</s2:TimeStamp></s2:Header></s1:AuthorizationSetupReq> (tcp_server.py:97)[0m
[38;21m[2026-08-15 15:24:49,597] INFO (tcp_server): Received AuthorizationSetupReq.[0m
[38;21m[2026-08-15 15:24:49,598] DEBUG (tcp_server): XML message to be sent: <?xml version="1.0" encoding="UTF-8"?>
<ns0:AuthorizationSetupRes xmlns:ns0="urn:iso:std:iso:15118:-20:CommonMessages">
  <ns1:Header xmlns:ns1="urn:iso:std:iso:15118:-20:CommonTypes">
    <ns1:SessionID>3632333239333734</ns1:SessionID>
    <ns1:TimeStamp>1786807489</ns1:TimeStamp>
  </ns1:Header>
  <ns1:ResponseCode xmlns:ns1="urn:iso:std:iso:15118:-20:CommonTypes">OK</ns1:ResponseCode>
  <ns0:AuthorizationServices>EIM</ns0:AuthorizationServices>
  <ns0:CertificateInstallationService>false</ns0:CertificateInstallationService>
  <ns0:EIM_ASResAuthorizationMode/>
</ns0:AuthorizationSetupRes>
 (tcp_server.py:124)[0m
[38;21m[2026-08-15 15:24:49,598] DEBUG (tcp_server): Encoding process start (tcp_server.py:125)[0m
[38;21m[2026-08-15 15:24:49,598] INFO (message_handling): Common message to be encoded[0m
[38;21m[2026-08-15 15:24:49,598] INFO (message_handling): Message is valid against Schema XSD[0m
[38;21m[2026-08-15 15:24:49,599] DEBUG (tcp_server): Encoded EXI message: 800C041B1919991C999B 9A0C18982D4062000400 (tcp_server.py:134)[0m
[38;21m[2026-08-15 15:24:49,603] INFO (tcp_server): Received request from ('fd00:edf::1', 54458, 0, 0).[0m
[38;21m[2026-08-15 15:24:49,603] INFO (message_handling): Message is valid.[0m
[38;21m[2026-08-15 15:24:49,603] DEBUG (tcp_server): Received EXI msg to be decoded: 800004000000000000 00000C18982D406200 (tcp_server.py:84)[0m
[38;21m[2026-08-15 15:24:49,603] INFO (tcp_server): Payload type: 0x8002[0m
[38;21m[2026-08-15 15:24:49,603] INFO (message_handling): Common message to be decoded[0m
[38;21m[2026-08-15 15:24:49,604] DEBUG (tcp_server): Message successfully decoded (tcp_server.py:96)[0m
[38;21m[2026-08-15 15:24:49,604] DEBUG (tcp_server): XML message received: <?xml version="1.0" encoding="UTF-8"?><s1:AuthorizationReq xmlns:s1="urn:iso:std:iso:15118:-20:CommonMessages" xmlns:xsi="http://www.w3.org/2001/XMLSchema-instance" xmlns:xsd="http://www.w3.org/2001/XMLSchema" xmlns:s0="http://www.w3.org/2000/09/xmldsig#" xmlns:s2="urn:iso:std:iso:15118:-20:CommonTypes"><s2:Header><s2:SessionID>0000000000000000</s2:SessionID><s2:TimeStamp>1786807489</s2:TimeStamp></s2:Header><s1:SelectedAuthorizationService>EIM</s1:SelectedAuthorizationService><s1:EIM_AReqAuthorizationMode/></s1:AuthorizationReq> (tcp_server.py:97)[0m
[38;21m[2026-08-15 15:24:49,605] INFO (tcp_server): Received AuthorizationReq.[0m
[38;21m[2026-08-15 15:24:49,605] DEBUG (tcp_server): XML message to be sent: <?xml version="1.0" encoding="UTF-8"?>
<ns0:AuthorizationRes xmlns:ns0="urn:iso:std:iso:15118:-20:CommonMessages">
  <ns1:Header xmlns:ns1="urn:iso:std:iso:15118:-20:CommonTypes">
    <ns1:SessionID>3632333239333734</ns1:SessionID>
    <ns1:TimeStamp>1786807489</ns1:TimeStamp>
  </ns1:Header>
  <ns1:ResponseCode xmlns:ns1="urn:iso:std:iso:15118:-20:CommonTypes">OK</ns1:ResponseCode>
  <ns0:EVSEProcessing>Finished</ns0:EVSEProcessing>
</ns0:AuthorizationRes>
 (tcp_server.py:124)[0m
[38;21m[2026-08-15 15:24:49,605] DEBUG (tcp_server): Encoding process start (tcp_server.py:125)[0m
[38;21m[2026-08-15 15:24:49,605] INFO (message_handling): Common message to be encoded[0m
[38;21m[2026-08-15 15:24:49,605] INFO (message_handling): Message is valid against Schema XSD[0m
[38;21m[2026-08-15 15:24:49,606] DEBUG (tcp_server): Encoded EXI message: 8004041B1919991C999 B9A0C18982D40620000 (tcp_server.py:134)[0m
[38;21m[2026-08-15 15:24:49,609] INFO (tcp_server): Received request from ('fd00:edf::1', 54458, 0, 0).[0m
[38;21m[2026-08-15 15:24:49,609] INFO (message_handling): Message is valid.[0m
[38;21m[2026-08-15 15:24:49,609] DEBUG (tcp_server): Received EXI msg to be decoded: 807C04000000000000000 00C18982D406200400C40 (tcp_server.py:84)[0m
[38;21m[2026-08-15 15:24:49,609] INFO (tcp_server): Payload type: 0x8002[0m
[38;21m[2026-08-15 15:24:49,609] INFO (message_handling): Common message to be decoded[0m
[38;21m[2026-08-15 15:24:49,610] DEBUG (tcp_server): Message successfully decoded (tcp_server.py:96)[0m
[38;21m[2026-08-15 15:24:49,610] DEBUG (tcp_server): XML message received: <?xml version="1.0" encoding="UTF-8"?><s1:ServiceDiscoveryReq xmlns:s1="urn:iso:std:iso:15118:-20:CommonMessages" xmlns:xsi="http://www.w3.org/2001/XMLSchema-instance" xmlns:xsd="http://www.w3.org/2001/XMLSchema" xmlns:s0="http://www.w3.org/2000/09/xmldsig#" xmlns:s2="urn:iso:std:iso:15118:-20:CommonTypes"><s2:Header><s2:SessionID>0000000000000000</s2:SessionID><s2:TimeStamp>1786807489</s2:TimeStamp></s2:Header><s1:SupportedServiceIDs><s1:ServiceID>2</s1:ServiceID><s1:ServiceID>6</s1:ServiceID></s1:SupportedServiceIDs></s1:ServiceDiscoveryReq> (tcp_server.py:97)[0m
[38;21m[2026-08-15 15:24:49,611] INFO (tcp_server): Received ServiceDiscoveryReq.[0m
[38;21m[2026-08-15 15:24:49,611] DEBUG (tcp_server): XML message to be sent: <?xml version="1.0" encoding="UTF-8"?>
<ns0:ServiceDiscoveryRes xmlns:ns0="urn:iso:std:iso:15118:-20:CommonMessages">
  <ns1:Header xmlns:ns1="urn:iso:std:iso:15118:-20:CommonTypes">
    <ns1:SessionID>3632333239333734</ns1:SessionID>
    <ns1:TimeStamp>1786807489</ns1:TimeStamp>
  </ns1:Header>
  <ns1:ResponseCode xmlns:ns1="urn:iso:std:iso:15118:-20:CommonTypes">OK</ns1:ResponseCode>
  <ns0:ServiceRenegotiationSupported>false</ns0:ServiceRenegotiationSupported>
  <ns0:EnergyTransferServiceList>
    <ns0:Service>
      <ns0:ServiceID>6</ns0:ServiceID>
      <ns0:FreeService>false</ns0:FreeService>
    </ns0:Service>
  </ns0:EnergyTransferServiceList>
</ns0:ServiceDiscoveryRes>
 (tcp_server.py:124)[0m
[38;21m[2026-08-15 15:24:49,611] DEBUG (tcp_server): Encoding process start (tcp_server.py:125)[0m
[38;21m[2026-08-15 15:24:49,612] INFO (message_handling): Common message to be encoded[0m
[38;21m[2026-08-15 15:24:49,612] INFO (message_handling): Message is valid against Schema XSD[0m
[38;21m[2026-08-15 15:24:49,613] DEBUG (tcp_server): Encoded EXI message: 8080041B1919991C999B9A 0C18982D40620000060140 (tcp_server.py:134)[0m
[38;21m[2026-08-15 15:24:49,617] INFO (tcp_server): Received request from ('fd00:edf::1', 54458, 0, 0).[0m
[38;21m[2026-08-15 15:24:49,617] INFO (message_handling): Message is valid.[0m
[38;21m[2026-08-15 15:24:49,617] DEBUG (tcp_server): Received EXI msg to be decoded: 8074040000000000000 0000C18982D40620300 (tcp_server.py:84)[0m
[38;21m[2026-08-15 15:24:49,617] INFO (tcp_server): Payload type: 0x8002[0m
[38;21m[2026-08-15 15:24:49,617] INFO (message_handling): Common message to be decoded[0m
[38;21m[2026-08-15 15:24:49,618] DEBUG (tcp_server): Message successfully decoded (tcp_server.py:96)[0m
[38;21m[2026-08-15 15:24:49,618] DEBUG (tcp_server): XML message received: <?xml version="1.0" encoding="UTF-8"?><s1:ServiceDetailReq xmlns:s1="urn:iso:std:iso:15118:-20:CommonMessages" xmlns:xsi="http://www.w3.org/2001/XMLSchema-instance" xmlns:xsd="http://www.w3.org/2001/XMLSchema" xmlns:s0="http://www.w3.org/2000/09/xmldsig#" xmlns:s2="urn:iso:std:iso:15118:-20:CommonTypes"><s2:Header><s2:SessionID>0000000000000000</s2:SessionID><s2:TimeStamp>1786807489</s2:TimeStamp></s2:Header><s1:ServiceID>6</s1:ServiceID></s1:ServiceDetailReq> (tcp_server.py:97)[0m
[38;21m[2026-08-15 15:24:49,619] INFO (tcp_server): Received ServiceDetailReq.[0m
[38;21m[2026-08-15 15:24:49,620] DEBUG (tcp_server): XML message to be sent: <?xml version="1.0" encoding="UTF-8"?>
<ns0:ServiceDetailRes xmlns:ns0="urn:iso:std:iso:15118:-20:CommonMessages">
  <ns1:Header xmlns:ns1="urn:iso:std:iso:15118:-20:CommonTypes">
    <ns1:SessionID>3632333239333734</ns1:SessionID>
    <ns1:TimeStamp>1786807489</ns1:TimeStamp>
  </ns1:Header>
  <ns1:ResponseCode xmlns:ns1="urn:iso:std:iso:15118:-20:CommonTypes">OK</ns1:ResponseCode>
  <ns0:ServiceID>6</ns0:ServiceID>
  <ns0:ServiceParameterList>
    <ns0:ParameterSet>
      <ns0:ParameterSetID>1</ns0:ParameterSetID>
      <ns0:Parameter ns0:Name="Connector">
        <ns0:intValue>2</ns0:intValue>
      </ns0:Parameter>
      <ns0:Parameter ns0:Name="ControlMode">
        <ns0:intValue>2</ns0:intValue>
      </ns0:Parameter>
      <ns0:Parameter ns0:Name="MobilityNeedsMode">
        <ns0:intValue>2</ns0:intValue>
      </ns0:Parameter>
      <ns0:Parameter ns0:Name="Pricing">
        <ns0:intValue>0</ns0:intValue>
      </ns0:Parameter>
      <ns0:Parameter ns0:Name="BPTChannel">
        <ns0:intValue>1</ns0:intValue>
      </ns0:Parameter>
      <ns0:Parameter ns0:Name="GeneratorMode">
        <ns0:intValue>1</ns0:intValue>
      </ns0:Parameter>
    </ns0:ParameterSet>
  </ns0:ServiceParameterList>
</ns0:ServiceDetailRes>
 (tcp_server.py:124)[0m
[38;21m[2026-08-15 15:24:49,620] DEBUG (tcp_server): Encoding process start (tcp_server.py:125)[0m
[38;21m[2026-08-15 15:24:49,620] INFO (message_handling): Common message to be encoded[0m
[38;21m[2026-08-15 15:24:49,620] INFO (message_handling): Message is valid against Schema XSD[0m
[38;21m[2026-08-15 15:24:49,621] DEBUG (tcp_server): Encoded EXI message: 8078041B1919991C999B9A0C18982D40620001800202D0DBDB9B9958DD1BDC980400D436F6E74726F6C4D6F6465601004D35BD89A5B1 A5D1E539959591CD35BD919580400950726963696E6760000310941510DA185B9B995B180200F47656E657261746F724D6F64656008A (tcp_server.py:134)[0m
[38;21m[2026-08-15 15:24:49,626] INFO (tcp_server): Received request from ('fd00:edf::1', 54458, 0, 0).[0m
[38;21m[2026-08-15 15:24:49,626] INFO (message_handling): Message is valid.[0m
[38;21m[2026-08-15 15:24:49,626] DEBUG (tcp_server): Received EXI msg to be decoded: 808404000000000000000 00C18982D406201800880 (tcp_server.py:84)[0m
[38;21m[2026-08-15 15:24:49,626] INFO (tcp_server): Payload type: 0x8002[0m
[38;21m[2026-08-15 15:24:49,626] INFO (message_handling): Common message to be decoded[0m
[38;21m[2026-08-15 15:24:49,627] DEBUG (tcp_server): Message successfully decoded (tcp_server.py:96)[0m
[38;21m[2026-08-15 15:24:49,627] DEBUG (tcp_server): XML message received: <?xml version="1.0" encoding="UTF-8"?><s1:ServiceSelectionReq xmlns:s1="urn:iso:std:iso:15118:-20:CommonMessages" xmlns:xsi="http://www.w3.org/2001/XMLSchema-instance" xmlns:xsd="http://www.w3.org/2001/XMLSchema" xmlns:s0="http://www.w3.org/2000/09/xmldsig#" xmlns:s2="urn:iso:std:iso:15118:-20:CommonTypes"><s2:Header><s2:SessionID>0000000000000000</s2:SessionID><s2:TimeStamp>1786807489</s2:TimeStamp></s2:Header><s1:SelectedEnergyTransferService><s1:ServiceID>6</s1:ServiceID><s1:ParameterSetID>1</s1:ParameterSetID></s1:SelectedEnergyTransferService></s1:ServiceSelectionReq> (tcp_server.py:97)[0m
[38;21m[2026-08-15 15:24:49,628] INFO (tcp_server): Received ServiceSelectionReq.[0m
[38;21m[2026-08-15 15:24:49,629] DEBUG (tcp_server): XML message to be sent: <?xml version="1.0" encoding="UTF-8"?>
<ns0:ServiceSelectionRes xmlns:ns0="urn:iso:std:iso:15118:-20:CommonMessages">
  <ns1:Header xmlns:ns1="urn:iso:std:iso:15118:-20:CommonTypes">
    <ns1:SessionID>3632333239333734</ns1:SessionID>
    <ns1:TimeStamp>1786807489</ns1:TimeStamp>
  </ns1:Header>
  <ns1:ResponseCode xmlns:ns1="urn:iso:std:iso:15118:-20:CommonTypes">OK</ns1:ResponseCode>
</ns0:ServiceSelectionRes>
 (tcp_server.py:124)[0m
[38;21m[2026-08-15 15:24:49,629] DEBUG (tcp_server): Encoding process start (tcp_server.py:125)[0m
[38;21m[2026-08-15 15:24:49,629] INFO (message_handling): Common message to be encoded[0m
[38;21m[2026-08-15 15:24:49,629] INFO (message_handling): Message is valid against Schema XSD[0m
[38;21m[2026-08-15 15:24:49,630] DEBUG (tcp_server): Encoded EXI message: 8088041B1919991C999 B9A0C18982D40620000 (tcp_server.py:134)[0m
[38;21m[2026-08-15 15:24:49,634] INFO (tcp_server): Received request from ('fd00:edf::1', 54458, 0, 0).[0m
[38;21m[2026-08-15 15:24:49,635] INFO (message_handling): Message is valid.[0m
[38;21m[2026-08-15 15:24:49,635] DEBUG (tcp_server): Received EXI msg to be decoded: 803C0400000000000000000C18982D4062081088270400000200320 041000000800F403040019028040844138200000100190020800000 (tcp_server.py:84)[0m
[38;21m[2026-08-15 15:24:49,635] INFO (tcp_server): Payload type: 0x8004[0m
[38;21m[2026-08-15 15:24:49,635] INFO (message_handling): DC message to be decoded[0m
[38;21m[2026-08-15 15:24:49,636] DEBUG (tcp_server): Message successfully decoded (tcp_server.py:96)[0m
[38;21m[2026-08-15 15:24:49,636] DEBUG (tcp_server): XML message received: <?xml version="1.0" encoding="UTF-8"?><s2:DC_ChargeParameterDiscoveryReq xmlns:s2="urn:iso:std:iso:15118:-20:DC" xmlns:xsi="http://www.w3.org/2001/XMLSchema-instance" xmlns:xsd="http://www.w3.org/2001/XMLSchema" xmlns:s0="http://www.w3.org/2000/09/xmldsig#" xmlns:s1="urn:iso:std:iso:15118:-20:CommonTypes"><s1:Header><s1:SessionID>0000000000000000</s1:SessionID><s1:TimeStamp>1786807489</s1:TimeStamp></s1:Header><s2:BPT_DC_CPDReqEnergyTransferMode><s2:EVMaximumChargePower><s1:Exponent>1</s1:Exponent><s1:Value>5000</s1:Value></s2:EVMaximumChargePower><s2:EVMinimumChargePower><s1:Exponent>0</s1:Exponent><s1:Value>0</s1:Value></s2:EVMinimumChargePower><s2:EVMaximumChargeCurrent><s1:Exponent>0</s1:Exponent><s1:Value>200</s1:Value></s2:EVMaximumChargeCurrent><s2:EVMinimumChargeCurrent><s1:Exponent>0</s1:Exponent><s1:Value>0</s1:Value></s2:EVMinimumChargeCurrent><s2:EVMaximumVoltage><s1:Exponent>0</s1:Exponent><s1:Value>500</s1:Value></s2:EVMaximumVoltage><s2:EVMinimumVoltage><s1:Exponent>0</s1:Exponent><s1:Value>50</s1:Value></s2:EVMinimumVoltage><s2:TargetSOC>80</s2:TargetSOC><s2:EVMaximumDischargePower><s1:Exponent>1</s1:Exponent><s1:Value>5000</s1:Value></s2:EVMaximumDischargePower><s2:EVMinimumDischargePower><s1:Exponent>0</s1:Exponent><s1:Value>0</s1:Value></s2:EVMinimumDischargePower><s2:EVMaximumDischargeCurrent><s1:Exponent>0</s1:Exponent><s1:Value>200</s1:Value></s2:EVMaximumDischargeCurrent><s2:EVMinimumDischargeCurrent><s1:Exponent>0</s1:Exponent><s1:Value>0</s1:Value></s2:EVMinimumDischargeCurrent></s2:BPT_DC_CPDReqEnergyTransferMode></s2:DC_ChargeParameterDiscoveryReq> (tcp_server.py:97)[0m
[38;21m[2026-08-15 15:24:49,638] INFO (tcp_server): Received DcChargeParameterDiscoveryReq.[0m
[38;21m[2026-08-15 15:24:49,640] DEBUG (tcp_server): XML message to be sent: <?xml version="1.0" encoding="UTF-8"?>
<ns0:DC_ChargeParameterDiscoveryRes xmlns:ns0="urn:iso:std:iso:15118:-20:DC">
  <ns1:Header xmlns:ns1="urn:iso:std:iso:15118:-20:CommonTypes">
    <ns1:SessionID>3632333239333734</ns1:SessionID>
    <ns1:TimeStamp>1786807489</ns1:TimeStamp>
  </ns1:Header>
  <ns1:ResponseCode xmlns:ns1="urn:iso:std:iso:15118:-20:CommonTypes">OK</ns1:ResponseCode>
  <ns0:BPT_DC_CPDResEnergyTransferMode>
    <ns0:EVSEMaximumChargePower>
      <ns1:Exponent xmlns:ns1="urn:iso:std:iso:15118:-20:CommonTypes">3</ns1:Exponent>
      <ns1:Value xmlns:ns1="urn:iso:std:iso:15118:-20:CommonTypes">11</ns1:Value>
    </ns0:EVSEMaximumChargePower>
    <ns0:EVSEMinimumChargePower>
      <ns1:Exponent xmlns:ns1="urn:iso:std:iso:15118:-20:CommonTypes">0</ns1:Exponent>
      <ns1:Value xmlns:ns1="urn:iso:std:iso:15118:-20:CommonTypes">500</ns1:Value>
    </ns0:EVSEMinimumChargePower>
    <ns0:EVSEMaximumChargeCurrent>
      <ns1:Exponent xmlns:ns1="urn:iso:std:iso:15118:-20:CommonTypes">0</ns1:Exponent>
      <ns1:Value xmlns:ns1="urn:iso:std:iso:15118:-20:CommonTypes">44</ns1:Value>
    </ns0:EVSEMaximumChargeCurrent>
    <ns0:EVSEMinimumChargeCurrent>
      <ns1:Exponent xmlns:ns1="urn:iso:std:iso:15118:-20:CommonTypes">-3</ns1:Exponent>
      <ns1:Value xmlns:ns1="urn:iso:std:iso:15118:-20:CommonTypes">27500</ns1:Value>
    </ns0:EVSEMinimumChargeCurrent>
    <ns0:EVSEMaximumVoltage>
      <ns1:Exponent xmlns:ns1="urn:iso:std:iso:15118:-20:CommonTypes">2</ns1:Exponent>
      <ns1:Value xmlns:ns1="urn:iso:std:iso:15118:-20:CommonTypes">4</ns1:Value>
    </ns0:EVSEMaximumVoltage>
    <ns0:EVSEMinimumVoltage>
      <ns1:Exponent xmlns:ns1="urn:iso:std:iso:15118:-20:CommonTypes">0</ns1:Exponent>
      <ns1:Value xmlns:ns1="urn:iso:std:iso:15118:-20:CommonTypes">250</ns1:Value>
    </ns0:EVSEMinimumVoltage>
    <ns0:EVSEMaximumDischargePower>
      <ns1:Exponent xmlns:ns1="urn:iso:std:iso:15118:-20:CommonTypes">3</ns1:Exponent>
      <ns1:Value xmlns:ns1="urn:iso:std:iso:15118:-20:CommonTypes">11</ns1:Value>
    </ns0:EVSEMaximumDischargePower>
    <ns0:EVSEMinimumDischargePower>
      <ns1:Exponent xmlns:ns1="urn:iso:std:iso:15118:-20:CommonTypes">0</ns1:Exponent>
      <ns1:Value xmlns:ns1="urn:iso:std:iso:15118:-20:CommonTypes">500</ns1:Value>
    </ns0:EVSEMinimumDischargePower>
    <ns0:EVSEMaximumDischargeCurrent>
      <ns1:Exponent xmlns:ns1="urn:iso:std:iso:15118:-20:CommonTypes">0</ns1:Exponent>
      <ns1:Value xmlns:ns1="urn:iso:std:iso:15118:-20:CommonTypes">44</ns1:Value>
    </ns0:EVSEMaximumDischargeCurrent>
    <ns0:EVSEMinimumDischargeCurrent>
      <ns1:Exponent xmlns:ns1="urn:iso:std:iso:15118:-20:CommonTypes">-3</ns1:Exponent>
      <ns1:Value xmlns:ns1="urn:iso:std:iso:15118:-20:CommonTypes">27500</ns1:Value>
    </ns0:EVSEMinimumDischargeCurrent>
  </ns0:BPT_DC_CPDResEnergyTransferMode>
</ns0:DC_ChargeParameterDiscoveryRes>
 (tcp_server.py:124)[0m
[38;21m[2026-08-15 15:24:49,640] DEBUG (tcp_server): Encoding process start (tcp_server.py:125)[0m
[38;21m[2026-08-15 15:24:49,640] INFO (message_handling): DC message to be encoded[0m
[38;21m[2026-08-15 15:24:49,640] INFO (message_handling): Message is valid against Schema XSD[0m
[38;21m[2026-08-15 15:24:49,642] DEBUG (tcp_server): Encoded EXI message: 8040041B1919991C999B9A0C18982D40620004180582003D00C100058 07D0ECD60104100202003E80448300B04007A0182000B00FA1D9AC020 (tcp_server.py:134)[0m
[38;21m[2026-08-15 15:24:49,648] INFO (tcp_server): Received request from ('fd00:edf::1', 54458, 0, 0).[0m
[38;21m[2026-08-15 15:24:49,648] INFO (message_handling): Message is valid.[0m
[38;21m[2026-08-15 15:24:49,648] DEBUG (tcp_server): Received EXI msg to be decoded: 806C0400000000000000000C18982D4062 0000901C03C14020C07810607808300A20 (tcp_server.py:84)[0m
[38;21m[2026-08-15 15:24:49,648] INFO (tcp_server): Payload type: 0x8002[0m
[38;21m[2026-08-15 15:24:49,648] INFO (message_handling): Common message to be decoded[0m
[38;21m[2026-08-15 15:24:49,649] DEBUG (tcp_server): Message successfully decoded (tcp_server.py:96)[0m
[38;21m[2026-08-15 15:24:49,649] DEBUG (tcp_server): XML message received: <?xml version="1.0" encoding="UTF-8"?><s1:ScheduleExchangeReq xmlns:s1="urn:iso:std:iso:15118:-20:CommonMessages" xmlns:xsi="http://www.w3.org/2001/XMLSchema-instance" xmlns:xsd="http://www.w3.org/2001/XMLSchema" xmlns:s0="http://www.w3.org/2000/09/xmldsig#" xmlns:s2="urn:iso:std:iso:15118:-20:CommonTypes"><s2:Header><s2:SessionID>0000000000000000</s2:SessionID><s2:TimeStamp>1786807489</s2:TimeStamp></s2:Header><s1:MaximumSupportingPoints>12</s1:MaximumSupportingPoints><s1:Dynamic_SEReqControlMode><s1:DepartureTime>3600</s1:DepartureTime><s1:MinimumSOC>30</s1:MinimumSOC><s1:TargetSOC>80</s1:TargetSOC><s1:EVTargetEnergyRequest><s2:Exponent>3</s2:Exponent><s2:Value>30</s2:Value></s1:EVTargetEnergyRequest><s1:EVMaximumEnergyRequest><s2:Exponent>3</s2:Exponent><s2:Value>60</s2:Value></s1:EVMaximumEnergyRequest><s1:EVMinimumEnergyRequest><s2:Exponent>3</s2:Exponent><s2:Value>10</s2:Value></s1:EVMinimumEnergyRequest></s1:Dynamic_SEReqControlMode></s1:ScheduleExchangeReq> (tcp_server.py:97)[0m
[38;21m[2026-08-15 15:24:49,650] INFO (tcp_server): Received ScheduleExchangeReq.[0m
[38;21m[2026-08-15 15:24:49,651] DEBUG (tcp_server): XML message to be sent: <?xml version="1.0" encoding="UTF-8"?>
<ns0:ScheduleExchangeRes xmlns:ns0="urn:iso:std:iso:15118:-20:CommonMessages">
  <ns1:Header xmlns:ns1="urn:iso:std:iso:15118:-20:CommonTypes">
    <ns1:SessionID>3632333239333734</ns1:SessionID>
    <ns1:TimeStamp>1786807489</ns1:TimeStamp>
  </ns1:Header>
  <ns1:ResponseCode xmlns:ns1="urn:iso:std:iso:15118:-20:CommonTypes">OK</ns1:ResponseCode>
  <ns0:EVSEProcessing>Finished</ns0:EVSEProcessing>
  <ns0:Dynamic_SEResControlMode>
    <ns0:DepartureTime>3600</ns0:DepartureTime>
  </ns0:Dynamic_SEResControlMode>
</ns0:ScheduleExchangeRes>
 (tcp_server.py:124)[0m
[38;21m[2026-08-15 15:24:49,651] DEBUG (tcp_server): Encoding process start (tcp_server.py:125)[0m
[38;21m[2026-08-15 15:24:49,651] INFO (message_handling): Common message to be encoded[0m
[38;21m[2026-08-15 15:24:49,651] INFO (message_handling): Message is valid against Schema XSD[0m
[38;21m[2026-08-15 15:24:49,652] DEBUG (tcp_server): Encoded EXI message: 8070041B1919991C999B9A 0C18982D40620002120388 (tcp_server.py:134)[0m
[38;21m[2026-08-15 15:24:49,656] INFO (tcp_server): Received request from ('fd00:edf::1', 54458, 0, 0).[0m
[38;21m[2026-08-15 15:24:49,657] INFO (message_handling): Message is valid.[0m
[38;21m[2026-08-15 15:24:49,657] DEBUG (tcp_server): Received EXI msg to be decoded: 802C0400000000000 000000C18982D4062 (tcp_server.py:84)[0m
[38;21m[2026-08-15 15:24:49,657] INFO (tcp_server): Payload type: 0x8004[0m
[38;21m[2026-08-15 15:24:49,657] INFO (message_handling): DC message to be decoded[0m
[38;21m[2026-08-15 15:24:49,658] DEBUG (tcp_server): Message successfully decoded (tcp_server.py:96)[0m
[38;21m[2026-08-15 15:24:49,658] DEBUG (tcp_server): XML message received: <?xml version="1.0" encoding="UTF-8"?><s2:DC_CableCheckReq xmlns:s2="urn:iso:std:iso:15118:-20:DC" xmlns:xsi="http://www.w3.org/2001/XMLSchema-instance" xmlns:xsd="http://www.w3.org/2001/XMLSchema" xmlns:s0="http://www.w3.org/2000/09/xmldsig#" xmlns:s1="urn:iso:std:iso:15118:-20:CommonTypes"><s1:Header><s1:SessionID>0000000000000000</s1:SessionID><s1:TimeStamp>1786807489</s1:TimeStamp></s1:Header></s2:DC_CableCheckReq> (tcp_server.py:97)[0m
[38;21m[2026-08-15 15:24:49,658] INFO (tcp_server): Received DcCableCheckReq.[0m
[38;21m[2026-08-15 15:24:49,659] DEBUG (tcp_server): XML message to be sent: <?xml version="1.0" encoding="UTF-8"?>
<ns0:DC_CableCheckRes xmlns:ns0="urn:iso:std:iso:15118:-20:DC">
  <ns1:Header xmlns:ns1="urn:iso:std:iso:15118:-20:CommonTypes">
    <ns1:SessionID>3632333239333734</ns1:SessionID>
    <ns1:TimeStamp>1786807489</ns1:TimeStamp>
  </ns1:Header>
  <ns1:ResponseCode xmlns:ns1="urn:iso:std:iso:15118:-20:CommonTypes">OK</ns1:ResponseCode>
  <ns0:EVSEProcessing>Finished</ns0:EVSEProcessing>
</ns0:DC_CableCheckRes>
 (tcp_server.py:124)[0m
[38;21m[2026-08-15 15:24:49,659] DEBUG (tcp_server): Encoding process start (tcp_server.py:125)[0m
[38;21m[2026-08-15 15:24:49,659] INFO (message_handling): DC message to be encoded[0m
[38;21m[2026-08-15 15:24:49,659] INFO (message_handling): Message is valid against Schema XSD[0m
[38;21m[2026-08-15 15:24:49,660] DEBUG (tcp_server): Encoded EXI message: 8030041B1919991C999 B9A0C18982D40620000 (tcp_server.py:134)[0m
[38;21m[2026-08-15 15:24:49,662] INFO (tcp_server): Received request from ('fd00:edf::1', 54458, 0, 0).[0m
[38;21m[2026-08-15 15:24:49,662] INFO (message_handling): Message is valid.[0m
[38;21m[2026-08-15 15:24:49,662] DEBUG (tcp_server): Received EXI msg to be decoded: 80440400000000000000000C1 8982D40620100000080090030 (tcp_server.py:84)[0m
[38;21m[2026-08-15 15:24:49,662] INFO (tcp_server): Payload type: 0x8004[0m
[38;21m[2026-08-15 15:24:49,662] INFO (message_handling): DC message to be decoded[0m
[38;21m[2026-08-15 15:24:49,662] DEBUG (tcp_server): Message successfully decoded (tcp_server.py:96)[0m
[38;21m[2026-08-15 15:24:49,662] DEBUG (tcp_server): XML message received: <?xml version="1.0" encoding="UTF-8"?><s2:DC_PreChargeReq xmlns:s2="urn:iso:std:iso:15118:-20:DC" xmlns:xsi="http://www.w3.org/2001/XMLSchema-instance" xmlns:xsd="http://www.w3.org/2001/XMLSchema" xmlns:s0="http://www.w3.org/2000/09/xmldsig#" xmlns:s1="urn:iso:std:iso:15118:-20:CommonTypes"><s1:Header><s1:SessionID>0000000000000000</s1:SessionID><s1:TimeStamp>1786807489</s1:TimeStamp></s1:Header><s2:EVProcessing>Finished</s2:EVProcessing><s2:EVPresentVoltage><s1:Exponent>0</s1:Exponent><s1:Value>0</s1:Value></s2:EVPresentVoltage><s2:EVTargetVoltage><s1:Exponent>0</s1:Exponent><s1:Value>400</s1:Value></s2:EVTargetVoltage></s2:DC_PreChargeReq> (tcp_server.py:97)[0m
[38;21m[2026-08-15 15:24:49,663] INFO (tcp_server): Received DcPreChargeReq.[0m
[38;21m[2026-08-15 15:24:49,664] DEBUG (tcp_server): XML message to be sent: <?xml version="1.0" encoding="UTF-8"?>
<ns0:DC_PreChargeRes xmlns:ns0="urn:iso:std:iso:15118:-20:DC">
  <ns1:Header xmlns:ns1="urn:iso:std:iso:15118:-20:CommonTypes">
    <ns1:SessionID>3632333239333734</ns1:SessionID>
    <ns1:TimeStamp>1786807489</ns1:TimeStamp>
  </ns1:Header>
  <ns1:ResponseCode xmlns:ns1="urn:iso:std:iso:15118:-20:CommonTypes">OK</ns1:ResponseCode>
  <ns0:EVSEPresentVoltage>
    <ns1:Exponent xmlns:ns1="urn:iso:std:iso:15118:-20:CommonTypes">0</ns1:Exponent>
    <ns1:Value xmlns:ns1="urn:iso:std:iso:15118:-20:CommonTypes">400</ns1:Value>
  </ns0:EVSEPresentVoltage>
</ns0:DC_PreChargeRes>
 (tcp_server.py:124)[0m
[38;21m[2026-08-15 15:24:49,664] DEBUG (tcp_server): Encoding process start (tcp_server.py:125)[0m
[38;21m[2026-08-15 15:24:49,664] INFO (message_handling): DC message to be encoded[0m
[38;21m[2026-08-15 15:24:49,664] INFO (message_handling): Message is valid against Schema XSD[0m
[38;21m[2026-08-15 15:24:49,665] DEBUG (tcp_server): Encoded EXI message: 8048041B1919991C999B9A0 C18982D4062001001200600 (tcp_server.py:134)[0m
[38;21m[2026-08-15 15:24:49,668] INFO (tcp_server): Received request from ('fd00:edf::1', 54458, 0, 0).[0m
[38;21m[2026-08-15 15:24:49,669] INFO (message_handling): Message is valid.[0m
[38;21m[2026-08-15 15:24:49,669] DEBUG (tcp_server): Received EXI msg to be decoded: 80540400000000000000000C189 82D40620000000480E041805124 (tcp_server.py:84)[0m
[38;21m[2026-08-15 15:24:49,669] INFO (tcp_server): Payload type: 0x8002[0m
[38;21m[2026-08-15 15:24:49,669] INFO (message_handling): Common message to be decoded[0m
[38;21m[2026-08-15 15:24:49,669] DEBUG (tcp_server): Message successfully decoded (tcp_server.py:96)[0m
[38;21m[2026-08-15 15:24:49,670] DEBUG (tcp_server): XML message received: <?xml version="1.0" encoding="UTF-8"?><s1:PowerDeliveryReq xmlns:s1="urn:iso:std:iso:15118:-20:CommonMessages" xmlns:xsi="http://www.w3.org/2001/XMLSchema-instance" xmlns:xsd="http://www.w3.org/2001/XMLSchema" xmlns:s0="http://www.w3.org/2000/09/xmldsig#" xmlns:s2="urn:iso:std:iso:15118:-20:CommonTypes"><s2:Header><s2:SessionID>0000000000000000</s2:SessionID><s2:TimeStamp>1786807489</s2:TimeStamp></s2:Header><s1:EVProcessing>Finished</s1:EVProcessing><s1:ChargeProgress>Start</s1:ChargeProgress><s1:EVPowerProfile><s1:TimeAnchor>0</s1:TimeAnchor><s1:Dynamic_EVPPTControlMode/><s1:EVPowerProfileEntries><s1:EVPowerProfileEntry><s1:Duration>3600</s1:Duration><s1:Power><s2:Exponent>3</s2:Exponent><s2:Value>10</s2:Value></s1:Power></s1:EVPowerProfileEntry></s1:EVPowerProfileEntries></s1:EVPowerProfile></s1:PowerDeliveryReq> (tcp_server.py:97)[0m
[38;21m[2026-08-15 15:24:49,671] INFO (tcp_server): Received PowerDeliveryReq.[0m
[38;21m[2026-08-15 15:24:49,672] DEBUG (tcp_server): XML message to be sent: <?xml version="1.0" encoding="UTF-8"?>
<ns0:PowerDeliveryRes xmlns:ns0="urn:iso:std:iso:15118:-20:CommonMessages">
  <ns1:Header xmlns:ns1="urn:iso:std:iso:15118:-20:CommonTypes">
    <ns1:SessionID>3632333239333734</ns1:SessionID>
    <ns1:TimeStamp>1786807489</ns1:TimeStamp>
  </ns1:Header>
  <ns1:ResponseCode xmlns:ns1="urn:iso:std:iso:15118:-20:CommonTypes">OK</ns1:ResponseCode>
</ns0:PowerDeliveryRes>
 (tcp_server.py:124)[0m
[38;21m[2026-08-15 15:24:49,672] DEBUG (tcp_server): Encoding process start (tcp_server.py:125)[0m
[38;21m[2026-08-15 15:24:49,672] INFO (message_handling): Common message to be encoded[0m
[38;21m[2026-08-15 15:24:49,672] INFO (message_handling): Message is valid against Schema XSD[0m
[38;21m[2026-08-15 15:24:49,672] DEBUG (tcp_server): Encoded EXI message: 8058041B1919991C999 B9A0C18982D40620040 (tcp_server.py:134)[0m
[38;21m[2026-08-15 15:24:49,678] INFO (tcp_server): Received request from ('fd00:edf::1', 54458, 0, 0).[0m
[38;21m[2026-08-15 15:24:49,678] INFO (message_handling): Message is valid.[0m
[38;21m[2026-08-15 15:24:49,678] DEBUG (tcp_server): Received EXI msg to be decoded: 80340400000000000000000C18982D406281001200601203810603C08303C0 41805020C0C810600208007D04007A0182003200410606408300104003E900 (tcp_server.py:84)[0m
[38;21m[2026-08-15 15:24:49,678] INFO (tcp_server): Payload type: 0x8004[0m
[38;21m[2026-08-15 15:24:49,678] INFO (message_handling): DC message to be decoded[0m
[38;21m[2026-08-15 15:24:49,679] DEBUG (tcp_server): Message successfully decoded (tcp_server.py:96)[0m
[38;21m[2026-08-15 15:24:49,679] DEBUG (tcp_server): XML message received: <?xml version="1.0" encoding="UTF-8"?><s2:DC_ChargeLoopReq xmlns:s2="urn:iso:std:iso:15118:-20:DC" xmlns:xsi="http://www.w3.org/2001/XMLSchema-instance" xmlns:xsd="http://www.w3.org/2001/XMLSchema" xmlns:s0="http://www.w3.org/2000/09/xmldsig#" xmlns:s1="urn:iso:std:iso:15118:-20:CommonTypes"><s1:Header><s1:SessionID>0000000000000000</s1:SessionID><s1:TimeStamp>1786807489</s1:TimeStamp></s1:Header><s1:MeterInfoRequested>false</s1:MeterInfoRequested><s2:EVPresentVoltage><s1:Exponent>0</s1:Exponent><s1:Value>400</s1:Value></s2:EVPresentVoltage><s2:BPT_Dynamic_DC_CLReqControlMode><s1:DepartureTime>3600</s1:DepartureTime><s1:EVTargetEnergyRequest><s1:Exponent>3</s1:Exponent><s1:Value>30</s1:Value></s1:EVTargetEnergyRequest><s1:EVMaximumEnergyRequest><s1:Exponent>3</s1:Exponent><s1:Value>60</s1:Value></s1:EVMaximumEnergyRequest><s1:EVMinimumEnergyRequest><s1:Exponent>3</s1:Exponent><s1:Value>10</s1:Value></s1:EVMinimumEnergyRequest><s2:EVMaximumChargePower><s1:Exponent>3</s1:Exponent><s1:Value>50</s1:Value></s2:EVMaximumChargePower><s2:EVMinimumChargePower><s1:Exponent>3</s1:Exponent><s1:Value>1</s1:Value></s2:EVMinimumChargePower><s2:EVMaximumChargeCurrent><s1:Exponent>0</s1:Exponent><s1:Value>125</s1:Value></s2:EVMaximumChargeCurrent><s2:EVMaximumVoltage><s1:Exponent>0</s1:Exponent><s1:Value>500</s1:Value></s2:EVMaximumVoltage><s2:EVMinimumVoltage><s1:Exponent>0</s1:Exponent><s1:Value>200</s1:Value></s2:EVMinimumVoltage><s2:EVMaximumDischargePower><s1:Exponent>3</s1:Exponent><s1:Value>50</s1:Value></s2:EVMaximumDischargePower><s2:EVMinimumDischargePower><s1:Exponent>3</s1:Exponent><s1:Value>1</s1:Value></s2:EVMinimumDischargePower><s2:EVMaximumDischargeCurrent><s1:Exponent>0</s1:Exponent><s1:Value>125</s1:Value></s2:EVMaximumDischargeCurrent></s2:BPT_Dynamic_DC_CLReqControlMode></s2:DC_ChargeLoopReq> (tcp_server.py:97)[0m
Task exception was never retrieved
future: <Task finished name='Task-81' coro=<AsyncEvent.trigger() done, defined at /usr/local/lib/python3.8/site-packages/transitions/extensions/asyncio.py:166> exception=MachineError("Can't trigger event charge from state C!")>
Traceback (most recent call last):
  File "/usr/local/lib/python3.8/site-packages/transitions/extensions/asyncio.py", line 177, in trigger
    return await self.machine.process_context(func, _model)
  File "/usr/local/lib/python3.8/site-packages/transitions/extensions/asyncio.py", line 409, in process_context
    res = await self._process(func, model)
  File "/usr/local/lib/python3.8/site-packages/transitions/extensions/asyncio.py", line 443, in _process
    return await trigger()
  File "/usr/local/lib/python3.8/site-packages/transitions/extensions/asyncio.py", line 190, in _trigger
    raise MachineError(msg)
transitions.core.MachineError: "Can't trigger event charge from state C!"
[38;21m[2026-08-15 15:24:49,683] INFO (tcp_server): Received DcChargeLoopReq.[0m
[33;21m[2026-08-15 15:24:49,684] WARNING (process_dc_charge_loop_request): Voltage limit achieved! (process_dc_charge_loop_request.py:82)[0m
Fatal error: protocol.data_received() call failed.
protocol: <secc.tcp_server.TCPServerProtocol object at 0x76bc1006ba60>
transport: <_SelectorSocketTransport fd=22 read=polling write=<idle, bufsize=0>>
Traceback (most recent call last):
  File "/usr/local/lib/python3.8/asyncio/selector_events.py", line 862, in _read_ready__data_received
    self._protocol.data_received(data)
  File "/app/secc/../secc/tcp_server.py", line 60, in data_received
    self.process_incoming_message(packet)
  File "/app/secc/../secc/tcp_server.py", line 112, in process_incoming_message
    reaction = self.session.get_state(self.session.state).process_payload(xml_object)
  File "/app/secc/../secc/states/process_dc_charge_loop_request.py", line 34, in process_payload
    self.dc_bpt_charging(payload, response)
  File "/app/secc/../secc/states/process_dc_charge_loop_request.py", line 115, in dc_bpt_charging
    self.controller.data_model.update_charging_status(display_parameters.present_soc,
AttributeError: 'NoneType' object has no attribute 'present_soc'
[31;21m[2026-08-15 15:24:49,684] ERROR (tcp_server): 'NoneType' object has no attribute 'present_soc'. (tcp_server.py:69)[0m
[38;21m[2026-08-15 15:24:57,330] INFO (tcp_server): Connection made. Starting new communication session.[0m
[38;21m[2026-08-15 15:24:57,332] INFO (tcp_server): Sent notification.[0m
[38;21m[2026-08-15 15:24:57,340] INFO (tcp_server): Received request from ('fd00:edf::1', 54470, 0, 0).[0m
[38;21m[2026-08-15 15:24:57,340] INFO (message_handling): Message is valid.[0m
[38;21m[2026-08-15 15:24:57,340] DEBUG (tcp_server): Received EXI msg to be decoded: 8000F3AB9371D34B9B79D39BA321D34B9B79D 189A98989C1D1699181D22218010000040040 (tcp_server.py:84)[0m
[38;21m[2026-08-15 15:24:57,340] INFO (tcp_server): Payload type: 0x8001[0m
[38;21m[2026-08-15 15:24:57,340] INFO (message_handling): Supported App Protocol message to be decoded[0m
[38;21m[2026-08-15 15:24:57,341] DEBUG (tcp_server): Message successfully decoded (tcp_server.py:96)[0m
[38;21m[2026-08-15 15:24:57,341] DEBUG (tcp_server): XML message received: <?xml version="1.0" encoding="UTF-8"?><s0:supportedAppProtocolReq xmlns:s0="urn:iso:15118:2:2010:AppProtocol" xmlns:xsi="http://www.w3.org/2001/XMLSchema-instance" xmlns:xsd="http://www.w3.org/2001/XMLSchema"><AppProtocol><ProtocolNamespace>urn:iso:std:iso:15118:-20:DC</ProtocolNamespace><VersionNumberMajor>1</VersionNumberMajor><VersionNumberMinor>0</VersionNumberMinor><SchemaID>1</SchemaID><Priority>1</Priority></AppProtocol></s0:supportedAppProtocolReq> (tcp_server.py:97)[0m
[38;21m[2026-08-15 15:24:57,342] INFO (tcp_server): Received SupportedAppProtocolReq.[0m
[38;21m[2026-08-15 15:24:57,342] DEBUG (tcp_server): XML message to be sent: <?xml version="1.0" encoding="UTF-8"?>
<ns0:supportedAppProtocolRes xmlns:ns0="urn:iso:15118:2:2010:AppProtocol">
  <ResponseCode>OK_SuccessfulNegotiation</ResponseCode>
  <SchemaID>1</SchemaID>
</ns0:supportedAppProtocolRes>
 (tcp_server.py:124)[0m
[38;21m[2026-08-15 15:24:57,342] DEBUG (tcp_server): Encoding process start (tcp_server.py:125)[0m
[38;21m[2026-08-15 15:24:57,343] INFO (message_handling): Supported App Protocol message to be encoded[0m
[38;21m[2026-08-15 15:24:57,343] INFO (message_handling): Message is valid against Schema XSD[0m
[38;21m[2026-08-15 15:24:57,343] DEBUG (tcp_server): Encoded EXI message: 8040 0040 (tcp_server.py:134)[0m
[38;21m[2026-08-15 15:24:57,364] INFO (tcp_server): Received request from ('fd00:edf::1', 54470, 0, 0).[0m
[38;21m[2026-08-15 15:24:57,364] INFO (message_handling): Message is valid.[0m
[38;21m[2026-08-15 15:24:57,364] DEBUG (tcp_server): Received EXI msg to be decoded: 808C0400000000000000000C9 8982D40620422AB21A1981880 (tcp_server.py:84)[0m
[38;21m[2026-08-15 15:24:57,364] INFO (tcp_server): Payload type: 0x8002[0m
[38;21m[2026-08-15 15:24:57,364] INFO (message_handling): Common message to be decoded[0m
[38;21m[2026-08-15 15:24:57,365] DEBUG (tcp_server): Message successfully decoded (tcp_server.py:96)[0m
[38;21m[2026-08-15 15:24:57,365] DEBUG (tcp_server): XML message received: <?xml version="1.0" encoding="UTF-8"?><s1:SessionSetupReq xmlns:s1="urn:iso:std:iso:15118:-20:CommonMessages" xmlns:xsi="http://www.w3.org/2001/XMLSchema-instance" xmlns:xsd="http://www.w3.org/2001/XMLSchema" xmlns:s0="http://www.w3.org/2000/09/xmldsig#" xmlns:s2="urn:iso:std:iso:15118:-20:CommonTypes"><s2:Header><s2:SessionID>0000000000000000</s2:SessionID><s2:TimeStamp>1786807497</s2:TimeStamp></s2:Header><s1:EVCCID>EVCC01</s1:EVCCID></s1:SessionSetupReq> (tcp_server.py:97)[0m
[38;21m[2026-08-15 15:24:57,366] INFO (tcp_server): Received SessionSetupReq.[0m
[38;21m[2026-08-15 15:24:57,367] DEBUG (tcp_server): XML message to be sent: <?xml version="1.0" encoding="UTF-8"?>
<ns0:SessionSetupRes xmlns:ns0="urn:iso:std:iso:15118:-20:CommonMessages">
  <ns1:Header xmlns:ns1="urn:iso:std:iso:15118:-20:CommonTypes">
    <ns1:SessionID>3432363539393930</ns1:SessionID>
    <ns1:TimeStamp>1786807497</ns1:TimeStamp>
  </ns1:Header>
  <ns1:ResponseCode xmlns:ns1="urn:iso:std:iso:15118:-20:CommonTypes">OK_NewSessionEstablished</ns1:ResponseCode>
  <ns0:EVSEID>ZZ000000</ns0:EVSEID>
</ns0:SessionSetupRes>
 (tcp_server.py:124)[0m
[38;21m[2026-08-15 15:24:57,367] DEBUG (tcp_server): Encoding process start (tcp_server.py:125)[0m
[38;21m[2026-08-15 15:24:57,367] INFO (message_handling): Common message to be encoded[0m
[38;21m[2026-08-15 15:24:57,367] INFO (message_handling): Message is valid against Schema XSD[0m
[38;21m[2026-08-15 15:24:57,368] DEBUG (tcp_server): Encoded EXI message: 8090041A191B1A9C9C9C980C9898 2D4062040296968C0C0C0C0C0C00 (tcp_server.py:134)[0m
[38;21m[2026-08-15 15:24:57,376] INFO (tcp_server): Received request from ('fd00:edf::1', 54470, 0, 0).[0m
[38;21m[2026-08-15 15:24:57,377] INFO (message_handling): Message is valid.[0m
[38;21m[2026-08-15 15:24:57,377] DEBUG (tcp_server): Received EXI msg to be decoded: 8008046F56DF77EF5 6DF778C98982D4062 (tcp_server.py:84)[0m
[38;21m[2026-08-15 15:24:57,377] INFO (tcp_server): Payload type: 0x8002[0m
[38;21m[2026-08-15 15:24:57,377] INFO (message_handling): Common message to be decoded[0m
[38;21m[2026-08-15 15:24:57,377] DEBUG (tcp_server): Message successfully decoded (tcp_server.py:96)[0m
[38;21m[2026-08-15 15:24:57,377] DEBUG (tcp_server): XML message received: <?xml version="1.0" encoding="UTF-8"?><s1:AuthorizationSetupReq xmlns:s1="urn:iso:std:iso:15118:-20:CommonMessages" xmlns:xsi="http://www.w3.org/2001/XMLSchema-instance" xmlns:xsd="http://www.w3.org/2001/XMLSchema" xmlns:s0="http://www.w3.org/2000/09/xmldsig#" xmlns:s2="urn:iso:std:iso:15118:-20:CommonTypes"><s2:Header><s2:SessionID>DEADBEEFDEADBEEF</s2:SessionID><s2:TimeStamp>1786807497</s2:TimeStamp></s2:Header></s1:AuthorizationSetupReq> (tcp_server.py:97)[0m
[38;21m[2026-08-15 15:24:57,378] INFO (tcp_server): Received AuthorizationSetupReq.[0m
[38;21m[2026-08-15 15:24:57,378] DEBUG (tcp_server): XML message to be sent: <?xml version="1.0" encoding="UTF-8"?>
<ns0:AuthorizationSetupRes xmlns:ns0="urn:iso:std:iso:15118:-20:CommonMessages">
  <ns1:Header xmlns:ns1="urn:iso:std:iso:15118:-20:CommonTypes">
    <ns1:SessionID>3432363539393930</ns1:SessionID>
    <ns1:TimeStamp>1786807497</ns1:TimeStamp>
  </ns1:Header>
  <ns1:ResponseCode xmlns:ns1="urn:iso:std:iso:15118:-20:CommonTypes">OK</ns1:ResponseCode>
  <ns0:AuthorizationServices>EIM</ns0:AuthorizationServices>
  <ns0:CertificateInstallationService>false</ns0:CertificateInstallationService>
  <ns0:EIM_ASResAuthorizationMode/>
</ns0:AuthorizationSetupRes>
 (tcp_server.py:124)[0m
[38;21m[2026-08-15 15:24:57,378] DEBUG (tcp_server): Encoding process start (tcp_server.py:125)[0m
[38;21m[2026-08-15 15:24:57,378] INFO (message_handling): Common message to be encoded[0m
[38;21m[2026-08-15 15:24:57,378] INFO (message_handling): Message is valid against Schema XSD[0m
[38;21m[2026-08-15 15:24:57,379] DEBUG (tcp_server): Encoded EXI message: 800C041A191B1A9C9C9C 980C98982D4062000400 (tcp_server.py:134)[0m
[38;21m[2026-08-15 15:24:57,384] INFO (tcp_server): Received request from ('fd00:edf::1', 54470, 0, 0).[0m
[38;21m[2026-08-15 15:24:57,384] INFO (message_handling): Message is valid.[0m
[38;21m[2026-08-15 15:24:57,384] DEBUG (tcp_server): Received EXI msg to be decoded: 8000046F56DF77EF56 DF778C98982D406200 (tcp_server.py:84)[0m
[38;21m[2026-08-15 15:24:57,384] INFO (tcp_server): Payload type: 0x8002[0m
[38;21m[2026-08-15 15:24:57,384] INFO (message_handling): Common message to be decoded[0m
[38;21m[2026-08-15 15:24:57,385] DEBUG (tcp_server): Message successfully decoded (tcp_server.py:96)[0m
[38;21m[2026-08-15 15:24:57,385] DEBUG (tcp_server): XML message received: <?xml version="1.0" encoding="UTF-8"?><s1:AuthorizationReq xmlns:s1="urn:iso:std:iso:15118:-20:CommonMessages" xmlns:xsi="http://www.w3.org/2001/XMLSchema-instance" xmlns:xsd="http://www.w3.org/2001/XMLSchema" xmlns:s0="http://www.w3.org/2000/09/xmldsig#" xmlns:s2="urn:iso:std:iso:15118:-20:CommonTypes"><s2:Header><s2:SessionID>DEADBEEFDEADBEEF</s2:SessionID><s2:TimeStamp>1786807497</s2:TimeStamp></s2:Header><s1:SelectedAuthorizationService>EIM</s1:SelectedAuthorizationService><s1:EIM_AReqAuthorizationMode/></s1:AuthorizationReq> (tcp_server.py:97)[0m
[38;21m[2026-08-15 15:24:57,385] INFO (tcp_server): Received AuthorizationReq.[0m
[38;21m[2026-08-15 15:24:57,386] DEBUG (tcp_server): XML message to be sent: <?xml version="1.0" encoding="UTF-8"?>
<ns0:AuthorizationRes xmlns:ns0="urn:iso:std:iso:15118:-20:CommonMessages">
  <ns1:Header xmlns:ns1="urn:iso:std:iso:15118:-20:CommonTypes">
    <ns1:SessionID>3432363539393930</ns1:SessionID>
    <ns1:TimeStamp>1786807497</ns1:TimeStamp>
  </ns1:Header>
  <ns1:ResponseCode xmlns:ns1="urn:iso:std:iso:15118:-20:CommonTypes">OK</ns1:ResponseCode>
  <ns0:EVSEProcessing>Finished</ns0:EVSEProcessing>
</ns0:AuthorizationRes>
 (tcp_server.py:124)[0m
[38;21m[2026-08-15 15:24:57,386] DEBUG (tcp_server): Encoding process start (tcp_server.py:125)[0m
[38;21m[2026-08-15 15:24:57,386] INFO (message_handling): Common message to be encoded[0m
[38;21m[2026-08-15 15:24:57,386] INFO (message_handling): Message is valid against Schema XSD[0m
[38;21m[2026-08-15 15:24:57,386] DEBUG (tcp_server): Encoded EXI message: 8004041A191B1A9C9C9 C980C98982D40620000 (tcp_server.py:134)[0m
[38;21m[2026-08-15 15:24:57,388] INFO (tcp_server): Received request from ('fd00:edf::1', 54470, 0, 0).[0m
[38;21m[2026-08-15 15:24:57,388] INFO (message_handling): Message is valid.[0m
[38;21m[2026-08-15 15:24:57,388] DEBUG (tcp_server): Received EXI msg to be decoded: 807C046F56DF77EF56DF7 78C98982D406200400C40 (tcp_server.py:84)[0m
[38;21m[2026-08-15 15:24:57,388] INFO (tcp_server): Payload type: 0x8002[0m
[38;21m[2026-08-15 15:24:57,388] INFO (message_handling): Common message to be decoded[0m
[38;21m[2026-08-15 15:24:57,389] DEBUG (tcp_server): Message successfully decoded (tcp_server.py:96)[0m
[38;21m[2026-08-15 15:24:57,389] DEBUG (tcp_server): XML message received: <?xml version="1.0" encoding="UTF-8"?><s1:ServiceDiscoveryReq xmlns:s1="urn:iso:std:iso:15118:-20:CommonMessages" xmlns:xsi="http://www.w3.org/2001/XMLSchema-instance" xmlns:xsd="http://www.w3.org/2001/XMLSchema" xmlns:s0="http://www.w3.org/2000/09/xmldsig#" xmlns:s2="urn:iso:std:iso:15118:-20:CommonTypes"><s2:Header><s2:SessionID>DEADBEEFDEADBEEF</s2:SessionID><s2:TimeStamp>1786807497</s2:TimeStamp></s2:Header><s1:SupportedServiceIDs><s1:ServiceID>2</s1:ServiceID><s1:ServiceID>6</s1:ServiceID></s1:SupportedServiceIDs></s1:ServiceDiscoveryReq> (tcp_server.py:97)[0m
[38;21m[2026-08-15 15:24:57,389] INFO (tcp_server): Received ServiceDiscoveryReq.[0m
[38;21m[2026-08-15 15:24:57,390] DEBUG (tcp_server): XML message to be sent: <?xml version="1.0" encoding="UTF-8"?>
<ns0:ServiceDiscoveryRes xmlns:ns0="urn:iso:std:iso:15118:-20:CommonMessages">
  <ns1:Header xmlns:ns1="urn:iso:std:iso:15118:-20:CommonTypes">
    <ns1:SessionID>3432363539393930</ns1:SessionID>
    <ns1:TimeStamp>1786807497</ns1:TimeStamp>
  </ns1:Header>
  <ns1:ResponseCode xmlns:ns1="urn:iso:std:iso:15118:-20:CommonTypes">OK</ns1:ResponseCode>
  <ns0:ServiceRenegotiationSupported>false</ns0:ServiceRenegotiationSupported>
  <ns0:EnergyTransferServiceList>
    <ns0:Service>
      <ns0:ServiceID>6</ns0:ServiceID>
      <ns0:FreeService>false</ns0:FreeService>
    </ns0:Service>
  </ns0:EnergyTransferServiceList>
</ns0:ServiceDiscoveryRes>
 (tcp_server.py:124)[0m
[38;21m[2026-08-15 15:24:57,390] DEBUG (tcp_server): Encoding process start (tcp_server.py:125)[0m
[38;21m[2026-08-15 15:24:57,390] INFO (message_handling): Common message to be encoded[0m
[38;21m[2026-08-15 15:24:57,390] INFO (message_handling): Message is valid against Schema XSD[0m
[38;21m[2026-08-15 15:24:57,390] DEBUG (tcp_server): Encoded EXI message: 8080041A191B1A9C9C9C98 0C98982D40620000060140 (tcp_server.py:134)[0m
[38;21m[2026-08-15 15:24:57,394] INFO (tcp_server): Received request from ('fd00:edf::1', 54470, 0, 0).[0m
[38;21m[2026-08-15 15:24:57,394] INFO (message_handling): Message is valid.[0m
[38;21m[2026-08-15 15:24:57,394] DEBUG (tcp_server): Received EXI msg to be decoded: 8074046F56DF77EF56D F778C98982D40620300 (tcp_server.py:84)[0m
[38;21m[2026-08-15 15:24:57,394] INFO (tcp_server): Payload type: 0x8002[0m
[38;21m[2026-08-15 15:24:57,394] INFO (message_handling): Common message to be decoded[0m
[38;21m[2026-08-15 15:24:57,395] DEBUG (tcp_server): Message successfully decoded (tcp_server.py:96)[0m
[38;21m[2026-08-15 15:24:57,395] DEBUG (tcp_server): XML message received: <?xml version="1.0" encoding="UTF-8"?><s1:ServiceDetailReq xmlns:s1="urn:iso:std:iso:15118:-20:CommonMessages" xmlns:xsi="http://www.w3.org/2001/XMLSchema-instance" xmlns:xsd="http://www.w3.org/2001/XMLSchema" xmlns:s0="http://www.w3.org/2000/09/xmldsig#" xmlns:s2="urn:iso:std:iso:15118:-20:CommonTypes"><s2:Header><s2:SessionID>DEADBEEFDEADBEEF</s2:SessionID><s2:TimeStamp>1786807497</s2:TimeStamp></s2:Header><s1:ServiceID>6</s1:ServiceID></s1:ServiceDetailReq> (tcp_server.py:97)[0m
[38;21m[2026-08-15 15:24:57,395] INFO (tcp_server): Received ServiceDetailReq.[0m
[38;21m[2026-08-15 15:24:57,396] DEBUG (tcp_server): XML message to be sent: <?xml version="1.0" encoding="UTF-8"?>
<ns0:ServiceDetailRes xmlns:ns0="urn:iso:std:iso:15118:-20:CommonMessages">
  <ns1:Header xmlns:ns1="urn:iso:std:iso:15118:-20:CommonTypes">
    <ns1:SessionID>3432363539393930</ns1:SessionID>
    <ns1:TimeStamp>1786807497</ns1:TimeStamp>
  </ns1:Header>
  <ns1:ResponseCode xmlns:ns1="urn:iso:std:iso:15118:-20:CommonTypes">OK</ns1:ResponseCode>
  <ns0:ServiceID>6</ns0:ServiceID>
  <ns0:ServiceParameterList>
    <ns0:ParameterSet>
      <ns0:ParameterSetID>1</ns0:ParameterSetID>
      <ns0:Parameter ns0:Name="Connector">
        <ns0:intValue>2</ns0:intValue>
      </ns0:Parameter>
      <ns0:Parameter ns0:Name="ControlMode">
        <ns0:intValue>2</ns0:intValue>
      </ns0:Parameter>
      <ns0:Parameter ns0:Name="MobilityNeedsMode">
        <ns0:intValue>2</ns0:intValue>
      </ns0:Parameter>
      <ns0:Parameter ns0:Name="Pricing">
        <ns0:intValue>0</ns0:intValue>
      </ns0:Parameter>
      <ns0:Parameter ns0:Name="BPTChannel">
        <ns0:intValue>1</ns0:intValue>
      </ns0:Parameter>
      <ns0:Parameter ns0:Name="GeneratorMode">
        <ns0:intValue>1</ns0:intValue>
      </ns0:Parameter>
    </ns0:ParameterSet>
  </ns0:ServiceParameterList>
</ns0:ServiceDetailRes>
 (tcp_server.py:124)[0m
[38;21m[2026-08-15 15:24:57,396] DEBUG (tcp_server): Encoding process start (tcp_server.py:125)[0m
[38;21m[2026-08-15 15:24:57,396] INFO (message_handling): Common message to be encoded[0m
[38;21m[2026-08-15 15:24:57,397] INFO (message_handling): Message is valid against Schema XSD[0m
[38;21m[2026-08-15 15:24:57,397] DEBUG (tcp_server): Encoded EXI message: 8078041A191B1A9C9C9C980C98982D40620001800202D0DBDB9B9958DD1BDC980400D436F6E74726F6C4D6F6465601004D35BD89A5B1 A5D1E539959591CD35BD919580400950726963696E6760000310941510DA185B9B995B180200F47656E657261746F724D6F64656008A (tcp_server.py:134)[0m
[38;21m[2026-08-15 15:24:57,401] INFO (tcp_server): Received request from ('fd00:edf::1', 54470, 0, 0).[0m
[38;21m[2026-08-15 15:24:57,401] INFO (message_handling): Message is valid.[0m
[38;21m[2026-08-15 15:24:57,401] DEBUG (tcp_server): Received EXI msg to be decoded: 8084046F56DF77EF56DF7 78C98982D406201800880 (tcp_server.py:84)[0m
[38;21m[2026-08-15 15:24:57,401] INFO (tcp_server): Payload type: 0x8002[0m
[38;21m[2026-08-15 15:24:57,401] INFO (message_handling): Common message to be decoded[0m
[38;21m[2026-08-15 15:24:57,402] DEBUG (tcp_server): Message successfully decoded (tcp_server.py:96)[0m
[38;21m[2026-08-15 15:24:57,402] DEBUG (tcp_server): XML message received: <?xml version="1.0" encoding="UTF-8"?><s1:ServiceSelectionReq xmlns:s1="urn:iso:std:iso:15118:-20:CommonMessages" xmlns:xsi="http://www.w3.org/2001/XMLSchema-instance" xmlns:xsd="http://www.w3.org/2001/XMLSchema" xmlns:s0="http://www.w3.org/2000/09/xmldsig#" xmlns:s2="urn:iso:std:iso:15118:-20:CommonTypes"><s2:Header><s2:SessionID>DEADBEEFDEADBEEF</s2:SessionID><s2:TimeStamp>1786807497</s2:TimeStamp></s2:Header><s1:SelectedEnergyTransferService><s1:ServiceID>6</s1:ServiceID><s1:ParameterSetID>1</s1:ParameterSetID></s1:SelectedEnergyTransferService></s1:ServiceSelectionReq> (tcp_server.py:97)[0m
[38;21m[2026-08-15 15:24:57,403] INFO (tcp_server): Received ServiceSelectionReq.[0m
[38;21m[2026-08-15 15:24:57,403] DEBUG (tcp_server): XML message to be sent: <?xml version="1.0" encoding="UTF-8"?>
<ns0:ServiceSelectionRes xmlns:ns0="urn:iso:std:iso:15118:-20:CommonMessages">
  <ns1:Header xmlns:ns1="urn:iso:std:iso:15118:-20:CommonTypes">
    <ns1:SessionID>3432363539393930</ns1:SessionID>
    <ns1:TimeStamp>1786807497</ns1:TimeStamp>
  </ns1:Header>
  <ns1:ResponseCode xmlns:ns1="urn:iso:std:iso:15118:-20:CommonTypes">OK</ns1:ResponseCode>
</ns0:ServiceSelectionRes>
 (tcp_server.py:124)[0m
[38;21m[2026-08-15 15:24:57,403] DEBUG (tcp_server): Encoding process start (tcp_server.py:125)[0m
[38;21m[2026-08-15 15:24:57,403] INFO (message_handling): Common message to be encoded[0m
[38;21m[2026-08-15 15:24:57,403] INFO (message_handling): Message is valid against Schema XSD[0m
[38;21m[2026-08-15 15:24:57,404] DEBUG (tcp_server): Encoded EXI message: 8088041A191B1A9C9C9 C980C98982D40620000 (tcp_server.py:134)[0m
[38;21m[2026-08-15 15:24:57,409] INFO (tcp_server): Received request from ('fd00:edf::1', 54470, 0, 0).[0m
[38;21m[2026-08-15 15:24:57,409] INFO (message_handling): Message is valid.[0m
[38;21m[2026-08-15 15:24:57,409] DEBUG (tcp_server): Received EXI msg to be decoded: 803C046F56DF77EF56DF778C98982D4062081088270400000200320 041000000800F403040019028040844138200000100190020800000 (tcp_server.py:84)[0m
[38;21m[2026-08-15 15:24:57,409] INFO (tcp_server): Payload type: 0x8004[0m
[38;21m[2026-08-15 15:24:57,409] INFO (message_handling): DC message to be decoded[0m
[38;21m[2026-08-15 15:24:57,410] DEBUG (tcp_server): Message successfully decoded (tcp_server.py:96)[0m
[38;21m[2026-08-15 15:24:57,410] DEBUG (tcp_server): XML message received: <?xml version="1.0" encoding="UTF-8"?><s2:DC_ChargeParameterDiscoveryReq xmlns:s2="urn:iso:std:iso:15118:-20:DC" xmlns:xsi="http://www.w3.org/2001/XMLSchema-instance" xmlns:xsd="http://www.w3.org/2001/XMLSchema" xmlns:s0="http://www.w3.org/2000/09/xmldsig#" xmlns:s1="urn:iso:std:iso:15118:-20:CommonTypes"><s1:Header><s1:SessionID>DEADBEEFDEADBEEF</s1:SessionID><s1:TimeStamp>1786807497</s1:TimeStamp></s1:Header><s2:BPT_DC_CPDReqEnergyTransferMode><s2:EVMaximumChargePower><s1:Exponent>1</s1:Exponent><s1:Value>5000</s1:Value></s2:EVMaximumChargePower><s2:EVMinimumChargePower><s1:Exponent>0</s1:Exponent><s1:Value>0</s1:Value></s2:EVMinimumChargePower><s2:EVMaximumChargeCurrent><s1:Exponent>0</s1:Exponent><s1:Value>200</s1:Value></s2:EVMaximumChargeCurrent><s2:EVMinimumChargeCurrent><s1:Exponent>0</s1:Exponent><s1:Value>0</s1:Value></s2:EVMinimumChargeCurrent><s2:EVMaximumVoltage><s1:Exponent>0</s1:Exponent><s1:Value>500</s1:Value></s2:EVMaximumVoltage><s2:EVMinimumVoltage><s1:Exponent>0</s1:Exponent><s1:Value>50</s1:Value></s2:EVMinimumVoltage><s2:TargetSOC>80</s2:TargetSOC><s2:EVMaximumDischargePower><s1:Exponent>1</s1:Exponent><s1:Value>5000</s1:Value></s2:EVMaximumDischargePower><s2:EVMinimumDischargePower><s1:Exponent>0</s1:Exponent><s1:Value>0</s1:Value></s2:EVMinimumDischargePower><s2:EVMaximumDischargeCurrent><s1:Exponent>0</s1:Exponent><s1:Value>200</s1:Value></s2:EVMaximumDischargeCurrent><s2:EVMinimumDischargeCurrent><s1:Exponent>0</s1:Exponent><s1:Value>0</s1:Value></s2:EVMinimumDischargeCurrent></s2:BPT_DC_CPDReqEnergyTransferMode></s2:DC_ChargeParameterDiscoveryReq> (tcp_server.py:97)[0m
[38;21m[2026-08-15 15:24:57,411] INFO (tcp_server): Received DcChargeParameterDiscoveryReq.[0m
[38;21m[2026-08-15 15:24:57,412] DEBUG (tcp_server): XML message to be sent: <?xml version="1.0" encoding="UTF-8"?>
<ns0:DC_ChargeParameterDiscoveryRes xmlns:ns0="urn:iso:std:iso:15118:-20:DC">
  <ns1:Header xmlns:ns1="urn:iso:std:iso:15118:-20:CommonTypes">
    <ns1:SessionID>3432363539393930</ns1:SessionID>
    <ns1:TimeStamp>1786807497</ns1:TimeStamp>
  </ns1:Header>
  <ns1:ResponseCode xmlns:ns1="urn:iso:std:iso:15118:-20:CommonTypes">OK</ns1:ResponseCode>
  <ns0:BPT_DC_CPDResEnergyTransferMode>
    <ns0:EVSEMaximumChargePower>
      <ns1:Exponent xmlns:ns1="urn:iso:std:iso:15118:-20:CommonTypes">3</ns1:Exponent>
      <ns1:Value xmlns:ns1="urn:iso:std:iso:15118:-20:CommonTypes">11</ns1:Value>
    </ns0:EVSEMaximumChargePower>
    <ns0:EVSEMinimumChargePower>
      <ns1:Exponent xmlns:ns1="urn:iso:std:iso:15118:-20:CommonTypes">0</ns1:Exponent>
      <ns1:Value xmlns:ns1="urn:iso:std:iso:15118:-20:CommonTypes">500</ns1:Value>
    </ns0:EVSEMinimumChargePower>
    <ns0:EVSEMaximumChargeCurrent>
      <ns1:Exponent xmlns:ns1="urn:iso:std:iso:15118:-20:CommonTypes">0</ns1:Exponent>
      <ns1:Value xmlns:ns1="urn:iso:std:iso:15118:-20:CommonTypes">44</ns1:Value>
    </ns0:EVSEMaximumChargeCurrent>
    <ns0:EVSEMinimumChargeCurrent>
      <ns1:Exponent xmlns:ns1="urn:iso:std:iso:15118:-20:CommonTypes">-3</ns1:Exponent>
      <ns1:Value xmlns:ns1="urn:iso:std:iso:15118:-20:CommonTypes">27500</ns1:Value>
    </ns0:EVSEMinimumChargeCurrent>
    <ns0:EVSEMaximumVoltage>
      <ns1:Exponent xmlns:ns1="urn:iso:std:iso:15118:-20:CommonTypes">2</ns1:Exponent>
      <ns1:Value xmlns:ns1="urn:iso:std:iso:15118:-20:CommonTypes">4</ns1:Value>
    </ns0:EVSEMaximumVoltage>
    <ns0:EVSEMinimumVoltage>
      <ns1:Exponent xmlns:ns1="urn:iso:std:iso:15118:-20:CommonTypes">0</ns1:Exponent>
      <ns1:Value xmlns:ns1="urn:iso:std:iso:15118:-20:CommonTypes">250</ns1:Value>
    </ns0:EVSEMinimumVoltage>
    <ns0:EVSEMaximumDischargePower>
      <ns1:Exponent xmlns:ns1="urn:iso:std:iso:15118:-20:CommonTypes">3</ns1:Exponent>
      <ns1:Value xmlns:ns1="urn:iso:std:iso:15118:-20:CommonTypes">11</ns1:Value>
    </ns0:EVSEMaximumDischargePower>
    <ns0:EVSEMinimumDischargePower>
      <ns1:Exponent xmlns:ns1="urn:iso:std:iso:15118:-20:CommonTypes">0</ns1:Exponent>
      <ns1:Value xmlns:ns1="urn:iso:std:iso:15118:-20:CommonTypes">500</ns1:Value>
    </ns0:EVSEMinimumDischargePower>
    <ns0:EVSEMaximumDischargeCurrent>
      <ns1:Exponent xmlns:ns1="urn:iso:std:iso:15118:-20:CommonTypes">0</ns1:Exponent>
      <ns1:Value xmlns:ns1="urn:iso:std:iso:15118:-20:CommonTypes">44</ns1:Value>
    </ns0:EVSEMaximumDischargeCurrent>
    <ns0:EVSEMinimumDischargeCurrent>
      <ns1:Exponent xmlns:ns1="urn:iso:std:iso:15118:-20:CommonTypes">-3</ns1:Exponent>
      <ns1:Value xmlns:ns1="urn:iso:std:iso:15118:-20:CommonTypes">27500</ns1:Value>
    </ns0:EVSEMinimumDischargeCurrent>
  </ns0:BPT_DC_CPDResEnergyTransferMode>
</ns0:DC_ChargeParameterDiscoveryRes>
 (tcp_server.py:124)[0m
[38;21m[2026-08-15 15:24:57,413] DEBUG (tcp_server): Encoding process start (tcp_server.py:125)[0m
[38;21m[2026-08-15 15:24:57,413] INFO (message_handling): DC message to be encoded[0m
[38;21m[2026-08-15 15:24:57,413] INFO (message_handling): Message is valid against Schema XSD[0m
[38;21m[2026-08-15 15:24:57,414] DEBUG (tcp_server): Encoded EXI message: 8040041A191B1A9C9C9C980C98982D40620004180582003D00C100058 07D0ECD60104100202003E80448300B04007A0182000B00FA1D9AC020 (tcp_server.py:134)[0m
[38;21m[2026-08-15 15:24:57,418] INFO (tcp_server): Received request from ('fd00:edf::1', 54470, 0, 0).[0m
[38;21m[2026-08-15 15:24:57,418] INFO (message_handling): Message is valid.[0m
[38;21m[2026-08-15 15:24:57,418] DEBUG (tcp_server): Received EXI msg to be decoded: 806C046F56DF77EF56DF778C98982D4062 0000901C03C14020C07810607808300A20 (tcp_server.py:84)[0m
[38;21m[2026-08-15 15:24:57,419] INFO (tcp_server): Payload type: 0x8002[0m
[38;21m[2026-08-15 15:24:57,419] INFO (message_handling): Common message to be decoded[0m
[38;21m[2026-08-15 15:24:57,419] DEBUG (tcp_server): Message successfully decoded (tcp_server.py:96)[0m
[38;21m[2026-08-15 15:24:57,419] DEBUG (tcp_server): XML message received: <?xml version="1.0" encoding="UTF-8"?><s1:ScheduleExchangeReq xmlns:s1="urn:iso:std:iso:15118:-20:CommonMessages" xmlns:xsi="http://www.w3.org/2001/XMLSchema-instance" xmlns:xsd="http://www.w3.org/2001/XMLSchema" xmlns:s0="http://www.w3.org/2000/09/xmldsig#" xmlns:s2="urn:iso:std:iso:15118:-20:CommonTypes"><s2:Header><s2:SessionID>DEADBEEFDEADBEEF</s2:SessionID><s2:TimeStamp>1786807497</s2:TimeStamp></s2:Header><s1:MaximumSupportingPoints>12</s1:MaximumSupportingPoints><s1:Dynamic_SEReqControlMode><s1:DepartureTime>3600</s1:DepartureTime><s1:MinimumSOC>30</s1:MinimumSOC><s1:TargetSOC>80</s1:TargetSOC><s1:EVTargetEnergyRequest><s2:Exponent>3</s2:Exponent><s2:Value>30</s2:Value></s1:EVTargetEnergyRequest><s1:EVMaximumEnergyRequest><s2:Exponent>3</s2:Exponent><s2:Value>60</s2:Value></s1:EVMaximumEnergyRequest><s1:EVMinimumEnergyRequest><s2:Exponent>3</s2:Exponent><s2:Value>10</s2:Value></s1:EVMinimumEnergyRequest></s1:Dynamic_SEReqControlMode></s1:ScheduleExchangeReq> (tcp_server.py:97)[0m
[38;21m[2026-08-15 15:24:57,420] INFO (tcp_server): Received ScheduleExchangeReq.[0m
[38;21m[2026-08-15 15:24:57,420] DEBUG (tcp_server): XML message to be sent: <?xml version="1.0" encoding="UTF-8"?>
<ns0:ScheduleExchangeRes xmlns:ns0="urn:iso:std:iso:15118:-20:CommonMessages">
  <ns1:Header xmlns:ns1="urn:iso:std:iso:15118:-20:CommonTypes">
    <ns1:SessionID>3432363539393930</ns1:SessionID>
    <ns1:TimeStamp>1786807497</ns1:TimeStamp>
  </ns1:Header>
  <ns1:ResponseCode xmlns:ns1="urn:iso:std:iso:15118:-20:CommonTypes">OK</ns1:ResponseCode>
  <ns0:EVSEProcessing>Finished</ns0:EVSEProcessing>
  <ns0:Dynamic_SEResControlMode>
    <ns0:DepartureTime>3600</ns0:DepartureTime>
  </ns0:Dynamic_SEResControlMode>
</ns0:ScheduleExchangeRes>
 (tcp_server.py:124)[0m
[38;21m[2026-08-15 15:24:57,420] DEBUG (tcp_server): Encoding process start (tcp_server.py:125)[0m
[38;21m[2026-08-15 15:24:57,420] INFO (message_handling): Common message to be encoded[0m
[38;21m[2026-08-15 15:24:57,420] INFO (message_handling): Message is valid against Schema XSD[0m
[38;21m[2026-08-15 15:24:57,421] DEBUG (tcp_server): Encoded EXI message: 8070041A191B1A9C9C9C98 0C98982D40620002120388 (tcp_server.py:134)[0m
[38;21m[2026-08-15 15:24:57,425] INFO (tcp_server): Received request from ('fd00:edf::1', 54470, 0, 0).[0m
[38;21m[2026-08-15 15:24:57,425] INFO (message_handling): Message is valid.[0m
[38;21m[2026-08-15 15:24:57,426] DEBUG (tcp_server): Received EXI msg to be decoded: 802C046F56DF77EF5 6DF778C98982D4062 (tcp_server.py:84)[0m
[38;21m[2026-08-15 15:24:57,426] INFO (tcp_server): Payload type: 0x8004[0m
[38;21m[2026-08-15 15:24:57,426] INFO (message_handling): DC message to be decoded[0m
[38;21m[2026-08-15 15:24:57,426] DEBUG (tcp_server): Message successfully decoded (tcp_server.py:96)[0m
[38;21m[2026-08-15 15:24:57,426] DEBUG (tcp_server): XML message received: <?xml version="1.0" encoding="UTF-8"?><s2:DC_CableCheckReq xmlns:s2="urn:iso:std:iso:15118:-20:DC" xmlns:xsi="http://www.w3.org/2001/XMLSchema-instance" xmlns:xsd="http://www.w3.org/2001/XMLSchema" xmlns:s0="http://www.w3.org/2000/09/xmldsig#" xmlns:s1="urn:iso:std:iso:15118:-20:CommonTypes"><s1:Header><s1:SessionID>DEADBEEFDEADBEEF</s1:SessionID><s1:TimeStamp>1786807497</s1:TimeStamp></s1:Header></s2:DC_CableCheckReq> (tcp_server.py:97)[0m
[38;21m[2026-08-15 15:24:57,427] INFO (tcp_server): Received DcCableCheckReq.[0m
[38;21m[2026-08-15 15:24:57,427] DEBUG (tcp_server): XML message to be sent: <?xml version="1.0" encoding="UTF-8"?>
<ns0:DC_CableCheckRes xmlns:ns0="urn:iso:std:iso:15118:-20:DC">
  <ns1:Header xmlns:ns1="urn:iso:std:iso:15118:-20:CommonTypes">
    <ns1:SessionID>3432363539393930</ns1:SessionID>
    <ns1:TimeStamp>1786807497</ns1:TimeStamp>
  </ns1:Header>
  <ns1:ResponseCode xmlns:ns1="urn:iso:std:iso:15118:-20:CommonTypes">OK</ns1:ResponseCode>
  <ns0:EVSEProcessing>Finished</ns0:EVSEProcessing>
</ns0:DC_CableCheckRes>
 (tcp_server.py:124)[0m
[38;21m[2026-08-15 15:24:57,427] DEBUG (tcp_server): Encoding process start (tcp_server.py:125)[0m
[38;21m[2026-08-15 15:24:57,427] INFO (message_handling): DC message to be encoded[0m
[38;21m[2026-08-15 15:24:57,427] INFO (message_handling): Message is valid against Schema XSD[0m
[38;21m[2026-08-15 15:24:57,428] DEBUG (tcp_server): Encoded EXI message: 8030041A191B1A9C9C9 C980C98982D40620000 (tcp_server.py:134)[0m
[38;21m[2026-08-15 15:24:57,430] INFO (tcp_server): Received request from ('fd00:edf::1', 54470, 0, 0).[0m
[38;21m[2026-08-15 15:24:57,430] INFO (message_handling): Message is valid.[0m
[38;21m[2026-08-15 15:24:57,430] DEBUG (tcp_server): Received EXI msg to be decoded: 8044046F56DF77EF56DF778C9 8982D40620100000080090030 (tcp_server.py:84)[0m
[38;21m[2026-08-15 15:24:57,430] INFO (tcp_server): Payload type: 0x8004[0m
[38;21m[2026-08-15 15:24:57,430] INFO (message_handling): DC message to be decoded[0m
[38;21m[2026-08-15 15:24:57,431] DEBUG (tcp_server): Message successfully decoded (tcp_server.py:96)[0m
[38;21m[2026-08-15 15:24:57,431] DEBUG (tcp_server): XML message received: <?xml version="1.0" encoding="UTF-8"?><s2:DC_PreChargeReq xmlns:s2="urn:iso:std:iso:15118:-20:DC" xmlns:xsi="http://www.w3.org/2001/XMLSchema-instance" xmlns:xsd="http://www.w3.org/2001/XMLSchema" xmlns:s0="http://www.w3.org/2000/09/xmldsig#" xmlns:s1="urn:iso:std:iso:15118:-20:CommonTypes"><s1:Header><s1:SessionID>DEADBEEFDEADBEEF</s1:SessionID><s1:TimeStamp>1786807497</s1:TimeStamp></s1:Header><s2:EVProcessing>Finished</s2:EVProcessing><s2:EVPresentVoltage><s1:Exponent>0</s1:Exponent><s1:Value>0</s1:Value></s2:EVPresentVoltage><s2:EVTargetVoltage><s1:Exponent>0</s1:Exponent><s1:Value>400</s1:Value></s2:EVTargetVoltage></s2:DC_PreChargeReq> (tcp_server.py:97)[0m
[38;21m[2026-08-15 15:24:57,431] INFO (tcp_server): Received DcPreChargeReq.[0m
[38;21m[2026-08-15 15:24:57,432] DEBUG (tcp_server): XML message to be sent: <?xml version="1.0" encoding="UTF-8"?>
<ns0:DC_PreChargeRes xmlns:ns0="urn:iso:std:iso:15118:-20:DC">
  <ns1:Header xmlns:ns1="urn:iso:std:iso:15118:-20:CommonTypes">
    <ns1:SessionID>3432363539393930</ns1:SessionID>
    <ns1:TimeStamp>1786807497</ns1:TimeStamp>
  </ns1:Header>
  <ns1:ResponseCode xmlns:ns1="urn:iso:std:iso:15118:-20:CommonTypes">OK</ns1:ResponseCode>
  <ns0:EVSEPresentVoltage>
    <ns1:Exponent xmlns:ns1="urn:iso:std:iso:15118:-20:CommonTypes">0</ns1:Exponent>
    <ns1:Value xmlns:ns1="urn:iso:std:iso:15118:-20:CommonTypes">400</ns1:Value>
  </ns0:EVSEPresentVoltage>
</ns0:DC_PreChargeRes>
 (tcp_server.py:124)[0m
[38;21m[2026-08-15 15:24:57,432] DEBUG (tcp_server): Encoding process start (tcp_server.py:125)[0m
[38;21m[2026-08-15 15:24:57,432] INFO (message_handling): DC message to be encoded[0m
[38;21m[2026-08-15 15:24:57,432] INFO (message_handling): Message is valid against Schema XSD[0m
[38;21m[2026-08-15 15:24:57,432] DEBUG (tcp_server): Encoded EXI message: 8048041A191B1A9C9C9C980 C98982D4062001001200600 (tcp_server.py:134)[0m
Task exception was never retrieved
future: <Task finished name='Task-108' coro=<AsyncEvent.trigger() done, defined at /usr/local/lib/python3.8/site-packages/transitions/extensions/asyncio.py:166> exception=MachineError("Can't trigger event charge from state C!")>
Traceback (most recent call last):
  File "/usr/local/lib/python3.8/site-packages/transitions/extensions/asyncio.py", line 177, in trigger
    return await self.machine.process_context(func, _model)
  File "/usr/local/lib/python3.8/site-packages/transitions/extensions/asyncio.py", line 409, in process_context
    res = await self._process(func, model)
  File "/usr/local/lib/python3.8/site-packages/transitions/extensions/asyncio.py", line 443, in _process
    return await trigger()
  File "/usr/local/lib/python3.8/site-packages/transitions/extensions/asyncio.py", line 190, in _trigger
    raise MachineError(msg)
transitions.core.MachineError: "Can't trigger event charge from state C!"
[38;21m[2026-08-15 15:24:57,435] INFO (tcp_server): Received request from ('fd00:edf::1', 54470, 0, 0).[0m
[38;21m[2026-08-15 15:24:57,435] INFO (message_handling): Message is valid.[0m
[38;21m[2026-08-15 15:24:57,435] DEBUG (tcp_server): Received EXI msg to be decoded: 8054046F56DF77EF56DF778C989 82D40620000000480E041805124 (tcp_server.py:84)[0m
[38;21m[2026-08-15 15:24:57,436] INFO (tcp_server): Payload type: 0x8002[0m
[38;21m[2026-08-15 15:24:57,436] INFO (message_handling): Common message to be decoded[0m
[38;21m[2026-08-15 15:24:57,436] DEBUG (tcp_server): Message successfully decoded (tcp_server.py:96)[0m
[38;21m[2026-08-15 15:24:57,436] DEBUG (tcp_server): XML message received: <?xml version="1.0" encoding="UTF-8"?><s1:PowerDeliveryReq xmlns:s1="urn:iso:std:iso:15118:-20:CommonMessages" xmlns:xsi="http://www.w3.org/2001/XMLSchema-instance" xmlns:xsd="http://www.w3.org/2001/XMLSchema" xmlns:s0="http://www.w3.org/2000/09/xmldsig#" xmlns:s2="urn:iso:std:iso:15118:-20:CommonTypes"><s2:Header><s2:SessionID>DEADBEEFDEADBEEF</s2:SessionID><s2:TimeStamp>1786807497</s2:TimeStamp></s2:Header><s1:EVProcessing>Finished</s1:EVProcessing><s1:ChargeProgress>Start</s1:ChargeProgress><s1:EVPowerProfile><s1:TimeAnchor>0</s1:TimeAnchor><s1:Dynamic_EVPPTControlMode/><s1:EVPowerProfileEntries><s1:EVPowerProfileEntry><s1:Duration>3600</s1:Duration><s1:Power><s2:Exponent>3</s2:Exponent><s2:Value>10</s2:Value></s1:Power></s1:EVPowerProfileEntry></s1:EVPowerProfileEntries></s1:EVPowerProfile></s1:PowerDeliveryReq> (tcp_server.py:97)[0m
[38;21m[2026-08-15 15:24:57,437] INFO (tcp_server): Received PowerDeliveryReq.[0m
[38;21m[2026-08-15 15:24:57,437] DEBUG (tcp_server): XML message to be sent: <?xml version="1.0" encoding="UTF-8"?>
<ns0:PowerDeliveryRes xmlns:ns0="urn:iso:std:iso:15118:-20:CommonMessages">
  <ns1:Header xmlns:ns1="urn:iso:std:iso:15118:-20:CommonTypes">
    <ns1:SessionID>3432363539393930</ns1:SessionID>
    <ns1:TimeStamp>1786807497</ns1:TimeStamp>
  </ns1:Header>
  <ns1:ResponseCode xmlns:ns1="urn:iso:std:iso:15118:-20:CommonTypes">OK</ns1:ResponseCode>
</ns0:PowerDeliveryRes>
 (tcp_server.py:124)[0m
[38;21m[2026-08-15 15:24:57,437] DEBUG (tcp_server): Encoding process start (tcp_server.py:125)[0m
[38;21m[2026-08-15 15:24:57,437] INFO (message_handling): Common message to be encoded[0m
[38;21m[2026-08-15 15:24:57,437] INFO (message_handling): Message is valid against Schema XSD[0m
[38;21m[2026-08-15 15:24:57,438] DEBUG (tcp_server): Encoded EXI message: 8058041A191B1A9C9C9 C980C98982D40620040 (tcp_server.py:134)[0m
[38;21m[2026-08-15 15:24:57,443] INFO (tcp_server): Received request from ('fd00:edf::1', 54470, 0, 0).[0m
[38;21m[2026-08-15 15:24:57,444] INFO (message_handling): Message is valid.[0m
[38;21m[2026-08-15 15:24:57,444] DEBUG (tcp_server): Received EXI msg to be decoded: 8034046F56DF77EF56DF778C98982D406281001200601203810603C08303C0 41805020C0C810600208007D04007A0182003200410606408300104003E900 (tcp_server.py:84)[0m
[38;21m[2026-08-15 15:24:57,444] INFO (tcp_server): Payload type: 0x8004[0m
[38;21m[2026-08-15 15:24:57,444] INFO (message_handling): DC message to be decoded[0m
[38;21m[2026-08-15 15:24:57,444] DEBUG (tcp_server): Message successfully decoded (tcp_server.py:96)[0m
[38;21m[2026-08-15 15:24:57,445] DEBUG (tcp_server): XML message received: <?xml version="1.0" encoding="UTF-8"?><s2:DC_ChargeLoopReq xmlns:s2="urn:iso:std:iso:15118:-20:DC" xmlns:xsi="http://www.w3.org/2001/XMLSchema-instance" xmlns:xsd="http://www.w3.org/2001/XMLSchema" xmlns:s0="http://www.w3.org/2000/09/xmldsig#" xmlns:s1="urn:iso:std:iso:15118:-20:CommonTypes"><s1:Header><s1:SessionID>DEADBEEFDEADBEEF</s1:SessionID><s1:TimeStamp>1786807497</s1:TimeStamp></s1:Header><s1:MeterInfoRequested>false</s1:MeterInfoRequested><s2:EVPresentVoltage><s1:Exponent>0</s1:Exponent><s1:Value>400</s1:Value></s2:EVPresentVoltage><s2:BPT_Dynamic_DC_CLReqControlMode><s1:DepartureTime>3600</s1:DepartureTime><s1:EVTargetEnergyRequest><s1:Exponent>3</s1:Exponent><s1:Value>30</s1:Value></s1:EVTargetEnergyRequest><s1:EVMaximumEnergyRequest><s1:Exponent>3</s1:Exponent><s1:Value>60</s1:Value></s1:EVMaximumEnergyRequest><s1:EVMinimumEnergyRequest><s1:Exponent>3</s1:Exponent><s1:Value>10</s1:Value></s1:EVMinimumEnergyRequest><s2:EVMaximumChargePower><s1:Exponent>3</s1:Exponent><s1:Value>50</s1:Value></s2:EVMaximumChargePower><s2:EVMinimumChargePower><s1:Exponent>3</s1:Exponent><s1:Value>1</s1:Value></s2:EVMinimumChargePower><s2:EVMaximumChargeCurrent><s1:Exponent>0</s1:Exponent><s1:Value>125</s1:Value></s2:EVMaximumChargeCurrent><s2:EVMaximumVoltage><s1:Exponent>0</s1:Exponent><s1:Value>500</s1:Value></s2:EVMaximumVoltage><s2:EVMinimumVoltage><s1:Exponent>0</s1:Exponent><s1:Value>200</s1:Value></s2:EVMinimumVoltage><s2:EVMaximumDischargePower><s1:Exponent>3</s1:Exponent><s1:Value>50</s1:Value></s2:EVMaximumDischargePower><s2:EVMinimumDischargePower><s1:Exponent>3</s1:Exponent><s1:Value>1</s1:Value></s2:EVMinimumDischargePower><s2:EVMaximumDischargeCurrent><s1:Exponent>0</s1:Exponent><s1:Value>125</s1:Value></s2:EVMaximumDischargeCurrent></s2:BPT_Dynamic_DC_CLReqControlMode></s2:DC_ChargeLoopReq> (tcp_server.py:97)[0m
[38;21m[2026-08-15 15:24:57,445] INFO (tcp_server): Received DcChargeLoopReq.[0m
[33;21m[2026-08-15 15:24:57,446] WARNING (process_dc_charge_loop_request): Voltage limit achieved! (process_dc_charge_loop_request.py:82)[0m
Fatal error: protocol.data_received() call failed.
protocol: <secc.tcp_server.TCPServerProtocol object at 0x76bc0198b190>
transport: <_SelectorSocketTransport fd=22 read=polling write=<idle, bufsize=0>>
Traceback (most recent call last):
  File "/usr/local/lib/python3.8/asyncio/selector_events.py", line 862, in _read_ready__data_received
    self._protocol.data_received(data)
  File "/app/secc/../secc/tcp_server.py", line 60, in data_received
    self.process_incoming_message(packet)
  File "/app/secc/../secc/tcp_server.py", line 112, in process_incoming_message
    reaction = self.session.get_state(self.session.state).process_payload(xml_object)
  File "/app/secc/../secc/states/process_dc_charge_loop_request.py", line 34, in process_payload
    self.dc_bpt_charging(payload, response)
  File "/app/secc/../secc/states/process_dc_charge_loop_request.py", line 115, in dc_bpt_charging
    self.controller.data_model.update_charging_status(display_parameters.present_soc,
AttributeError: 'NoneType' object has no attribute 'present_soc'
[31;21m[2026-08-15 15:24:57,446] ERROR (tcp_server): 'NoneType' object has no attribute 'present_soc'. (tcp_server.py:69)[0m
[33;21m[2026-08-15 15:25:49,707] WARNING (timer): Message timer requirement not fulfilled: over 60.00 seconds). (timer.py:99)[0m
[33;21m[2026-08-15 15:25:57,453] WARNING (timer): Message timer requirement not fulfilled: over 60.00 seconds). (timer.py:99)[0m
[38;21m[2026-08-15 15:26:01,027] INFO (tcp_server): Connection made. Starting new communication session.[0m
[38;21m[2026-08-15 15:26:01,031] INFO (tcp_server): Sent notification.[0m
[38;21m[2026-08-15 15:26:01,035] INFO (tcp_server): Received request from ('fd00:edf::1', 58474, 0, 0).[0m
[38;21m[2026-08-15 15:26:01,035] INFO (message_handling): Message is valid.[0m
[38;21m[2026-08-15 15:26:01,035] DEBUG (tcp_server): Received EXI msg to be decoded: 8000F3AB9371D34B9B79D39BA321D34B9B79D 189A98989C1D1699181D22218010000040040 (tcp_server.py:84)[0m
[38;21m[2026-08-15 15:26:01,035] INFO (tcp_server): Payload type: 0x8001[0m
[38;21m[2026-08-15 15:26:01,035] INFO (message_handling): Supported App Protocol message to be decoded[0m
[38;21m[2026-08-15 15:26:01,036] DEBUG (tcp_server): Message successfully decoded (tcp_server.py:96)[0m
[38;21m[2026-08-15 15:26:01,036] DEBUG (tcp_server): XML message received: <?xml version="1.0" encoding="UTF-8"?><s0:supportedAppProtocolReq xmlns:s0="urn:iso:15118:2:2010:AppProtocol" xmlns:xsi="http://www.w3.org/2001/XMLSchema-instance" xmlns:xsd="http://www.w3.org/2001/XMLSchema"><AppProtocol><ProtocolNamespace>urn:iso:std:iso:15118:-20:DC</ProtocolNamespace><VersionNumberMajor>1</VersionNumberMajor><VersionNumberMinor>0</VersionNumberMinor><SchemaID>1</SchemaID><Priority>1</Priority></AppProtocol></s0:supportedAppProtocolReq> (tcp_server.py:97)[0m
[38;21m[2026-08-15 15:26:01,037] INFO (tcp_server): Received SupportedAppProtocolReq.[0m
[38;21m[2026-08-15 15:26:01,037] DEBUG (tcp_server): XML message to be sent: <?xml version="1.0" encoding="UTF-8"?>
<ns0:supportedAppProtocolRes xmlns:ns0="urn:iso:15118:2:2010:AppProtocol">
  <ResponseCode>OK_SuccessfulNegotiation</ResponseCode>
  <SchemaID>1</SchemaID>
</ns0:supportedAppProtocolRes>
 (tcp_server.py:124)[0m
[38;21m[2026-08-15 15:26:01,037] DEBUG (tcp_server): Encoding process start (tcp_server.py:125)[0m
[38;21m[2026-08-15 15:26:01,037] INFO (message_handling): Supported App Protocol message to be encoded[0m
[38;21m[2026-08-15 15:26:01,037] INFO (message_handling): Message is valid against Schema XSD[0m
[38;21m[2026-08-15 15:26:01,038] DEBUG (tcp_server): Encoded EXI message: 8040 0040 (tcp_server.py:134)[0m
[38;21m[2026-08-15 15:26:01,056] INFO (tcp_server): Received request from ('fd00:edf::1', 58474, 0, 0).[0m
[38;21m[2026-08-15 15:26:01,057] INFO (message_handling): Message is valid.[0m
[38;21m[2026-08-15 15:26:01,057] DEBUG (tcp_server): Received EXI msg to be decoded: 808C040000000000000000089 8A82D40620422AB21A1981880 (tcp_server.py:84)[0m
[38;21m[2026-08-15 15:26:01,057] INFO (tcp_server): Payload type: 0x8002[0m
[38;21m[2026-08-15 15:26:01,057] INFO (message_handling): Common message to be decoded[0m
[38;21m[2026-08-15 15:26:01,057] DEBUG (tcp_server): Message successfully decoded (tcp_server.py:96)[0m
[38;21m[2026-08-15 15:26:01,058] DEBUG (tcp_server): XML message received: <?xml version="1.0" encoding="UTF-8"?><s1:SessionSetupReq xmlns:s1="urn:iso:std:iso:15118:-20:CommonMessages" xmlns:xsi="http://www.w3.org/2001/XMLSchema-instance" xmlns:xsd="http://www.w3.org/2001/XMLSchema" xmlns:s0="http://www.w3.org/2000/09/xmldsig#" xmlns:s2="urn:iso:std:iso:15118:-20:CommonTypes"><s2:Header><s2:SessionID>0000000000000000</s2:SessionID><s2:TimeStamp>1786807561</s2:TimeStamp></s2:Header><s1:EVCCID>EVCC01</s1:EVCCID></s1:SessionSetupReq> (tcp_server.py:97)[0m
[38;21m[2026-08-15 15:26:01,058] INFO (tcp_server): Received SessionSetupReq.[0m
[38;21m[2026-08-15 15:26:01,058] DEBUG (tcp_server): XML message to be sent: <?xml version="1.0" encoding="UTF-8"?>
<ns0:SessionSetupRes xmlns:ns0="urn:iso:std:iso:15118:-20:CommonMessages">
  <ns1:Header xmlns:ns1="urn:iso:std:iso:15118:-20:CommonTypes">
    <ns1:SessionID>3633353439333934</ns1:SessionID>
    <ns1:TimeStamp>1786807561</ns1:TimeStamp>
  </ns1:Header>
  <ns1:ResponseCode xmlns:ns1="urn:iso:std:iso:15118:-20:CommonTypes">OK_NewSessionEstablished</ns1:ResponseCode>
  <ns0:EVSEID>ZZ000000</ns0:EVSEID>
</ns0:SessionSetupRes>
 (tcp_server.py:124)[0m
[38;21m[2026-08-15 15:26:01,059] DEBUG (tcp_server): Encoding process start (tcp_server.py:125)[0m
[38;21m[2026-08-15 15:26:01,059] INFO (message_handling): Common message to be encoded[0m
[38;21m[2026-08-15 15:26:01,059] INFO (message_handling): Message is valid against Schema XSD[0m
[38;21m[2026-08-15 15:26:01,059] DEBUG (tcp_server): Encoded EXI message: 8090041B199A9A1C999C9A0898A8 2D4062040296968C0C0C0C0C0C00 (tcp_server.py:134)[0m
[38;21m[2026-08-15 15:26:01,069] INFO (tcp_server): Received request from ('fd00:edf::1', 58474, 0, 0).[0m
[38;21m[2026-08-15 15:26:01,069] INFO (message_handling): Message is valid.[0m
[38;21m[2026-08-15 15:26:01,069] DEBUG (tcp_server): Received EXI msg to be decoded: 8008041B199A9A1C9 99C9A0898A82D4062 (tcp_server.py:84)[0m
[38;21m[2026-08-15 15:26:01,070] INFO (tcp_server): Payload type: 0x8002[0m
[38;21m[2026-08-15 15:26:01,070] INFO (message_handling): Common message to be decoded[0m
[38;21m[2026-08-15 15:26:01,070] DEBUG (tcp_server): Message successfully decoded (tcp_server.py:96)[0m
[38;21m[2026-08-15 15:26:01,070] DEBUG (tcp_server): XML message received: <?xml version="1.0" encoding="UTF-8"?><s1:AuthorizationSetupReq xmlns:s1="urn:iso:std:iso:15118:-20:CommonMessages" xmlns:xsi="http://www.w3.org/2001/XMLSchema-instance" xmlns:xsd="http://www.w3.org/2001/XMLSchema" xmlns:s0="http://www.w3.org/2000/09/xmldsig#" xmlns:s2="urn:iso:std:iso:15118:-20:CommonTypes"><s2:Header><s2:SessionID>3633353439333934</s2:SessionID><s2:TimeStamp>1786807561</s2:TimeStamp></s2:Header></s1:AuthorizationSetupReq> (tcp_server.py:97)[0m
[38;21m[2026-08-15 15:26:01,071] INFO (tcp_server): Received AuthorizationSetupReq.[0m
[38;21m[2026-08-15 15:26:01,071] DEBUG (tcp_server): XML message to be sent: <?xml version="1.0" encoding="UTF-8"?>
<ns0:AuthorizationSetupRes xmlns:ns0="urn:iso:std:iso:15118:-20:CommonMessages">
  <ns1:Header xmlns:ns1="urn:iso:std:iso:15118:-20:CommonTypes">
    <ns1:SessionID>3633353439333934</ns1:SessionID>
    <ns1:TimeStamp>1786807561</ns1:TimeStamp>
  </ns1:Header>
  <ns1:ResponseCode xmlns:ns1="urn:iso:std:iso:15118:-20:CommonTypes">OK</ns1:ResponseCode>
  <ns0:AuthorizationServices>EIM</ns0:AuthorizationServices>
  <ns0:CertificateInstallationService>false</ns0:CertificateInstallationService>
  <ns0:EIM_ASResAuthorizationMode/>
</ns0:AuthorizationSetupRes>
 (tcp_server.py:124)[0m
[38;21m[2026-08-15 15:26:01,071] DEBUG (tcp_server): Encoding process start (tcp_server.py:125)[0m
[38;21m[2026-08-15 15:26:01,071] INFO (message_handling): Common message to be encoded[0m
[38;21m[2026-08-15 15:26:01,071] INFO (message_handling): Message is valid against Schema XSD[0m
[38;21m[2026-08-15 15:26:01,072] DEBUG (tcp_server): Encoded EXI message: 800C041B199A9A1C999C 9A0898A82D4062000400 (tcp_server.py:134)[0m
[38;21m[2026-08-15 15:26:01,075] INFO (tcp_server): Received request from ('fd00:edf::1', 58474, 0, 0).[0m
[38;21m[2026-08-15 15:26:01,076] INFO (message_handling): Message is valid.[0m
[38;21m[2026-08-15 15:26:01,076] DEBUG (tcp_server): Received EXI msg to be decoded: 8000041B199A9A1C99 9C9A0898A82D406200 (tcp_server.py:84)[0m
[38;21m[2026-08-15 15:26:01,076] INFO (tcp_server): Payload type: 0x8002[0m
[38;21m[2026-08-15 15:26:01,076] INFO (message_handling): Common message to be decoded[0m
[38;21m[2026-08-15 15:26:01,076] DEBUG (tcp_server): Message successfully decoded (tcp_server.py:96)[0m
[38;21m[2026-08-15 15:26:01,076] DEBUG (tcp_server): XML message received: <?xml version="1.0" encoding="UTF-8"?><s1:AuthorizationReq xmlns:s1="urn:iso:std:iso:15118:-20:CommonMessages" xmlns:xsi="http://www.w3.org/2001/XMLSchema-instance" xmlns:xsd="http://www.w3.org/2001/XMLSchema" xmlns:s0="http://www.w3.org/2000/09/xmldsig#" xmlns:s2="urn:iso:std:iso:15118:-20:CommonTypes"><s2:Header><s2:SessionID>3633353439333934</s2:SessionID><s2:TimeStamp>1786807561</s2:TimeStamp></s2:Header><s1:SelectedAuthorizationService>EIM</s1:SelectedAuthorizationService><s1:EIM_AReqAuthorizationMode/></s1:AuthorizationReq> (tcp_server.py:97)[0m
[38;21m[2026-08-15 15:26:01,077] INFO (tcp_server): Received AuthorizationReq.[0m
[38;21m[2026-08-15 15:26:01,077] DEBUG (tcp_server): XML message to be sent: <?xml version="1.0" encoding="UTF-8"?>
<ns0:AuthorizationRes xmlns:ns0="urn:iso:std:iso:15118:-20:CommonMessages">
  <ns1:Header xmlns:ns1="urn:iso:std:iso:15118:-20:CommonTypes">
    <ns1:SessionID>3633353439333934</ns1:SessionID>
    <ns1:TimeStamp>1786807561</ns1:TimeStamp>
  </ns1:Header>
  <ns1:ResponseCode xmlns:ns1="urn:iso:std:iso:15118:-20:CommonTypes">OK</ns1:ResponseCode>
  <ns0:EVSEProcessing>Finished</ns0:EVSEProcessing>
</ns0:AuthorizationRes>
 (tcp_server.py:124)[0m
[38;21m[2026-08-15 15:26:01,077] DEBUG (tcp_server): Encoding process start (tcp_server.py:125)[0m
[38;21m[2026-08-15 15:26:01,077] INFO (message_handling): Common message to be encoded[0m
[38;21m[2026-08-15 15:26:01,077] INFO (message_handling): Message is valid against Schema XSD[0m
[38;21m[2026-08-15 15:26:01,078] DEBUG (tcp_server): Encoded EXI message: 8004041B199A9A1C999 C9A0898A82D40620000 (tcp_server.py:134)[0m
[38;21m[2026-08-15 15:26:01,081] INFO (tcp_server): Received request from ('fd00:edf::1', 58474, 0, 0).[0m
[38;21m[2026-08-15 15:26:01,081] INFO (message_handling): Message is valid.[0m
[38;21m[2026-08-15 15:26:01,081] DEBUG (tcp_server): Received EXI msg to be decoded: 807C041B199A9A1C999C9 A0898A82D406200400C40 (tcp_server.py:84)[0m
[38;21m[2026-08-15 15:26:01,081] INFO (tcp_server): Payload type: 0x8002[0m
[38;21m[2026-08-15 15:26:01,081] INFO (message_handling): Common message to be decoded[0m
[38;21m[2026-08-15 15:26:01,082] DEBUG (tcp_server): Message successfully decoded (tcp_server.py:96)[0m
[38;21m[2026-08-15 15:26:01,082] DEBUG (tcp_server): XML message received: <?xml version="1.0" encoding="UTF-8"?><s1:ServiceDiscoveryReq xmlns:s1="urn:iso:std:iso:15118:-20:CommonMessages" xmlns:xsi="http://www.w3.org/2001/XMLSchema-instance" xmlns:xsd="http://www.w3.org/2001/XMLSchema" xmlns:s0="http://www.w3.org/2000/09/xmldsig#" xmlns:s2="urn:iso:std:iso:15118:-20:CommonTypes"><s2:Header><s2:SessionID>3633353439333934</s2:SessionID><s2:TimeStamp>1786807561</s2:TimeStamp></s2:Header><s1:SupportedServiceIDs><s1:ServiceID>2</s1:ServiceID><s1:ServiceID>6</s1:ServiceID></s1:SupportedServiceIDs></s1:ServiceDiscoveryReq> (tcp_server.py:97)[0m
[38;21m[2026-08-15 15:26:01,082] INFO (tcp_server): Received ServiceDiscoveryReq.[0m
[38;21m[2026-08-15 15:26:01,083] DEBUG (tcp_server): XML message to be sent: <?xml version="1.0" encoding="UTF-8"?>
<ns0:ServiceDiscoveryRes xmlns:ns0="urn:iso:std:iso:15118:-20:CommonMessages">
  <ns1:Header xmlns:ns1="urn:iso:std:iso:15118:-20:CommonTypes">
    <ns1:SessionID>3633353439333934</ns1:SessionID>
    <ns1:TimeStamp>1786807561</ns1:TimeStamp>
  </ns1:Header>
  <ns1:ResponseCode xmlns:ns1="urn:iso:std:iso:15118:-20:CommonTypes">OK</ns1:ResponseCode>
  <ns0:ServiceRenegotiationSupported>false</ns0:ServiceRenegotiationSupported>
  <ns0:EnergyTransferServiceList>
    <ns0:Service>
      <ns0:ServiceID>6</ns0:ServiceID>
      <ns0:FreeService>false</ns0:FreeService>
    </ns0:Service>
  </ns0:EnergyTransferServiceList>
</ns0:ServiceDiscoveryRes>
 (tcp_server.py:124)[0m
[38;21m[2026-08-15 15:26:01,083] DEBUG (tcp_server): Encoding process start (tcp_server.py:125)[0m
[38;21m[2026-08-15 15:26:01,083] INFO (message_handling): Common message to be encoded[0m
[38;21m[2026-08-15 15:26:01,084] INFO (message_handling): Message is valid against Schema XSD[0m
[38;21m[2026-08-15 15:26:01,084] DEBUG (tcp_server): Encoded EXI message: 8080041B199A9A1C999C9A 0898A82D40620000060140 (tcp_server.py:134)[0m
[38;21m[2026-08-15 15:26:01,090] INFO (tcp_server): Received request from ('fd00:edf::1', 58474, 0, 0).[0m
[38;21m[2026-08-15 15:26:01,090] INFO (message_handling): Message is valid.[0m
[38;21m[2026-08-15 15:26:01,090] DEBUG (tcp_server): Received EXI msg to be decoded: 8074041B199A9A1C999 C9A0898A82D40620300 (tcp_server.py:84)[0m
[38;21m[2026-08-15 15:26:01,090] INFO (tcp_server): Payload type: 0x8002[0m
[38;21m[2026-08-15 15:26:01,090] INFO (message_handling): Common message to be decoded[0m
[38;21m[2026-08-15 15:26:01,090] DEBUG (tcp_server): Message successfully decoded (tcp_server.py:96)[0m
[38;21m[2026-08-15 15:26:01,091] DEBUG (tcp_server): XML message received: <?xml version="1.0" encoding="UTF-8"?><s1:ServiceDetailReq xmlns:s1="urn:iso:std:iso:15118:-20:CommonMessages" xmlns:xsi="http://www.w3.org/2001/XMLSchema-instance" xmlns:xsd="http://www.w3.org/2001/XMLSchema" xmlns:s0="http://www.w3.org/2000/09/xmldsig#" xmlns:s2="urn:iso:std:iso:15118:-20:CommonTypes"><s2:Header><s2:SessionID>3633353439333934</s2:SessionID><s2:TimeStamp>1786807561</s2:TimeStamp></s2:Header><s1:ServiceID>6</s1:ServiceID></s1:ServiceDetailReq> (tcp_server.py:97)[0m
[38;21m[2026-08-15 15:26:01,091] INFO (tcp_server): Received ServiceDetailReq.[0m
[38;21m[2026-08-15 15:26:01,092] DEBUG (tcp_server): XML message to be sent: <?xml version="1.0" encoding="UTF-8"?>
<ns0:ServiceDetailRes xmlns:ns0="urn:iso:std:iso:15118:-20:CommonMessages">
  <ns1:Header xmlns:ns1="urn:iso:std:iso:15118:-20:CommonTypes">
    <ns1:SessionID>3633353439333934</ns1:SessionID>
    <ns1:TimeStamp>1786807561</ns1:TimeStamp>
  </ns1:Header>
  <ns1:ResponseCode xmlns:ns1="urn:iso:std:iso:15118:-20:CommonTypes">OK</ns1:ResponseCode>
  <ns0:ServiceID>6</ns0:ServiceID>
  <ns0:ServiceParameterList>
    <ns0:ParameterSet>
      <ns0:ParameterSetID>1</ns0:ParameterSetID>
      <ns0:Parameter ns0:Name="Connector">
        <ns0:intValue>2</ns0:intValue>
      </ns0:Parameter>
      <ns0:Parameter ns0:Name="ControlMode">
        <ns0:intValue>2</ns0:intValue>
      </ns0:Parameter>
      <ns0:Parameter ns0:Name="MobilityNeedsMode">
        <ns0:intValue>2</ns0:intValue>
      </ns0:Parameter>
      <ns0:Parameter ns0:Name="Pricing">
        <ns0:intValue>0</ns0:intValue>
      </ns0:Parameter>
      <ns0:Parameter ns0:Name="BPTChannel">
        <ns0:intValue>1</ns0:intValue>
      </ns0:Parameter>
      <ns0:Parameter ns0:Name="GeneratorMode">
        <ns0:intValue>1</ns0:intValue>
      </ns0:Parameter>
    </ns0:ParameterSet>
  </ns0:ServiceParameterList>
</ns0:ServiceDetailRes>
 (tcp_server.py:124)[0m
[38;21m[2026-08-15 15:26:01,092] DEBUG (tcp_server): Encoding process start (tcp_server.py:125)[0m
[38;21m[2026-08-15 15:26:01,092] INFO (message_handling): Common message to be encoded[0m
[38;21m[2026-08-15 15:26:01,092] INFO (message_handling): Message is valid against Schema XSD[0m
[38;21m[2026-08-15 15:26:01,093] DEBUG (tcp_server): Encoded EXI message: 8078041B199A9A1C999C9A0898A82D40620001800202D0DBDB9B9958DD1BDC980400D436F6E74726F6C4D6F6465601004D35BD89A5B1 A5D1E539959591CD35BD919580400950726963696E6760000310941510DA185B9B995B180200F47656E657261746F724D6F64656008A (tcp_server.py:134)[0m
[38;21m[2026-08-15 15:26:01,097] INFO (tcp_server): Received request from ('fd00:edf::1', 58474, 0, 0).[0m
[38;21m[2026-08-15 15:26:01,098] INFO (message_handling): Message is valid.[0m
[38;21m[2026-08-15 15:26:01,098] DEBUG (tcp_server): Received EXI msg to be decoded: 8084041B199A9A1C999C9 A0898A82D406201800880 (tcp_server.py:84)[0m
[38;21m[2026-08-15 15:26:01,098] INFO (tcp_server): Payload type: 0x8002[0m
[38;21m[2026-08-15 15:26:01,098] INFO (message_handling): Common message to be decoded[0m
[38;21m[2026-08-15 15:26:01,098] DEBUG (tcp_server): Message successfully decoded (tcp_server.py:96)[0m
[38;21m[2026-08-15 15:26:01,099] DEBUG (tcp_server): XML message received: <?xml version="1.0" encoding="UTF-8"?><s1:ServiceSelectionReq xmlns:s1="urn:iso:std:iso:15118:-20:CommonMessages" xmlns:xsi="http://www.w3.org/2001/XMLSchema-instance" xmlns:xsd="http://www.w3.org/2001/XMLSchema" xmlns:s0="http://www.w3.org/2000/09/xmldsig#" xmlns:s2="urn:iso:std:iso:15118:-20:CommonTypes"><s2:Header><s2:SessionID>3633353439333934</s2:SessionID><s2:TimeStamp>1786807561</s2:TimeStamp></s2:Header><s1:SelectedEnergyTransferService><s1:ServiceID>6</s1:ServiceID><s1:ParameterSetID>1</s1:ParameterSetID></s1:SelectedEnergyTransferService></s1:ServiceSelectionReq> (tcp_server.py:97)[0m
[38;21m[2026-08-15 15:26:01,099] INFO (tcp_server): Received ServiceSelectionReq.[0m
[38;21m[2026-08-15 15:26:01,099] DEBUG (tcp_server): XML message to be sent: <?xml version="1.0" encoding="UTF-8"?>
<ns0:ServiceSelectionRes xmlns:ns0="urn:iso:std:iso:15118:-20:CommonMessages">
  <ns1:Header xmlns:ns1="urn:iso:std:iso:15118:-20:CommonTypes">
    <ns1:SessionID>3633353439333934</ns1:SessionID>
    <ns1:TimeStamp>1786807561</ns1:TimeStamp>
  </ns1:Header>
  <ns1:ResponseCode xmlns:ns1="urn:iso:std:iso:15118:-20:CommonTypes">OK</ns1:ResponseCode>
</ns0:ServiceSelectionRes>
 (tcp_server.py:124)[0m
[38;21m[2026-08-15 15:26:01,099] DEBUG (tcp_server): Encoding process start (tcp_server.py:125)[0m
[38;21m[2026-08-15 15:26:01,099] INFO (message_handling): Common message to be encoded[0m
[38;21m[2026-08-15 15:26:01,099] INFO (message_handling): Message is valid against Schema XSD[0m
[38;21m[2026-08-15 15:26:01,100] DEBUG (tcp_server): Encoded EXI message: 8088041B199A9A1C999 C9A0898A82D40620000 (tcp_server.py:134)[0m
[38;21m[2026-08-15 15:26:01,105] INFO (tcp_server): Received request from ('fd00:edf::1', 58474, 0, 0).[0m
[38;21m[2026-08-15 15:26:01,105] INFO (message_handling): Message is valid.[0m
[38;21m[2026-08-15 15:26:01,105] DEBUG (tcp_server): Received EXI msg to be decoded: 803C041B199A9A1C999C9A0898A82D4062081088270400000200320 041000000800F403040019028040844138200000100190020800000 (tcp_server.py:84)[0m
[38;21m[2026-08-15 15:26:01,105] INFO (tcp_server): Payload type: 0x8004[0m
[38;21m[2026-08-15 15:26:01,105] INFO (message_handling): DC message to be decoded[0m
[38;21m[2026-08-15 15:26:01,106] DEBUG (tcp_server): Message successfully decoded (tcp_server.py:96)[0m
[38;21m[2026-08-15 15:26:01,106] DEBUG (tcp_server): XML message received: <?xml version="1.0" encoding="UTF-8"?><s2:DC_ChargeParameterDiscoveryReq xmlns:s2="urn:iso:std:iso:15118:-20:DC" xmlns:xsi="http://www.w3.org/2001/XMLSchema-instance" xmlns:xsd="http://www.w3.org/2001/XMLSchema" xmlns:s0="http://www.w3.org/2000/09/xmldsig#" xmlns:s1="urn:iso:std:iso:15118:-20:CommonTypes"><s1:Header><s1:SessionID>3633353439333934</s1:SessionID><s1:TimeStamp>1786807561</s1:TimeStamp></s1:Header><s2:BPT_DC_CPDReqEnergyTransferMode><s2:EVMaximumChargePower><s1:Exponent>1</s1:Exponent><s1:Value>5000</s1:Value></s2:EVMaximumChargePower><s2:EVMinimumChargePower><s1:Exponent>0</s1:Exponent><s1:Value>0</s1:Value></s2:EVMinimumChargePower><s2:EVMaximumChargeCurrent><s1:Exponent>0</s1:Exponent><s1:Value>200</s1:Value></s2:EVMaximumChargeCurrent><s2:EVMinimumChargeCurrent><s1:Exponent>0</s1:Exponent><s1:Value>0</s1:Value></s2:EVMinimumChargeCurrent><s2:EVMaximumVoltage><s1:Exponent>0</s1:Exponent><s1:Value>500</s1:Value></s2:EVMaximumVoltage><s2:EVMinimumVoltage><s1:Exponent>0</s1:Exponent><s1:Value>50</s1:Value></s2:EVMinimumVoltage><s2:TargetSOC>80</s2:TargetSOC><s2:EVMaximumDischargePower><s1:Exponent>1</s1:Exponent><s1:Value>5000</s1:Value></s2:EVMaximumDischargePower><s2:EVMinimumDischargePower><s1:Exponent>0</s1:Exponent><s1:Value>0</s1:Value></s2:EVMinimumDischargePower><s2:EVMaximumDischargeCurrent><s1:Exponent>0</s1:Exponent><s1:Value>200</s1:Value></s2:EVMaximumDischargeCurrent><s2:EVMinimumDischargeCurrent><s1:Exponent>0</s1:Exponent><s1:Value>0</s1:Value></s2:EVMinimumDischargeCurrent></s2:BPT_DC_CPDReqEnergyTransferMode></s2:DC_ChargeParameterDiscoveryReq> (tcp_server.py:97)[0m
[38;21m[2026-08-15 15:26:01,107] INFO (tcp_server): Received DcChargeParameterDiscoveryReq.[0m
[38;21m[2026-08-15 15:26:01,108] DEBUG (tcp_server): XML message to be sent: <?xml version="1.0" encoding="UTF-8"?>
<ns0:DC_ChargeParameterDiscoveryRes xmlns:ns0="urn:iso:std:iso:15118:-20:DC">
  <ns1:Header xmlns:ns1="urn:iso:std:iso:15118:-20:CommonTypes">
    <ns1:SessionID>3633353439333934</ns1:SessionID>
    <ns1:TimeStamp>1786807561</ns1:TimeStamp>
  </ns1:Header>
  <ns1:ResponseCode xmlns:ns1="urn:iso:std:iso:15118:-20:CommonTypes">OK</ns1:ResponseCode>
  <ns0:BPT_DC_CPDResEnergyTransferMode>
    <ns0:EVSEMaximumChargePower>
      <ns1:Exponent xmlns:ns1="urn:iso:std:iso:15118:-20:CommonTypes">3</ns1:Exponent>
      <ns1:Value xmlns:ns1="urn:iso:std:iso:15118:-20:CommonTypes">11</ns1:Value>
    </ns0:EVSEMaximumChargePower>
    <ns0:EVSEMinimumChargePower>
      <ns1:Exponent xmlns:ns1="urn:iso:std:iso:15118:-20:CommonTypes">0</ns1:Exponent>
      <ns1:Value xmlns:ns1="urn:iso:std:iso:15118:-20:CommonTypes">500</ns1:Value>
    </ns0:EVSEMinimumChargePower>
    <ns0:EVSEMaximumChargeCurrent>
      <ns1:Exponent xmlns:ns1="urn:iso:std:iso:15118:-20:CommonTypes">0</ns1:Exponent>
      <ns1:Value xmlns:ns1="urn:iso:std:iso:15118:-20:CommonTypes">44</ns1:Value>
    </ns0:EVSEMaximumChargeCurrent>
    <ns0:EVSEMinimumChargeCurrent>
      <ns1:Exponent xmlns:ns1="urn:iso:std:iso:15118:-20:CommonTypes">-3</ns1:Exponent>
      <ns1:Value xmlns:ns1="urn:iso:std:iso:15118:-20:CommonTypes">27500</ns1:Value>
    </ns0:EVSEMinimumChargeCurrent>
    <ns0:EVSEMaximumVoltage>
      <ns1:Exponent xmlns:ns1="urn:iso:std:iso:15118:-20:CommonTypes">2</ns1:Exponent>
      <ns1:Value xmlns:ns1="urn:iso:std:iso:15118:-20:CommonTypes">4</ns1:Value>
    </ns0:EVSEMaximumVoltage>
    <ns0:EVSEMinimumVoltage>
      <ns1:Exponent xmlns:ns1="urn:iso:std:iso:15118:-20:CommonTypes">0</ns1:Exponent>
      <ns1:Value xmlns:ns1="urn:iso:std:iso:15118:-20:CommonTypes">250</ns1:Value>
    </ns0:EVSEMinimumVoltage>
    <ns0:EVSEMaximumDischargePower>
      <ns1:Exponent xmlns:ns1="urn:iso:std:iso:15118:-20:CommonTypes">3</ns1:Exponent>
      <ns1:Value xmlns:ns1="urn:iso:std:iso:15118:-20:CommonTypes">11</ns1:Value>
    </ns0:EVSEMaximumDischargePower>
    <ns0:EVSEMinimumDischargePower>
      <ns1:Exponent xmlns:ns1="urn:iso:std:iso:15118:-20:CommonTypes">0</ns1:Exponent>
      <ns1:Value xmlns:ns1="urn:iso:std:iso:15118:-20:CommonTypes">500</ns1:Value>
    </ns0:EVSEMinimumDischargePower>
    <ns0:EVSEMaximumDischargeCurrent>
      <ns1:Exponent xmlns:ns1="urn:iso:std:iso:15118:-20:CommonTypes">0</ns1:Exponent>
      <ns1:Value xmlns:ns1="urn:iso:std:iso:15118:-20:CommonTypes">44</ns1:Value>
    </ns0:EVSEMaximumDischargeCurrent>
    <ns0:EVSEMinimumDischargeCurrent>
      <ns1:Exponent xmlns:ns1="urn:iso:std:iso:15118:-20:CommonTypes">-3</ns1:Exponent>
      <ns1:Value xmlns:ns1="urn:iso:std:iso:15118:-20:CommonTypes">27500</ns1:Value>
    </ns0:EVSEMinimumDischargeCurrent>
  </ns0:BPT_DC_CPDResEnergyTransferMode>
</ns0:DC_ChargeParameterDiscoveryRes>
 (tcp_server.py:124)[0m
[38;21m[2026-08-15 15:26:01,108] DEBUG (tcp_server): Encoding process start (tcp_server.py:125)[0m
[38;21m[2026-08-15 15:26:01,108] INFO (message_handling): DC message to be encoded[0m
[38;21m[2026-08-15 15:26:01,108] INFO (message_handling): Message is valid against Schema XSD[0m
[38;21m[2026-08-15 15:26:01,109] DEBUG (tcp_server): Encoded EXI message: 8040041B199A9A1C999C9A0898A82D40620004180582003D00C100058 07D0ECD60104100202003E80448300B04007A0182000B00FA1D9AC020 (tcp_server.py:134)[0m
[38;21m[2026-08-15 15:26:01,115] INFO (tcp_server): Received request from ('fd00:edf::1', 58474, 0, 0).[0m
[38;21m[2026-08-15 15:26:01,115] INFO (message_handling): Message is valid.[0m
[38;21m[2026-08-15 15:26:01,115] DEBUG (tcp_server): Received EXI msg to be decoded: 806C041B199A9A1C999C9A0898A82D4062 0000901C03C14020C07810607808300A20 (tcp_server.py:84)[0m
[38;21m[2026-08-15 15:26:01,115] INFO (tcp_server): Payload type: 0x8002[0m
[38;21m[2026-08-15 15:26:01,116] INFO (message_handling): Common message to be decoded[0m
[38;21m[2026-08-15 15:26:01,116] DEBUG (tcp_server): Message successfully decoded (tcp_server.py:96)[0m
[38;21m[2026-08-15 15:26:01,116] DEBUG (tcp_server): XML message received: <?xml version="1.0" encoding="UTF-8"?><s1:ScheduleExchangeReq xmlns:s1="urn:iso:std:iso:15118:-20:CommonMessages" xmlns:xsi="http://www.w3.org/2001/XMLSchema-instance" xmlns:xsd="http://www.w3.org/2001/XMLSchema" xmlns:s0="http://www.w3.org/2000/09/xmldsig#" xmlns:s2="urn:iso:std:iso:15118:-20:CommonTypes"><s2:Header><s2:SessionID>3633353439333934</s2:SessionID><s2:TimeStamp>1786807561</s2:TimeStamp></s2:Header><s1:MaximumSupportingPoints>12</s1:MaximumSupportingPoints><s1:Dynamic_SEReqControlMode><s1:DepartureTime>3600</s1:DepartureTime><s1:MinimumSOC>30</s1:MinimumSOC><s1:TargetSOC>80</s1:TargetSOC><s1:EVTargetEnergyRequest><s2:Exponent>3</s2:Exponent><s2:Value>30</s2:Value></s1:EVTargetEnergyRequest><s1:EVMaximumEnergyRequest><s2:Exponent>3</s2:Exponent><s2:Value>60</s2:Value></s1:EVMaximumEnergyRequest><s1:EVMinimumEnergyRequest><s2:Exponent>3</s2:Exponent><s2:Value>10</s2:Value></s1:EVMinimumEnergyRequest></s1:Dynamic_SEReqControlMode></s1:ScheduleExchangeReq> (tcp_server.py:97)[0m
[38;21m[2026-08-15 15:26:01,117] INFO (tcp_server): Received ScheduleExchangeReq.[0m
[38;21m[2026-08-15 15:26:01,117] DEBUG (tcp_server): XML message to be sent: <?xml version="1.0" encoding="UTF-8"?>
<ns0:ScheduleExchangeRes xmlns:ns0="urn:iso:std:iso:15118:-20:CommonMessages">
  <ns1:Header xmlns:ns1="urn:iso:std:iso:15118:-20:CommonTypes">
    <ns1:SessionID>3633353439333934</ns1:SessionID>
    <ns1:TimeStamp>1786807561</ns1:TimeStamp>
  </ns1:Header>
  <ns1:ResponseCode xmlns:ns1="urn:iso:std:iso:15118:-20:CommonTypes">OK</ns1:ResponseCode>
  <ns0:EVSEProcessing>Finished</ns0:EVSEProcessing>
  <ns0:Dynamic_SEResControlMode>
    <ns0:DepartureTime>3600</ns0:DepartureTime>
  </ns0:Dynamic_SEResControlMode>
</ns0:ScheduleExchangeRes>
 (tcp_server.py:124)[0m
[38;21m[2026-08-15 15:26:01,117] DEBUG (tcp_server): Encoding process start (tcp_server.py:125)[0m
[38;21m[2026-08-15 15:26:01,117] INFO (message_handling): Common message to be encoded[0m
[38;21m[2026-08-15 15:26:01,117] INFO (message_handling): Message is valid against Schema XSD[0m
[38;21m[2026-08-15 15:26:01,118] DEBUG (tcp_server): Encoded EXI message: 8070041B199A9A1C999C9A 0898A82D40620002120388 (tcp_server.py:134)[0m
[38;21m[2026-08-15 15:26:01,122] INFO (tcp_server): Received request from ('fd00:edf::1', 58474, 0, 0).[0m
[38;21m[2026-08-15 15:26:01,123] INFO (message_handling): Message is valid.[0m
[38;21m[2026-08-15 15:26:01,123] DEBUG (tcp_server): Received EXI msg to be decoded: 802C041B199A9A1C9 99C9A0898A82D4062 (tcp_server.py:84)[0m
[38;21m[2026-08-15 15:26:01,123] INFO (tcp_server): Payload type: 0x8004[0m
[38;21m[2026-08-15 15:26:01,123] INFO (message_handling): DC message to be decoded[0m
[38;21m[2026-08-15 15:26:01,123] DEBUG (tcp_server): Message successfully decoded (tcp_server.py:96)[0m
[38;21m[2026-08-15 15:26:01,123] DEBUG (tcp_server): XML message received: <?xml version="1.0" encoding="UTF-8"?><s2:DC_CableCheckReq xmlns:s2="urn:iso:std:iso:15118:-20:DC" xmlns:xsi="http://www.w3.org/2001/XMLSchema-instance" xmlns:xsd="http://www.w3.org/2001/XMLSchema" xmlns:s0="http://www.w3.org/2000/09/xmldsig#" xmlns:s1="urn:iso:std:iso:15118:-20:CommonTypes"><s1:Header><s1:SessionID>3633353439333934</s1:SessionID><s1:TimeStamp>1786807561</s1:TimeStamp></s1:Header></s2:DC_CableCheckReq> (tcp_server.py:97)[0m
[38;21m[2026-08-15 15:26:01,124] INFO (tcp_server): Received DcCableCheckReq.[0m
[38;21m[2026-08-15 15:26:01,124] DEBUG (tcp_server): XML message to be sent: <?xml version="1.0" encoding="UTF-8"?>
<ns0:DC_CableCheckRes xmlns:ns0="urn:iso:std:iso:15118:-20:DC">
  <ns1:Header xmlns:ns1="urn:iso:std:iso:15118:-20:CommonTypes">
    <ns1:SessionID>3633353439333934</ns1:SessionID>
    <ns1:TimeStamp>1786807561</ns1:TimeStamp>
  </ns1:Header>
  <ns1:ResponseCode xmlns:ns1="urn:iso:std:iso:15118:-20:CommonTypes">OK</ns1:ResponseCode>
  <ns0:EVSEProcessing>Finished</ns0:EVSEProcessing>
</ns0:DC_CableCheckRes>
 (tcp_server.py:124)[0m
[38;21m[2026-08-15 15:26:01,124] DEBUG (tcp_server): Encoding process start (tcp_server.py:125)[0m
[38;21m[2026-08-15 15:26:01,124] INFO (message_handling): DC message to be encoded[0m
[38;21m[2026-08-15 15:26:01,124] INFO (message_handling): Message is valid against Schema XSD[0m
[38;21m[2026-08-15 15:26:01,125] DEBUG (tcp_server): Encoded EXI message: 8030041B199A9A1C999 C9A0898A82D40620000 (tcp_server.py:134)[0m
[38;21m[2026-08-15 15:26:01,127] INFO (tcp_server): Received request from ('fd00:edf::1', 58474, 0, 0).[0m
[38;21m[2026-08-15 15:26:01,127] INFO (message_handling): Message is valid.[0m
[38;21m[2026-08-15 15:26:01,127] DEBUG (tcp_server): Received EXI msg to be decoded: 8044041B199A9A1C999C9A089 8A82D40620100000080090030 (tcp_server.py:84)[0m
[38;21m[2026-08-15 15:26:01,127] INFO (tcp_server): Payload type: 0x8004[0m
[38;21m[2026-08-15 15:26:01,127] INFO (message_handling): DC message to be decoded[0m
[38;21m[2026-08-15 15:26:01,127] DEBUG (tcp_server): Message successfully decoded (tcp_server.py:96)[0m
[38;21m[2026-08-15 15:26:01,127] DEBUG (tcp_server): XML message received: <?xml version="1.0" encoding="UTF-8"?><s2:DC_PreChargeReq xmlns:s2="urn:iso:std:iso:15118:-20:DC" xmlns:xsi="http://www.w3.org/2001/XMLSchema-instance" xmlns:xsd="http://www.w3.org/2001/XMLSchema" xmlns:s0="http://www.w3.org/2000/09/xmldsig#" xmlns:s1="urn:iso:std:iso:15118:-20:CommonTypes"><s1:Header><s1:SessionID>3633353439333934</s1:SessionID><s1:TimeStamp>1786807561</s1:TimeStamp></s1:Header><s2:EVProcessing>Finished</s2:EVProcessing><s2:EVPresentVoltage><s1:Exponent>0</s1:Exponent><s1:Value>0</s1:Value></s2:EVPresentVoltage><s2:EVTargetVoltage><s1:Exponent>0</s1:Exponent><s1:Value>400</s1:Value></s2:EVTargetVoltage></s2:DC_PreChargeReq> (tcp_server.py:97)[0m
[38;21m[2026-08-15 15:26:01,128] INFO (tcp_server): Received DcPreChargeReq.[0m
[38;21m[2026-08-15 15:26:01,129] DEBUG (tcp_server): XML message to be sent: <?xml version="1.0" encoding="UTF-8"?>
<ns0:DC_PreChargeRes xmlns:ns0="urn:iso:std:iso:15118:-20:DC">
  <ns1:Header xmlns:ns1="urn:iso:std:iso:15118:-20:CommonTypes">
    <ns1:SessionID>3633353439333934</ns1:SessionID>
    <ns1:TimeStamp>1786807561</ns1:TimeStamp>
  </ns1:Header>
  <ns1:ResponseCode xmlns:ns1="urn:iso:std:iso:15118:-20:CommonTypes">OK</ns1:ResponseCode>
  <ns0:EVSEPresentVoltage>
    <ns1:Exponent xmlns:ns1="urn:iso:std:iso:15118:-20:CommonTypes">0</ns1:Exponent>
    <ns1:Value xmlns:ns1="urn:iso:std:iso:15118:-20:CommonTypes">400</ns1:Value>
  </ns0:EVSEPresentVoltage>
</ns0:DC_PreChargeRes>
 (tcp_server.py:124)[0m
[38;21m[2026-08-15 15:26:01,129] DEBUG (tcp_server): Encoding process start (tcp_server.py:125)[0m
[38;21m[2026-08-15 15:26:01,129] INFO (message_handling): DC message to be encoded[0m
[38;21m[2026-08-15 15:26:01,130] INFO (message_handling): Message is valid against Schema XSD[0m
[38;21m[2026-08-15 15:26:01,131] DEBUG (tcp_server): Encoded EXI message: 8048041B199A9A1C999C9A0 898A82D4062001001200600 (tcp_server.py:134)[0m
[38;21m[2026-08-15 15:26:01,134] INFO (tcp_server): Received request from ('fd00:edf::1', 58474, 0, 0).[0m
[38;21m[2026-08-15 15:26:01,134] INFO (message_handling): Message is valid.[0m
[38;21m[2026-08-15 15:26:01,134] DEBUG (tcp_server): Received EXI msg to be decoded: 8054041B199A9A1C999C9A0898A 82D40620000000480E041805124 (tcp_server.py:84)[0m
[38;21m[2026-08-15 15:26:01,134] INFO (tcp_server): Payload type: 0x8002[0m
[38;21m[2026-08-15 15:26:01,134] INFO (message_handling): Common message to be decoded[0m
[38;21m[2026-08-15 15:26:01,135] DEBUG (tcp_server): Message successfully decoded (tcp_server.py:96)[0m
[38;21m[2026-08-15 15:26:01,135] DEBUG (tcp_server): XML message received: <?xml version="1.0" encoding="UTF-8"?><s1:PowerDeliveryReq xmlns:s1="urn:iso:std:iso:15118:-20:CommonMessages" xmlns:xsi="http://www.w3.org/2001/XMLSchema-instance" xmlns:xsd="http://www.w3.org/2001/XMLSchema" xmlns:s0="http://www.w3.org/2000/09/xmldsig#" xmlns:s2="urn:iso:std:iso:15118:-20:CommonTypes"><s2:Header><s2:SessionID>3633353439333934</s2:SessionID><s2:TimeStamp>1786807561</s2:TimeStamp></s2:Header><s1:EVProcessing>Finished</s1:EVProcessing><s1:ChargeProgress>Start</s1:ChargeProgress><s1:EVPowerProfile><s1:TimeAnchor>0</s1:TimeAnchor><s1:Dynamic_EVPPTControlMode/><s1:EVPowerProfileEntries><s1:EVPowerProfileEntry><s1:Duration>3600</s1:Duration><s1:Power><s2:Exponent>3</s2:Exponent><s2:Value>10</s2:Value></s1:Power></s1:EVPowerProfileEntry></s1:EVPowerProfileEntries></s1:EVPowerProfile></s1:PowerDeliveryReq> (tcp_server.py:97)[0m
Task exception was never retrieved
future: <Task finished name='Task-135' coro=<AsyncEvent.trigger() done, defined at /usr/local/lib/python3.8/site-packages/transitions/extensions/asyncio.py:166> exception=MachineError("Can't trigger event charge from state C!")>
Traceback (most recent call last):
  File "/usr/local/lib/python3.8/site-packages/transitions/extensions/asyncio.py", line 177, in trigger
    return await self.machine.process_context(func, _model)
  File "/usr/local/lib/python3.8/site-packages/transitions/extensions/asyncio.py", line 409, in process_context
    res = await self._process(func, model)
  File "/usr/local/lib/python3.8/site-packages/transitions/extensions/asyncio.py", line 443, in _process
    return await trigger()
  File "/usr/local/lib/python3.8/site-packages/transitions/extensions/asyncio.py", line 190, in _trigger
    raise MachineError(msg)
transitions.core.MachineError: "Can't trigger event charge from state C!"
[38;21m[2026-08-15 15:26:01,136] INFO (tcp_server): Received PowerDeliveryReq.[0m
[38;21m[2026-08-15 15:26:01,137] DEBUG (tcp_server): XML message to be sent: <?xml version="1.0" encoding="UTF-8"?>
<ns0:PowerDeliveryRes xmlns:ns0="urn:iso:std:iso:15118:-20:CommonMessages">
  <ns1:Header xmlns:ns1="urn:iso:std:iso:15118:-20:CommonTypes">
    <ns1:SessionID>3633353439333934</ns1:SessionID>
    <ns1:TimeStamp>1786807561</ns1:TimeStamp>
  </ns1:Header>
  <ns1:ResponseCode xmlns:ns1="urn:iso:std:iso:15118:-20:CommonTypes">OK</ns1:ResponseCode>
</ns0:PowerDeliveryRes>
 (tcp_server.py:124)[0m
[38;21m[2026-08-15 15:26:01,137] DEBUG (tcp_server): Encoding process start (tcp_server.py:125)[0m
[38;21m[2026-08-15 15:26:01,137] INFO (message_handling): Common message to be encoded[0m
[38;21m[2026-08-15 15:26:01,137] INFO (message_handling): Message is valid against Schema XSD[0m
[38;21m[2026-08-15 15:26:01,138] DEBUG (tcp_server): Encoded EXI message: 8058041B199A9A1C999 C9A0898A82D40620040 (tcp_server.py:134)[0m
[38;21m[2026-08-15 15:26:01,142] INFO (tcp_server): Received request from ('fd00:edf::1', 58474, 0, 0).[0m
[38;21m[2026-08-15 15:26:01,142] INFO (message_handling): Message is valid.[0m
[38;21m[2026-08-15 15:26:01,143] DEBUG (tcp_server): Received EXI msg to be decoded: 8034041B199A9A1C999C9A0898A82D406281001200601203810603C08303C0 41805020C0C810600208007D04007A0182003200410606408300104003E900 (tcp_server.py:84)[0m
[38;21m[2026-08-15 15:26:01,143] INFO (tcp_server): Payload type: 0x8004[0m
[38;21m[2026-08-15 15:26:01,143] INFO (message_handling): DC message to be decoded[0m
[38;21m[2026-08-15 15:26:01,143] DEBUG (tcp_server): Message successfully decoded (tcp_server.py:96)[0m
[38;21m[2026-08-15 15:26:01,143] DEBUG (tcp_server): XML message received: <?xml version="1.0" encoding="UTF-8"?><s2:DC_ChargeLoopReq xmlns:s2="urn:iso:std:iso:15118:-20:DC" xmlns:xsi="http://www.w3.org/2001/XMLSchema-instance" xmlns:xsd="http://www.w3.org/2001/XMLSchema" xmlns:s0="http://www.w3.org/2000/09/xmldsig#" xmlns:s1="urn:iso:std:iso:15118:-20:CommonTypes"><s1:Header><s1:SessionID>3633353439333934</s1:SessionID><s1:TimeStamp>1786807561</s1:TimeStamp></s1:Header><s1:MeterInfoRequested>false</s1:MeterInfoRequested><s2:EVPresentVoltage><s1:Exponent>0</s1:Exponent><s1:Value>400</s1:Value></s2:EVPresentVoltage><s2:BPT_Dynamic_DC_CLReqControlMode><s1:DepartureTime>3600</s1:DepartureTime><s1:EVTargetEnergyRequest><s1:Exponent>3</s1:Exponent><s1:Value>30</s1:Value></s1:EVTargetEnergyRequest><s1:EVMaximumEnergyRequest><s1:Exponent>3</s1:Exponent><s1:Value>60</s1:Value></s1:EVMaximumEnergyRequest><s1:EVMinimumEnergyRequest><s1:Exponent>3</s1:Exponent><s1:Value>10</s1:Value></s1:EVMinimumEnergyRequest><s2:EVMaximumChargePower><s1:Exponent>3</s1:Exponent><s1:Value>50</s1:Value></s2:EVMaximumChargePower><s2:EVMinimumChargePower><s1:Exponent>3</s1:Exponent><s1:Value>1</s1:Value></s2:EVMinimumChargePower><s2:EVMaximumChargeCurrent><s1:Exponent>0</s1:Exponent><s1:Value>125</s1:Value></s2:EVMaximumChargeCurrent><s2:EVMaximumVoltage><s1:Exponent>0</s1:Exponent><s1:Value>500</s1:Value></s2:EVMaximumVoltage><s2:EVMinimumVoltage><s1:Exponent>0</s1:Exponent><s1:Value>200</s1:Value></s2:EVMinimumVoltage><s2:EVMaximumDischargePower><s1:Exponent>3</s1:Exponent><s1:Value>50</s1:Value></s2:EVMaximumDischargePower><s2:EVMinimumDischargePower><s1:Exponent>3</s1:Exponent><s1:Value>1</s1:Value></s2:EVMinimumDischargePower><s2:EVMaximumDischargeCurrent><s1:Exponent>0</s1:Exponent><s1:Value>125</s1:Value></s2:EVMaximumDischargeCurrent></s2:BPT_Dynamic_DC_CLReqControlMode></s2:DC_ChargeLoopReq> (tcp_server.py:97)[0m
[38;21m[2026-08-15 15:26:01,145] INFO (tcp_server): Received DcChargeLoopReq.[0m
[33;21m[2026-08-15 15:26:01,146] WARNING (process_dc_charge_loop_request): Voltage limit achieved! (process_dc_charge_loop_request.py:82)[0m
Fatal error: protocol.data_received() call failed.
protocol: <secc.tcp_server.TCPServerProtocol object at 0x76bc0198b190>
transport: <_SelectorSocketTransport fd=22 read=polling write=<idle, bufsize=0>>
Traceback (most recent call last):
  File "/usr/local/lib/python3.8/asyncio/selector_events.py", line 862, in _read_ready__data_received
    self._protocol.data_received(data)
  File "/app/secc/../secc/tcp_server.py", line 60, in data_received
    self.process_incoming_message(packet)
  File "/app/secc/../secc/tcp_server.py", line 112, in process_incoming_message
    reaction = self.session.get_state(self.session.state).process_payload(xml_object)
  File "/app/secc/../secc/states/process_dc_charge_loop_request.py", line 34, in process_payload
    self.dc_bpt_charging(payload, response)
  File "/app/secc/../secc/states/process_dc_charge_loop_request.py", line 115, in dc_bpt_charging
    self.controller.data_model.update_charging_status(display_parameters.present_soc,
AttributeError: 'NoneType' object has no attribute 'present_soc'
[31;21m[2026-08-15 15:26:01,146] ERROR (tcp_server): 'NoneType' object has no attribute 'present_soc'. (tcp_server.py:69)[0m
