2026-08-03 16:01:10.211275 [INFO] manager          ::   ________      __                _   
2026-08-03 16:01:10.216633 [INFO] manager          ::  |  ____\ \    / /               | |
2026-08-03 16:01:10.216774 [INFO] manager          ::  | |__   \ \  / /__ _ __ ___  ___| |_
2026-08-03 16:01:10.216899 [INFO] manager          ::  |  __|   \ \/ / _ \ '__/ _ \/ __| __|
2026-08-03 16:01:10.216979 [INFO] manager          ::  | |____   \  /  __/ | |  __/\__ \ |_
2026-08-03 16:01:10.217053 [INFO] manager          ::  |______|   \/ \___|_|  \___||___/\__|
2026-08-03 16:01:10.217141 [INFO] manager          :: 
2026-08-03 16:01:10.217209 [INFO] manager          :: everest-framework 0.24.0 @v0.24.0
2026-08-03 16:01:10.217293 [INFO] manager          :: everest-core_tests  @2025.10.0-dirty
2026-08-03 16:01:10.217396 [INFO] manager          :: 
2026-08-03 16:01:10.217486 [INFO] manager          :: Using MQTT broker mqtt:1883
2026-08-03 16:01:10.284143 [INFO] everest_ctrl     :: Launching controller service on port 8849
2026-08-03 16:01:10.468711 [INFO] manager          :: Boot mode is set to YamlFile, loading module configs from YAML file
2026-08-03 16:01:10.468987 [INFO] manager          :: Loading config file at: /ext/dist/etc/everest/config-d20-pnc.yaml
2026-08-03 16:01:11.833177 [INFO] manager          :: Config loading completed in 1606ms
2026-08-03 16:01:11.874742 [INFO] manager          :: Starting 18 modules
2026-08-03 16:01:17.469355 [INFO] ev_api:EvAPI     :: Module ev_api initialized [4947ms]
2026-08-03 16:01:17.615194 [INFO] token_provider:  :: Module token_provider initialized [4508ms]
2026-08-03 16:01:17.707637 [INFO] error_history:E  :: Using database at "/tmp/error_history.db"
2026-08-03 16:01:17.762749 [INFO] error_history:E  :: Checking database
2026-08-03 16:01:17.758823 [INFO] auth:Auth        :: Module auth initialized [5057ms]
2026-08-03 16:01:17.780569 [INFO] energy_manager:  :: Module energy_manager initialized [5074ms]
2026-08-03 16:01:17.848573 [INFO] slac:SlacSimula  :: Module slac initialized [4817ms]
2026-08-03 16:01:17.969726 [INFO] api:API          :: Module api initialized [5441ms]
2026-08-03 16:01:18.007596 [INFO] yeti_driver:Yet  :: Module yeti_driver initialized [4844ms]
2026-08-03 16:01:18.059252 [INFO] error_history:E  :: Module error_history initialized [5344ms]
2026-08-03 16:01:18.047382 [INFO] api_sink:Energy  :: Module api_sink initialized [5782ms]
2026-08-03 16:01:18.132499 [INFO] powersupply_dc:  :: Module powersupply_dc initialized [5106ms]
2026-08-03 16:01:18.161988 [INFO] grid_connection  :: Module grid_connection_point initialized [5368ms]
2026-08-03 16:01:18.204312 [INFO] ev_manager:EvMa  :: Module ev_manager initialized [5416ms]
2026-08-03 16:01:18.200559 [INFO] token_validator  :: Module token_validator initialized [5014ms]
2026-08-03 16:01:18.211980 [INFO] imd:IMDSimulato  :: Module imd initialized [5388ms]
2026-08-03 16:01:18.244324 [INFO] iso15118_charge  :: Module iso15118_charger initialized [5172ms]
2026-08-03 16:01:18.227684 [INFO] evse_security:E  :: Module evse_security initialized [5332ms]
2026-08-03 16:01:18.389952 [INFO] evse_manager:Ev  :: Module evse_manager initialized [5644ms]
2026-08-03 16:01:19.010073 [DEBG] iso15118_car    void Everest::Logging::init(const std::string&, std::string) :: Logger initialized (using /ext/dist/etc/everest/default_logging.cfg)...
2026-08-03 16:01:19.023010 [DEBG] iso15118_car    Everest::MQTTAbstractionImpl::MQTTAbstractionImpl(const std::string&, const std::string&, const std::string&, const std::string&) :: Initializing MQTT abstraction layer...
2026-08-03 16:01:19.024116 [DEBG] iso15118_car    bool Everest::MQTTAbstractionImpl::connect() :: Connecting to MQTT broker: mqtt:1883
2026-08-03 16:01:19.038566 [DEBG] iso15118_car    void Everest::MQTTAbstractionImpl::on_mqtt_connect() :: Connected to MQTT broker
2026-08-03 16:01:19.038889 [DEBG] iso15118_car    void Everest::MQTTAbstractionImpl::on_mqtt_connect() :: Subscribing to needed MQTT topics...
2026-08-03 16:01:19.045639 [DEBG] iso15118_car    void Everest::MQTTAbstractionImpl::register_handler(const std::string&, std::shared_ptr<TypedHandler>, QOS) :: Registering get config MQTT handler 0xe95638 on topic everest/modules/iso15118_car/response
2026-08-03 16:01:19.084033 [DEBG] iso15118_car    void Everest::MQTTAbstractionImpl::register_handler(const std::string&, std::shared_ptr<TypedHandler>, QOS) :: Registering get config MQTT handler 0xeb7768 on topic everest/interfaces
2026-08-03 16:01:19.131453 [DEBG] iso15118_car    void Everest::MQTTAbstractionImpl::register_handler(const std::string&, std::shared_ptr<TypedHandler>, QOS) :: Registering get config MQTT handler 0xeb7768 on topic everest/interface_definitions/ISO15118_charger
2026-08-03 16:01:19.155838 [DEBG] iso15118_car    void Everest::MQTTAbstractionImpl::register_handler(const std::string&, std::shared_ptr<TypedHandler>, QOS) :: Registering get config MQTT handler 0xeb7768 on topic everest/interface_definitions/ISO15118_ev
2026-08-03 16:01:19.202747 [DEBG] iso15118_car    void Everest::MQTTAbstractionImpl::register_handler(const std::string&, std::shared_ptr<TypedHandler>, QOS) :: Registering get config MQTT handler 0xeb7768 on topic everest/interface_definitions/ac_rcd
2026-08-03 16:01:19.251148 [DEBG] iso15118_car    void Everest::MQTTAbstractionImpl::register_handler(const std::string&, std::shared_ptr<TypedHandler>, QOS) :: Registering get config MQTT handler 0xeb7768 on topic everest/interface_definitions/auth
2026-08-03 16:01:19.298498 [DEBG] iso15118_car    void Everest::MQTTAbstractionImpl::register_handler(const std::string&, std::shared_ptr<TypedHandler>, QOS) :: Registering get config MQTT handler 0xeb7768 on topic everest/interface_definitions/auth_token_provider
2026-08-03 16:01:19.345052 [DEBG] iso15118_car    void Everest::MQTTAbstractionImpl::register_handler(const std::string&, std::shared_ptr<TypedHandler>, QOS) :: Registering get config MQTT handler 0xeb7768 on topic everest/interface_definitions/auth_token_validator
2026-08-03 16:01:19.396075 [DEBG] iso15118_car    void Everest::MQTTAbstractionImpl::register_handler(const std::string&, std::shared_ptr<TypedHandler>, QOS) :: Registering get config MQTT handler 0xeb7768 on topic everest/interface_definitions/car_simulator
2026-08-03 16:01:19.441296 [DEBG] iso15118_car    void Everest::MQTTAbstractionImpl::register_handler(const std::string&, std::shared_ptr<TypedHandler>, QOS) :: Registering get config MQTT handler 0xeb7768 on topic everest/interface_definitions/connector_lock
2026-08-03 16:01:19.449075 [DEBG] iso15118_car    void Everest::MQTTAbstractionImpl::register_handler(const std::string&, std::shared_ptr<TypedHandler>, QOS) :: Registering get config MQTT handler 0xeb7768 on topic everest/interface_definitions/dc_external_derate
2026-08-03 16:01:19.496257 [DEBG] iso15118_car    void Everest::MQTTAbstractionImpl::register_handler(const std::string&, std::shared_ptr<TypedHandler>, QOS) :: Registering get config MQTT handler 0xeb7768 on topic everest/interface_definitions/empty
2026-08-03 16:01:19.543532 [DEBG] iso15118_car    void Everest::MQTTAbstractionImpl::register_handler(const std::string&, std::shared_ptr<TypedHandler>, QOS) :: Registering get config MQTT handler 0xeb7768 on topic everest/interface_definitions/energy
2026-08-03 16:01:19.592704 [DEBG] iso15118_car    void Everest::MQTTAbstractionImpl::register_handler(const std::string&, std::shared_ptr<TypedHandler>, QOS) :: Registering get config MQTT handler 0xeb7768 on topic everest/interface_definitions/energy_manager
2026-08-03 16:01:19.637089 [DEBG] iso15118_car    void Everest::MQTTAbstractionImpl::register_handler(const std::string&, std::shared_ptr<TypedHandler>, QOS) :: Registering get config MQTT handler 0xeb7768 on topic everest/interface_definitions/error_history
2026-08-03 16:01:19.683510 [DEBG] iso15118_car    void Everest::MQTTAbstractionImpl::register_handler(const std::string&, std::shared_ptr<TypedHandler>, QOS) :: Registering get config MQTT handler 0xeb7768 on topic everest/interface_definitions/ev_board_support
2026-08-03 16:01:19.733127 [DEBG] iso15118_car    void Everest::MQTTAbstractionImpl::register_handler(const std::string&, std::shared_ptr<TypedHandler>, QOS) :: Registering get config MQTT handler 0xeb7768 on topic everest/interface_definitions/ev_manager
2026-08-03 16:01:19.784537 [DEBG] iso15118_car    void Everest::MQTTAbstractionImpl::register_handler(const std::string&, std::shared_ptr<TypedHandler>, QOS) :: Registering get config MQTT handler 0x4018011aa8 on topic everest/interface_definitions/ev_slac
2026-08-03 16:01:19.832421 [DEBG] iso15118_car    void Everest::MQTTAbstractionImpl::register_handler(const std::string&, std::shared_ptr<TypedHandler>, QOS) :: Registering get config MQTT handler 0x4018011aa8 on topic everest/interface_definitions/evse_board_support
2026-08-03 16:01:19.852394 [DEBG] iso15118_car    void Everest::MQTTAbstractionImpl::register_handler(const std::string&, std::shared_ptr<TypedHandler>, QOS) :: Registering get config MQTT handler 0x4018011f58 on topic everest/interface_definitions/evse_manager
2026-08-03 16:01:19.865514 [DEBG] iso15118_car    void Everest::MQTTAbstractionImpl::register_handler(const std::string&, std::shared_ptr<TypedHandler>, QOS) :: Registering get config MQTT handler 0x4018013348 on topic everest/interface_definitions/evse_security
2026-08-03 16:01:19.877578 [DEBG] iso15118_car    void Everest::MQTTAbstractionImpl::register_handler(const std::string&, std::shared_ptr<TypedHandler>, QOS) :: Registering get config MQTT handler 0x4018013348 on topic everest/interface_definitions/external_energy_limits
2026-08-03 16:01:19.924876 [DEBG] iso15118_car    void Everest::MQTTAbstractionImpl::register_handler(const std::string&, std::shared_ptr<TypedHandler>, QOS) :: Registering get config MQTT handler 0x4018013348 on topic everest/interface_definitions/iso15118_extensions
2026-08-03 16:01:19.970594 [DEBG] iso15118_car    void Everest::MQTTAbstractionImpl::register_handler(const std::string&, std::shared_ptr<TypedHandler>, QOS) :: Registering get config MQTT handler 0x4018013348 on topic everest/interface_definitions/isolation_monitor
2026-08-03 16:01:20.017465 [DEBG] iso15118_car    void Everest::MQTTAbstractionImpl::register_handler(const std::string&, std::shared_ptr<TypedHandler>, QOS) :: Registering get config MQTT handler 0x4018013458 on topic everest/interface_definitions/power_supply_DC
2026-08-03 16:01:20.027004 [DEBG] iso15118_car    void Everest::MQTTAbstractionImpl::register_handler(const std::string&, std::shared_ptr<TypedHandler>, QOS) :: Registering get config MQTT handler 0x4018013458 on topic everest/interface_definitions/powermeter
2026-08-03 16:01:20.073582 [DEBG] iso15118_car    void Everest::MQTTAbstractionImpl::register_handler(const std::string&, std::shared_ptr<TypedHandler>, QOS) :: Registering get config MQTT handler 0x4018013458 on topic everest/interface_definitions/reservation
2026-08-03 16:01:20.120639 [DEBG] iso15118_car    void Everest::MQTTAbstractionImpl::register_handler(const std::string&, std::shared_ptr<TypedHandler>, QOS) :: Registering get config MQTT handler 0x4018013458 on topic everest/interface_definitions/slac
2026-08-03 16:01:20.173569 [DEBG] iso15118_car    void Everest::MQTTAbstractionImpl::register_handler(const std::string&, std::shared_ptr<TypedHandler>, QOS) :: Registering get config MQTT handler 0x4018013458 on topic everest/interface_definitions/uk_random_delay
2026-08-03 16:01:20.230564 [DEBG] iso15118_car    void Everest::MQTTAbstractionImpl::register_handler(const std::string&, std::shared_ptr<TypedHandler>, QOS) :: Registering get config MQTT handler 0x1449468 on topic everest/types
2026-08-03 16:01:20.279328 [DEBG] iso15118_car    void Everest::MQTTAbstractionImpl::register_handler(const std::string&, std::shared_ptr<TypedHandler>, QOS) :: Registering get config MQTT handler 0x1449468 on topic everest/settings
2026-08-03 16:01:20.325133 [DEBG] iso15118_car    void Everest::MQTTAbstractionImpl::register_handler(const std::string&, std::shared_ptr<TypedHandler>, QOS) :: Registering get config MQTT handler 0x1449468 on topic everest/module_names
2026-08-03 16:01:20.375233 [DEBG] iso15118_car    void Everest::MQTTAbstractionImpl::register_handler(const std::string&, std::shared_ptr<TypedHandler>, QOS) :: Registering get config MQTT handler 0x1449468 on topic everest/manifests/API
2026-08-03 16:01:20.425281 [DEBG] iso15118_car    void Everest::MQTTAbstractionImpl::register_handler(const std::string&, std::shared_ptr<TypedHandler>, QOS) :: Registering get config MQTT handler 0x4018013808 on topic everest/manifests/EnergyNode
2026-08-03 16:01:20.474118 [DEBG] iso15118_car    void Everest::MQTTAbstractionImpl::register_handler(const std::string&, std::shared_ptr<TypedHandler>, QOS) :: Registering get config MQTT handler 0x4018013808 on topic everest/manifests/Auth
2026-08-03 16:01:20.525243 [DEBG] iso15118_car    void Everest::MQTTAbstractionImpl::register_handler(const std::string&, std::shared_ptr<TypedHandler>, QOS) :: Registering get config MQTT handler 0x4018013808 on topic everest/manifests/EnergyManager
2026-08-03 16:01:20.573553 [DEBG] iso15118_car    void Everest::MQTTAbstractionImpl::register_handler(const std::string&, std::shared_ptr<TypedHandler>, QOS) :: Registering get config MQTT handler 0x4018013d28 on topic everest/manifests/ErrorHistory
2026-08-03 16:01:20.621910 [DEBG] iso15118_car    void Everest::MQTTAbstractionImpl::register_handler(const std::string&, std::shared_ptr<TypedHandler>, QOS) :: Registering get config MQTT handler 0x4018013d28 on topic everest/manifests/EvAPI
2026-08-03 16:01:20.671294 [DEBG] iso15118_car    void Everest::MQTTAbstractionImpl::register_handler(const std::string&, std::shared_ptr<TypedHandler>, QOS) :: Registering get config MQTT handler 0x4018013eb8 on topic everest/manifests/EvManager
2026-08-03 16:01:20.718898 [DEBG] iso15118_car    void Everest::MQTTAbstractionImpl::register_handler(const std::string&, std::shared_ptr<TypedHandler>, QOS) :: Registering get config MQTT handler 0x4018013f88 on topic everest/manifests/EvseManager
2026-08-03 16:01:20.727326 [DEBG] iso15118_car    void Everest::MQTTAbstractionImpl::register_handler(const std::string&, std::shared_ptr<TypedHandler>, QOS) :: Registering get config MQTT handler 0x4018013f88 on topic everest/manifests/EvseSecurity
2026-08-03 16:01:20.772895 [DEBG] iso15118_car    void Everest::MQTTAbstractionImpl::register_handler(const std::string&, std::shared_ptr<TypedHandler>, QOS) :: Registering get config MQTT handler 0x4018013f88 on topic everest/manifests/EnergyNode
2026-08-03 16:01:20.823076 [DEBG] iso15118_car    void Everest::MQTTAbstractionImpl::register_handler(const std::string&, std::shared_ptr<TypedHandler>, QOS) :: Registering get config MQTT handler 0x4018013f88 on topic everest/manifests/IMDSimulator
2026-08-03 16:01:20.870186 [DEBG] iso15118_car    void Everest::MQTTAbstractionImpl::register_handler(const std::string&, std::shared_ptr<TypedHandler>, QOS) :: Registering get config MQTT handler 0x4018013f88 on topic everest/manifests/PyEvJosev
2026-08-03 16:01:20.916802 [DEBG] iso15118_car    void Everest::MQTTAbstractionImpl::register_handler(const std::string&, std::shared_ptr<TypedHandler>, QOS) :: Registering get config MQTT handler 0x40180155c8 on topic everest/manifests/Evse15118D20
2026-08-03 16:01:20.963922 [DEBG] iso15118_car    void Everest::MQTTAbstractionImpl::register_handler(const std::string&, std::shared_ptr<TypedHandler>, QOS) :: Registering get config MQTT handler 0x40180155c8 on topic everest/manifests/DCSupplySimulator
2026-08-03 16:01:21.014716 [DEBG] iso15118_car    void Everest::MQTTAbstractionImpl::register_handler(const std::string&, std::shared_ptr<TypedHandler>, QOS) :: Registering get config MQTT handler 0x40180155c8 on topic everest/manifests/SlacSimulator
2026-08-03 16:01:21.062146 [DEBG] iso15118_car    void Everest::MQTTAbstractionImpl::register_handler(const std::string&, std::shared_ptr<TypedHandler>, QOS) :: Registering get config MQTT handler 0x40180155c8 on topic everest/manifests/DummyTokenProviderManual
2026-08-03 16:01:21.113611 [DEBG] iso15118_car    void Everest::MQTTAbstractionImpl::register_handler(const std::string&, std::shared_ptr<TypedHandler>, QOS) :: Registering get config MQTT handler 0x40180155c8 on topic everest/manifests/DummyTokenValidator
2026-08-03 16:01:21.164828 [DEBG] iso15118_car    void Everest::MQTTAbstractionImpl::register_handler(const std::string&, std::shared_ptr<TypedHandler>, QOS) :: Registering get config MQTT handler 0x4018016cf8 on topic everest/manifests/YetiSimulator
2026-08-03 16:01:21.319520 [DEBG] iso15118_car    Everest::Everest::Everest(std::string, const Everest::Config&, bool, std::shared_ptr<Everest::MQTTAbstraction>, const std::string&, bool, bool) :: Initializing EVerest framework...
2026-08-03 16:01:21.329805 [DEBG] iso15118_car    void Everest::MQTTAbstractionImpl::register_handler(const std::string&, std::shared_ptr<TypedHandler>, QOS) :: Registering external MQTT handler 0x1531e58 on topic everest/ready
2026-08-03 16:01:21.363584 [DEBG] iso15118_car    void Everest::MQTTAbstractionImpl::register_handler(const std::string&, std::shared_ptr<TypedHandler>, QOS) :: Registering call handler 0xe3f2d8 for command enable_sae_j2847_v2g_v2h on topic everest/modules/iso15118_car/impl/ev/cmd
2026-08-03 16:01:21.365944 [DEBG] iso15118_car    void Everest::MQTTAbstractionImpl::register_handler(const std::string&, std::shared_ptr<TypedHandler>, QOS) :: Registering call handler 0x4018013f88 for command pause_charging on topic everest/modules/iso15118_car/impl/ev/cmd
2026-08-03 16:01:21.366720 [DEBG] iso15118_car    void Everest::MQTTAbstractionImpl::register_handler(const std::string&, std::shared_ptr<TypedHandler>, QOS) :: Registering call handler 0x10ea408 for command set_bpt_dc_params on topic everest/modules/iso15118_car/impl/ev/cmd
2026-08-03 16:01:21.367500 [DEBG] iso15118_car    void Everest::MQTTAbstractionImpl::register_handler(const std::string&, std::shared_ptr<TypedHandler>, QOS) :: Registering call handler 0x1532058 for command set_dc_params on topic everest/modules/iso15118_car/impl/ev/cmd
2026-08-03 16:01:21.368109 [DEBG] iso15118_car    void Everest::MQTTAbstractionImpl::register_handler(const std::string&, std::shared_ptr<TypedHandler>, QOS) :: Registering call handler 0x1532de8 for command set_fault on topic everest/modules/iso15118_car/impl/ev/cmd
2026-08-03 16:01:21.368751 [DEBG] iso15118_car    void Everest::MQTTAbstractionImpl::register_handler(const std::string&, std::shared_ptr<TypedHandler>, QOS) :: Registering call handler 0x13cf608 for command start_charging on topic everest/modules/iso15118_car/impl/ev/cmd
2026-08-03 16:01:21.369382 [DEBG] iso15118_car    void Everest::MQTTAbstractionImpl::register_handler(const std::string&, std::shared_ptr<TypedHandler>, QOS) :: Registering call handler 0x1388378 for command stop_charging on topic everest/modules/iso15118_car/impl/ev/cmd
2026-08-03 16:01:21.372594 [INFO] iso15118_car     :: Module iso15118_car initialized [2354ms]
2026-08-03 16:01:21.375237 [INFO] manager          :: Clearing retained topics published by manager during startup
2026-08-03 16:01:21.377148 [INFO] manager          :: 🚙🚙🚙 All modules are initialized. EVerest up and running [11246ms] 🚙🚙🚙
2026-08-03 16:01:21.429200 [DEBG] iso15118_car    void Everest::Everest::handle_ready(const Everest::json&) :: handle_ready: true
2026-08-03 16:01:21.429817 [DEBG] iso15118_car    void Everest::Everest::handle_ready(const Everest::json&) :: Framework now ready to process events, calling module ready handler
2026-08-03 16:01:21.441671 [DEBG] iso15118_car    pybind11_init_everestpy(pybind11::module_&)::<lambda(const std::string&)> :: ready!
2026-08-03 16:01:21.604040 [WARN] auth:Auth       void module::ReservationHandler::load_reservations() :: Can not load reservations because no storage was configured.
2026-08-03 16:01:22.026617 [INFO] evse_manager:Ev  :: Ignoring BSP Event, BSP is not enabled yet.
2026-08-03 16:01:22.195491 [INFO] evse_security:E  :: Requesting leaf certificate info: V2G
2026-08-03 16:01:22.274135 [INFO] evse_security:E  :: Found valid leaf: ["/ext/dist/etc/everest/certs/client/cso/CPO_CERT_CHAIN.pem"]
2026-08-03 16:01:22.275231 [INFO] evse_security:E  :: Not requiring all valid leafs, returning
2026-08-03 16:01:22.347527 [INFO] evse_security:E  :: Requesting certificate file: [V2G] file:"/ext/dist/etc/everest/certs/ca/v2g/V2G_ROOT_CA.pem"
2026-08-03 16:01:22.396715 [INFO] evse_security:E  :: Requesting certificate file: [MO] file:"/ext/dist/etc/everest/certs/ca/mo/MO_ROOT_CA.pem"
2026-08-03 16:01:22.440975 [INFO] iso15118_charge  :: Using ethernet interface: eth0
2026-08-03 16:01:22.443304 [INFO] iso15118_charge  :: Starting SDP server with address: ::
2026-08-03 16:01:22.773206 [INFO] evse_manager:Ev  :: Cleaning up any other transaction on start up
2026-08-03 16:01:22.948680 [INFO] evse_manager:Ev  :: 🌀🌀🌀 Ready to start charging 🌀🌀🌀
2026-08-03 16:01:23.207280 [INFO] evse_manager:Ev  :: All errors cleared
2026-08-03 16:02:37.399029 [INFO] iso15118_charge  :: Got SDP request from fe80::cf3:e6ff:febe:c97b%eth0
2026-08-03 16:02:37.413069 [INFO] iso15118_charge  :: Created logfile at: /ext/dist/./260803_16-02-37.yaml
2026-08-03 16:02:51.764298 [INFO] ev_manager:EvMa  :: Finished simulation.
2026-08-03 16:02:58.582982 [INFO] evse_manager:Ev  :: SYS  Session logging started.
2026-08-03 16:02:58.585814 [INFO] evse_manager:Ev  :: EVSE IEC Session Started: EVConnected
2026-08-03 16:02:58.603194 [INFO] auth:Auth        :: Plug In event for evse#1, starting auth
2026-08-03 16:02:59.102821 [INFO] evse_manager:Ev  :: EVSE IEC Set PWM On (5.0%) took 0 ms
2026-08-03 16:03:00.645212 [INFO] evse_manager:Ev  :: EVSE ISO SLAC MATCHED
2026-08-03 16:03:00.648420 [INFO] evse_manager:Ev  :: EVSE ISO D-LINK_READY (true)
2026-08-03 16:03:01.320755 [INFO] evse_manager:Ev  ::                                     CAR IEC Event CarRequestedPower
2026-08-03 16:03:01.322199 [INFO] evse_manager:Ev  ::                                     CAR IEC B->C transition before PWM is enabled at this stage violates IEC61851-1
2026-08-03 16:03:08.607512 [INFO] auth:Auth        :: Plug In timeout for evse#1. Replug required for this EVSE
2026-08-03 16:03:31.333429 [INFO] iso15118_charge  :: Incoming connection from [fe80::c89a:b3ff:fed0:fc10%eth0]:32838
2026-08-03 16:03:31.361270 [INFO] evse_manager:Ev  ::                                     CAR ISO V2G SupportedAppProtocolReq
2026-08-03 16:03:31.409980 [INFO] evse_manager:Ev  :: EVSE ISO V2G SupportedAppProtocolRes
2026-08-03 16:03:31.507559 [INFO] iso15118_charge  :: Received session setup with evccid: EVCC01
2026-08-03 16:03:31.513748 [INFO] evse_manager:Ev  ::                                     CAR ISO V2G SessionSetupReq
2026-08-03 16:03:31.525922 [INFO] iso15118_charge  :: New session created with session_id: 0xC5, 0x0C, 0x78, 0x85, 0x74, 0xE1, 0x26, 0x5B
2026-08-03 16:03:31.542478 [INFO] iso15118_charge  :: Timestamp: 1785773011
2026-08-03 16:03:31.563223 [INFO] evse_manager:Ev  :: EVSE ISO V2G SessionSetupRes
2026-08-03 16:03:31.570786 [INFO] evse_manager:Ev  ::                                     CAR ISO V2G AuthorizationSetupReq
2026-08-03 16:03:31.576267 [INFO] evse_manager:Ev  :: EVSE ISO V2G AuthorizationSetupRes
2026-08-03 16:03:31.580012 [INFO] evse_manager:Ev  ::                                     CAR ISO V2G AuthorizationReq
2026-08-03 16:03:31.583210 [INFO] evse_manager:Ev  :: EVSE ISO V2G AuthorizationRes
2026-08-03 16:03:31.614771 [INFO] evse_manager:Ev  ::                                     CAR ISO V2G AuthorizationReq
2026-08-03 16:03:31.617988 [INFO] evse_manager:Ev  :: EVSE ISO V2G AuthorizationRes
2026-08-03 16:03:31.707285 [INFO] evse_manager:Ev  ::                                     CAR ISO V2G AuthorizationReq
2026-08-03 16:03:31.714646 [INFO] evse_manager:Ev  :: EVSE ISO V2G AuthorizationRes
2026-08-03 16:03:31.728982 [INFO] evse_manager:Ev  ::                                     CAR ISO V2G AuthorizationReq
2026-08-03 16:03:31.738862 [INFO] evse_manager:Ev  :: EVSE ISO V2G AuthorizationRes
2026-08-03 16:03:31.784970 [INFO] evse_manager:Ev  ::                                     CAR ISO V2G AuthorizationReq
2026-08-03 16:03:31.789205 [INFO] evse_manager:Ev  :: EVSE ISO V2G AuthorizationRes
2026-08-03 16:03:31.834619 [INFO] evse_manager:Ev  ::                                     CAR ISO V2G AuthorizationReq
2026-08-03 16:03:31.837884 [INFO] evse_manager:Ev  :: EVSE ISO V2G AuthorizationRes
2026-08-03 16:03:31.888886 [INFO] evse_manager:Ev  ::                                     CAR ISO V2G AuthorizationReq
2026-08-03 16:03:31.891499 [INFO] evse_manager:Ev  :: EVSE ISO V2G AuthorizationRes
2026-08-03 16:03:31.943472 [INFO] evse_manager:Ev  ::                                     CAR ISO V2G AuthorizationReq
2026-08-03 16:03:31.946205 [INFO] evse_manager:Ev  :: EVSE ISO V2G AuthorizationRes
2026-08-03 16:03:32.020469 [INFO] evse_manager:Ev  ::                                     CAR ISO V2G AuthorizationReq
2026-08-03 16:03:32.025848 [INFO] evse_manager:Ev  :: EVSE ISO V2G AuthorizationRes
2026-08-03 16:03:32.056276 [INFO] evse_manager:Ev  ::                                     CAR ISO V2G AuthorizationReq
2026-08-03 16:03:32.059449 [INFO] evse_manager:Ev  :: EVSE ISO V2G AuthorizationRes
2026-08-03 16:03:32.152048 [INFO] evse_manager:Ev  ::                                     CAR ISO V2G AuthorizationReq
2026-08-03 16:03:32.154630 [INFO] evse_manager:Ev  :: EVSE ISO V2G AuthorizationRes
2026-08-03 16:03:32.167852 [INFO] evse_manager:Ev  ::                                     CAR ISO V2G AuthorizationReq
2026-08-03 16:03:32.174164 [INFO] evse_manager:Ev  :: EVSE ISO V2G AuthorizationRes
2026-08-03 16:03:32.238706 [INFO] evse_manager:Ev  ::                                     CAR ISO V2G AuthorizationReq
2026-08-03 16:03:32.241864 [INFO] evse_manager:Ev  :: EVSE ISO V2G AuthorizationRes
2026-08-03 16:03:32.289676 [INFO] evse_manager:Ev  ::                                     CAR ISO V2G AuthorizationReq
2026-08-03 16:03:32.292395 [INFO] evse_manager:Ev  :: EVSE ISO V2G AuthorizationRes
2026-08-03 16:03:32.344638 [INFO] evse_manager:Ev  ::                                     CAR ISO V2G AuthorizationReq
2026-08-03 16:03:32.347073 [INFO] evse_manager:Ev  :: EVSE ISO V2G AuthorizationRes
2026-08-03 16:03:32.400920 [INFO] evse_manager:Ev  ::                                     CAR ISO V2G AuthorizationReq
2026-08-03 16:03:32.403636 [INFO] evse_manager:Ev  :: EVSE ISO V2G AuthorizationRes
2026-08-03 16:03:32.455950 [INFO] evse_manager:Ev  ::                                     CAR ISO V2G AuthorizationReq
2026-08-03 16:03:32.458969 [INFO] evse_manager:Ev  :: EVSE ISO V2G AuthorizationRes
2026-08-03 16:03:32.546931 [INFO] evse_manager:Ev  ::                                     CAR ISO V2G AuthorizationReq
2026-08-03 16:03:32.549277 [INFO] evse_manager:Ev  :: EVSE ISO V2G AuthorizationRes
2026-08-03 16:03:32.568358 [INFO] evse_manager:Ev  ::                                     CAR ISO V2G AuthorizationReq
2026-08-03 16:03:32.570951 [INFO] evse_manager:Ev  :: EVSE ISO V2G AuthorizationRes
2026-08-03 16:03:32.622202 [INFO] evse_manager:Ev  ::                                     CAR ISO V2G AuthorizationReq
2026-08-03 16:03:32.625271 [INFO] evse_manager:Ev  :: EVSE ISO V2G AuthorizationRes
2026-08-03 16:03:32.712716 [INFO] evse_manager:Ev  ::                                     CAR ISO V2G AuthorizationReq
2026-08-03 16:03:32.715475 [INFO] evse_manager:Ev  :: EVSE ISO V2G AuthorizationRes
2026-08-03 16:03:32.776780 [INFO] evse_manager:Ev  ::                                     CAR ISO V2G AuthorizationReq
2026-08-03 16:03:32.779476 [INFO] evse_manager:Ev  :: EVSE ISO V2G AuthorizationRes
2026-08-03 16:03:32.788219 [INFO] evse_manager:Ev  ::                                     CAR ISO V2G AuthorizationReq
2026-08-03 16:03:32.791044 [INFO] evse_manager:Ev  :: EVSE ISO V2G AuthorizationRes
2026-08-03 16:03:32.843157 [INFO] evse_manager:Ev  ::                                     CAR ISO V2G AuthorizationReq
2026-08-03 16:03:32.846238 [INFO] evse_manager:Ev  :: EVSE ISO V2G AuthorizationRes
2026-08-03 16:03:32.896615 [INFO] evse_manager:Ev  ::                                     CAR ISO V2G AuthorizationReq
2026-08-03 16:03:32.900390 [INFO] evse_manager:Ev  :: EVSE ISO V2G AuthorizationRes
2026-08-03 16:03:32.950648 [INFO] evse_manager:Ev  ::                                     CAR ISO V2G AuthorizationReq
2026-08-03 16:03:32.953737 [INFO] evse_manager:Ev  :: EVSE ISO V2G AuthorizationRes
2026-08-03 16:03:33.006908 [INFO] evse_manager:Ev  ::                                     CAR ISO V2G AuthorizationReq
2026-08-03 16:03:33.010914 [INFO] evse_manager:Ev  :: EVSE ISO V2G AuthorizationRes
2026-08-03 16:03:33.060624 [INFO] evse_manager:Ev  ::                                     CAR ISO V2G AuthorizationReq
2026-08-03 16:03:33.063432 [INFO] evse_manager:Ev  :: EVSE ISO V2G AuthorizationRes
2026-08-03 16:03:33.115379 [INFO] evse_manager:Ev  ::                                     CAR ISO V2G AuthorizationReq
2026-08-03 16:03:33.118023 [INFO] evse_manager:Ev  :: EVSE ISO V2G AuthorizationRes
2026-08-03 16:03:33.171866 [INFO] evse_manager:Ev  ::                                     CAR ISO V2G AuthorizationReq
2026-08-03 16:03:33.177386 [INFO] evse_manager:Ev  :: EVSE ISO V2G AuthorizationRes
2026-08-03 16:03:33.231455 [INFO] evse_manager:Ev  ::                                     CAR ISO V2G AuthorizationReq
2026-08-03 16:03:33.237499 [INFO] evse_manager:Ev  :: EVSE ISO V2G AuthorizationRes
2026-08-03 16:03:33.289030 [INFO] evse_manager:Ev  ::                                     CAR ISO V2G AuthorizationReq
2026-08-03 16:03:33.291714 [INFO] evse_manager:Ev  :: EVSE ISO V2G AuthorizationRes
2026-08-03 16:03:33.333070 [INFO] evse_manager:Ev  ::                                     CAR ISO V2G AuthorizationReq
2026-08-03 16:03:33.335763 [INFO] evse_manager:Ev  :: EVSE ISO V2G AuthorizationRes
2026-08-03 16:03:33.388452 [INFO] evse_manager:Ev  ::                                     CAR ISO V2G AuthorizationReq
2026-08-03 16:03:33.391283 [INFO] evse_manager:Ev  :: EVSE ISO V2G AuthorizationRes
2026-08-03 16:03:33.442624 [INFO] evse_manager:Ev  ::                                     CAR ISO V2G AuthorizationReq
2026-08-03 16:03:33.445546 [INFO] evse_manager:Ev  :: EVSE ISO V2G AuthorizationRes
2026-08-03 16:03:33.497369 [INFO] evse_manager:Ev  ::                                     CAR ISO V2G AuthorizationReq
2026-08-03 16:03:33.499841 [INFO] evse_manager:Ev  :: EVSE ISO V2G AuthorizationRes
2026-08-03 16:03:33.575389 [INFO] evse_manager:Ev  ::                                     CAR ISO V2G AuthorizationReq
2026-08-03 16:03:33.579357 [INFO] evse_manager:Ev  :: EVSE ISO V2G AuthorizationRes
2026-08-03 16:03:33.605055 [INFO] evse_manager:Ev  ::                                     CAR ISO V2G AuthorizationReq
2026-08-03 16:03:33.610378 [INFO] evse_manager:Ev  :: EVSE ISO V2G AuthorizationRes
2026-08-03 16:03:33.660397 [INFO] evse_manager:Ev  ::                                     CAR ISO V2G AuthorizationReq
2026-08-03 16:03:33.663499 [INFO] evse_manager:Ev  :: EVSE ISO V2G AuthorizationRes
2026-08-03 16:03:33.725187 [INFO] evse_manager:Ev  ::                                     CAR ISO V2G AuthorizationReq
2026-08-03 16:03:33.729955 [INFO] evse_manager:Ev  :: EVSE ISO V2G AuthorizationRes
2026-08-03 16:03:33.773796 [INFO] evse_manager:Ev  ::                                     CAR ISO V2G AuthorizationReq
2026-08-03 16:03:33.776601 [INFO] evse_manager:Ev  :: EVSE ISO V2G AuthorizationRes
2026-08-03 16:03:33.825544 [INFO] evse_manager:Ev  ::                                     CAR ISO V2G AuthorizationReq
2026-08-03 16:03:33.828515 [INFO] evse_manager:Ev  :: EVSE ISO V2G AuthorizationRes
2026-08-03 16:03:33.880737 [INFO] evse_manager:Ev  ::                                     CAR ISO V2G AuthorizationReq
2026-08-03 16:03:33.883917 [INFO] evse_manager:Ev  :: EVSE ISO V2G AuthorizationRes
2026-08-03 16:03:33.935778 [INFO] evse_manager:Ev  ::                                     CAR ISO V2G AuthorizationReq
2026-08-03 16:03:33.938911 [INFO] evse_manager:Ev  :: EVSE ISO V2G AuthorizationRes
2026-08-03 16:03:33.989639 [INFO] evse_manager:Ev  ::                                     CAR ISO V2G AuthorizationReq
2026-08-03 16:03:33.992353 [INFO] evse_manager:Ev  :: EVSE ISO V2G AuthorizationRes
2026-08-03 16:03:34.045594 [INFO] evse_manager:Ev  ::                                     CAR ISO V2G AuthorizationReq
2026-08-03 16:03:34.052570 [INFO] evse_manager:Ev  :: EVSE ISO V2G AuthorizationRes
2026-08-03 16:03:34.099156 [INFO] evse_manager:Ev  ::                                     CAR ISO V2G AuthorizationReq
2026-08-03 16:03:34.101586 [INFO] evse_manager:Ev  :: EVSE ISO V2G AuthorizationRes
2026-08-03 16:03:34.154223 [INFO] evse_manager:Ev  ::                                     CAR ISO V2G AuthorizationReq
2026-08-03 16:03:34.157121 [INFO] evse_manager:Ev  :: EVSE ISO V2G AuthorizationRes
2026-08-03 16:03:34.228755 [INFO] evse_manager:Ev  ::                                     CAR ISO V2G AuthorizationReq
2026-08-03 16:03:34.231385 [INFO] evse_manager:Ev  :: EVSE ISO V2G AuthorizationRes
2026-08-03 16:03:34.268828 [INFO] evse_manager:Ev  ::                                     CAR ISO V2G AuthorizationReq
2026-08-03 16:03:34.307396 [INFO] evse_manager:Ev  :: EVSE ISO V2G AuthorizationRes
2026-08-03 16:03:34.319362 [INFO] evse_manager:Ev  ::                                     CAR ISO V2G AuthorizationReq
2026-08-03 16:03:34.322349 [INFO] evse_manager:Ev  :: EVSE ISO V2G AuthorizationRes
2026-08-03 16:03:34.383679 [INFO] evse_manager:Ev  ::                                     CAR ISO V2G AuthorizationReq
2026-08-03 16:03:34.387461 [INFO] evse_manager:Ev  :: EVSE ISO V2G AuthorizationRes
2026-08-03 16:03:34.426703 [INFO] evse_manager:Ev  ::                                     CAR ISO V2G AuthorizationReq
2026-08-03 16:03:34.430603 [INFO] evse_manager:Ev  :: EVSE ISO V2G AuthorizationRes
2026-08-03 16:03:34.480616 [INFO] evse_manager:Ev  ::                                     CAR ISO V2G AuthorizationReq
2026-08-03 16:03:34.483907 [INFO] evse_manager:Ev  :: EVSE ISO V2G AuthorizationRes
2026-08-03 16:03:34.535783 [INFO] evse_manager:Ev  ::                                     CAR ISO V2G AuthorizationReq
2026-08-03 16:03:34.538502 [INFO] evse_manager:Ev  :: EVSE ISO V2G AuthorizationRes
2026-08-03 16:03:34.625946 [INFO] evse_manager:Ev  ::                                     CAR ISO V2G AuthorizationReq
2026-08-03 16:03:34.630376 [INFO] evse_manager:Ev  :: EVSE ISO V2G AuthorizationRes
2026-08-03 16:03:34.643890 [INFO] evse_manager:Ev  ::                                     CAR ISO V2G AuthorizationReq
2026-08-03 16:03:34.646133 [INFO] evse_manager:Ev  :: EVSE ISO V2G AuthorizationRes
2026-08-03 16:03:34.702837 [INFO] evse_manager:Ev  ::                                     CAR ISO V2G AuthorizationReq
2026-08-03 16:03:34.707331 [INFO] evse_manager:Ev  :: EVSE ISO V2G AuthorizationRes
2026-08-03 16:03:34.755944 [INFO] evse_manager:Ev  ::                                     CAR ISO V2G AuthorizationReq
2026-08-03 16:03:34.758377 [INFO] evse_manager:Ev  :: EVSE ISO V2G AuthorizationRes
2026-08-03 16:03:34.809811 [INFO] evse_manager:Ev  ::                                     CAR ISO V2G AuthorizationReq
2026-08-03 16:03:34.813040 [INFO] evse_manager:Ev  :: EVSE ISO V2G AuthorizationRes
2026-08-03 16:03:34.865474 [INFO] evse_manager:Ev  ::                                     CAR ISO V2G AuthorizationReq
2026-08-03 16:03:34.868336 [INFO] evse_manager:Ev  :: EVSE ISO V2G AuthorizationRes
2026-08-03 16:03:34.921192 [INFO] evse_manager:Ev  ::                                     CAR ISO V2G AuthorizationReq
2026-08-03 16:03:34.923883 [INFO] evse_manager:Ev  :: EVSE ISO V2G AuthorizationRes
2026-08-03 16:03:34.975171 [INFO] evse_manager:Ev  ::                                     CAR ISO V2G AuthorizationReq
2026-08-03 16:03:34.978508 [INFO] evse_manager:Ev  :: EVSE ISO V2G AuthorizationRes
2026-08-03 16:03:35.030137 [INFO] evse_manager:Ev  ::                                     CAR ISO V2G AuthorizationReq
2026-08-03 16:03:35.032632 [INFO] evse_manager:Ev  :: EVSE ISO V2G AuthorizationRes
2026-08-03 16:03:35.118120 [INFO] evse_manager:Ev  ::                                     CAR ISO V2G AuthorizationReq
2026-08-03 16:03:35.121269 [INFO] evse_manager:Ev  :: EVSE ISO V2G AuthorizationRes
2026-08-03 16:03:35.139817 [INFO] evse_manager:Ev  ::                                     CAR ISO V2G AuthorizationReq
2026-08-03 16:03:35.142542 [INFO] evse_manager:Ev  :: EVSE ISO V2G AuthorizationRes
2026-08-03 16:03:35.235872 [INFO] evse_manager:Ev  ::                                     CAR ISO V2G AuthorizationReq
2026-08-03 16:03:35.239437 [INFO] evse_manager:Ev  :: EVSE ISO V2G AuthorizationRes
2026-08-03 16:03:35.287716 [INFO] evse_manager:Ev  ::                                     CAR ISO V2G AuthorizationReq
2026-08-03 16:03:35.290441 [INFO] evse_manager:Ev  :: EVSE ISO V2G AuthorizationRes
2026-08-03 16:03:35.305027 [INFO] evse_manager:Ev  ::                                     CAR ISO V2G AuthorizationReq
2026-08-03 16:03:35.307402 [INFO] evse_manager:Ev  :: EVSE ISO V2G AuthorizationRes
2026-08-03 16:03:35.359965 [INFO] evse_manager:Ev  ::                                     CAR ISO V2G AuthorizationReq
2026-08-03 16:03:35.362922 [INFO] evse_manager:Ev  :: EVSE ISO V2G AuthorizationRes
2026-08-03 16:03:35.416224 [INFO] evse_manager:Ev  ::                                     CAR ISO V2G AuthorizationReq
2026-08-03 16:03:35.419972 [INFO] evse_manager:Ev  :: EVSE ISO V2G AuthorizationRes
2026-08-03 16:03:35.475230 [INFO] evse_manager:Ev  ::                                     CAR ISO V2G AuthorizationReq
2026-08-03 16:03:35.479524 [INFO] evse_manager:Ev  :: EVSE ISO V2G AuthorizationRes
2026-08-03 16:03:35.531773 [INFO] evse_manager:Ev  ::                                     CAR ISO V2G AuthorizationReq
2026-08-03 16:03:35.534567 [INFO] evse_manager:Ev  :: EVSE ISO V2G AuthorizationRes
2026-08-03 16:03:35.585628 [INFO] evse_manager:Ev  ::                                     CAR ISO V2G AuthorizationReq
2026-08-03 16:03:35.590059 [INFO] evse_manager:Ev  :: EVSE ISO V2G AuthorizationRes
2026-08-03 16:03:35.644936 [INFO] evse_manager:Ev  ::                                     CAR ISO V2G AuthorizationReq
2026-08-03 16:03:35.647473 [INFO] evse_manager:Ev  :: EVSE ISO V2G AuthorizationRes
2026-08-03 16:03:35.695189 [INFO] evse_manager:Ev  ::                                     CAR ISO V2G AuthorizationReq
2026-08-03 16:03:35.698276 [INFO] evse_manager:Ev  :: EVSE ISO V2G AuthorizationRes
2026-08-03 16:03:35.754782 [INFO] evse_manager:Ev  ::                                     CAR ISO V2G AuthorizationReq
2026-08-03 16:03:35.759414 [INFO] evse_manager:Ev  :: EVSE ISO V2G AuthorizationRes
2026-08-03 16:03:35.803669 [INFO] evse_manager:Ev  ::                                     CAR ISO V2G AuthorizationReq
2026-08-03 16:03:35.806290 [INFO] evse_manager:Ev  :: EVSE ISO V2G AuthorizationRes
2026-08-03 16:03:35.858455 [INFO] evse_manager:Ev  ::                                     CAR ISO V2G AuthorizationReq
2026-08-03 16:03:35.860880 [INFO] evse_manager:Ev  :: EVSE ISO V2G AuthorizationRes
2026-08-03 16:03:35.911046 [INFO] evse_manager:Ev  ::                                     CAR ISO V2G AuthorizationReq
2026-08-03 16:03:35.913980 [INFO] evse_manager:Ev  :: EVSE ISO V2G AuthorizationRes
2026-08-03 16:03:35.965426 [INFO] evse_manager:Ev  ::                                     CAR ISO V2G AuthorizationReq
2026-08-03 16:03:35.967760 [INFO] evse_manager:Ev  :: EVSE ISO V2G AuthorizationRes
2026-08-03 16:03:36.020196 [INFO] evse_manager:Ev  ::                                     CAR ISO V2G AuthorizationReq
2026-08-03 16:03:36.022534 [INFO] evse_manager:Ev  :: EVSE ISO V2G AuthorizationRes
2026-08-03 16:03:36.074128 [INFO] evse_manager:Ev  ::                                     CAR ISO V2G AuthorizationReq
2026-08-03 16:03:36.076857 [INFO] evse_manager:Ev  :: EVSE ISO V2G AuthorizationRes
2026-08-03 16:03:36.160452 [INFO] evse_manager:Ev  ::                                     CAR ISO V2G AuthorizationReq
2026-08-03 16:03:36.163316 [INFO] evse_manager:Ev  :: EVSE ISO V2G AuthorizationRes
2026-08-03 16:03:36.184648 [INFO] evse_manager:Ev  ::                                     CAR ISO V2G AuthorizationReq
2026-08-03 16:03:36.187404 [INFO] evse_manager:Ev  :: EVSE ISO V2G AuthorizationRes
2026-08-03 16:03:36.246668 [INFO] evse_manager:Ev  ::                                     CAR ISO V2G AuthorizationReq
2026-08-03 16:03:36.249464 [INFO] evse_manager:Ev  :: EVSE ISO V2G AuthorizationRes
2026-08-03 16:03:36.294719 [INFO] evse_manager:Ev  ::                                     CAR ISO V2G AuthorizationReq
2026-08-03 16:03:36.297271 [INFO] evse_manager:Ev  :: EVSE ISO V2G AuthorizationRes
2026-08-03 16:03:36.350460 [INFO] evse_manager:Ev  ::                                     CAR ISO V2G AuthorizationReq
2026-08-03 16:03:36.353386 [INFO] evse_manager:Ev  :: EVSE ISO V2G AuthorizationRes
2026-08-03 16:03:36.404746 [INFO] evse_manager:Ev  ::                                     CAR ISO V2G AuthorizationReq
2026-08-03 16:03:36.446149 [INFO] evse_manager:Ev  :: EVSE ISO V2G AuthorizationRes
2026-08-03 16:03:36.459043 [INFO] evse_manager:Ev  ::                                     CAR ISO V2G AuthorizationReq
2026-08-03 16:03:36.461988 [INFO] evse_manager:Ev  :: EVSE ISO V2G AuthorizationRes
2026-08-03 16:03:36.514411 [INFO] evse_manager:Ev  ::                                     CAR ISO V2G AuthorizationReq
2026-08-03 16:03:36.555510 [INFO] evse_manager:Ev  :: EVSE ISO V2G AuthorizationRes
2026-08-03 16:03:36.570706 [INFO] evse_manager:Ev  ::                                     CAR ISO V2G AuthorizationReq
2026-08-03 16:03:36.573131 [INFO] evse_manager:Ev  :: EVSE ISO V2G AuthorizationRes
2026-08-03 16:03:36.648429 [INFO] evse_manager:Ev  ::                                     CAR ISO V2G AuthorizationReq
2026-08-03 16:03:36.650760 [INFO] evse_manager:Ev  :: EVSE ISO V2G AuthorizationRes
2026-08-03 16:03:36.679135 [INFO] evse_manager:Ev  ::                                     CAR ISO V2G AuthorizationReq
2026-08-03 16:03:36.681795 [INFO] evse_manager:Ev  :: EVSE ISO V2G AuthorizationRes
2026-08-03 16:03:36.765183 [INFO] evse_manager:Ev  ::                                     CAR ISO V2G AuthorizationReq
2026-08-03 16:03:36.768292 [INFO] evse_manager:Ev  :: EVSE ISO V2G AuthorizationRes
2026-08-03 16:03:36.815857 [INFO] evse_manager:Ev  ::                                     CAR ISO V2G AuthorizationReq
2026-08-03 16:03:36.818293 [INFO] evse_manager:Ev  :: EVSE ISO V2G AuthorizationRes
2026-08-03 16:03:36.842742 [INFO] evse_manager:Ev  ::                                     CAR ISO V2G AuthorizationReq
2026-08-03 16:03:36.845575 [INFO] evse_manager:Ev  :: EVSE ISO V2G AuthorizationRes
2026-08-03 16:03:36.898181 [INFO] evse_manager:Ev  ::                                     CAR ISO V2G AuthorizationReq
2026-08-03 16:03:36.900815 [INFO] evse_manager:Ev  :: EVSE ISO V2G AuthorizationRes
2026-08-03 16:03:36.954431 [INFO] evse_manager:Ev  ::                                     CAR ISO V2G AuthorizationReq
2026-08-03 16:03:36.995457 [INFO] evse_manager:Ev  :: EVSE ISO V2G AuthorizationRes
2026-08-03 16:03:37.008158 [INFO] evse_manager:Ev  ::                                     CAR ISO V2G AuthorizationReq
2026-08-03 16:03:37.011395 [INFO] evse_manager:Ev  :: EVSE ISO V2G AuthorizationRes
2026-08-03 16:03:37.060638 [INFO] evse_manager:Ev  ::                                     CAR ISO V2G AuthorizationReq
2026-08-03 16:03:37.063696 [INFO] evse_manager:Ev  :: EVSE ISO V2G AuthorizationRes
2026-08-03 16:03:37.116410 [INFO] evse_manager:Ev  ::                                     CAR ISO V2G AuthorizationReq
2026-08-03 16:03:37.199216 [INFO] evse_manager:Ev  :: EVSE ISO V2G AuthorizationRes
2026-08-03 16:03:37.201775 [INFO] evse_manager:Ev  ::                                     CAR ISO V2G AuthorizationReq
2026-08-03 16:03:37.205733 [INFO] evse_manager:Ev  :: EVSE ISO V2G AuthorizationRes
2026-08-03 16:03:37.231400 [INFO] evse_manager:Ev  ::                                     CAR ISO V2G AuthorizationReq
2026-08-03 16:03:37.235831 [INFO] evse_manager:Ev  :: EVSE ISO V2G AuthorizationRes
2026-08-03 16:03:37.284549 [INFO] evse_manager:Ev  ::                                     CAR ISO V2G AuthorizationReq
2026-08-03 16:03:37.287559 [INFO] evse_manager:Ev  :: EVSE ISO V2G AuthorizationRes
2026-08-03 16:03:37.338873 [INFO] evse_manager:Ev  ::                                     CAR ISO V2G AuthorizationReq
2026-08-03 16:03:37.342017 [INFO] evse_manager:Ev  :: EVSE ISO V2G AuthorizationRes
2026-08-03 16:03:37.394233 [INFO] evse_manager:Ev  ::                                     CAR ISO V2G AuthorizationReq
2026-08-03 16:03:37.397357 [INFO] evse_manager:Ev  :: EVSE ISO V2G AuthorizationRes
2026-08-03 16:03:37.448028 [INFO] evse_manager:Ev  ::                                     CAR ISO V2G AuthorizationReq
2026-08-03 16:03:37.451400 [INFO] evse_manager:Ev  :: EVSE ISO V2G AuthorizationRes
2026-08-03 16:03:37.504263 [INFO] evse_manager:Ev  ::                                     CAR ISO V2G AuthorizationReq
2026-08-03 16:03:37.507068 [INFO] evse_manager:Ev  :: EVSE ISO V2G AuthorizationRes
2026-08-03 16:03:37.557560 [INFO] evse_manager:Ev  ::                                     CAR ISO V2G AuthorizationReq
2026-08-03 16:03:37.561364 [INFO] evse_manager:Ev  :: EVSE ISO V2G AuthorizationRes
2026-08-03 16:03:37.648072 [INFO] evse_manager:Ev  ::                                     CAR ISO V2G AuthorizationReq
2026-08-03 16:03:37.650790 [INFO] evse_manager:Ev  :: EVSE ISO V2G AuthorizationRes
2026-08-03 16:03:37.667550 [INFO] evse_manager:Ev  ::                                     CAR ISO V2G AuthorizationReq
2026-08-03 16:03:37.672052 [INFO] evse_manager:Ev  :: EVSE ISO V2G AuthorizationRes
2026-08-03 16:03:37.761024 [INFO] evse_manager:Ev  ::                                     CAR ISO V2G AuthorizationReq
2026-08-03 16:03:37.765212 [INFO] evse_manager:Ev  :: EVSE ISO V2G AuthorizationRes
2026-08-03 16:03:37.811412 [INFO] evse_manager:Ev  ::                                     CAR ISO V2G AuthorizationReq
2026-08-03 16:03:37.813930 [INFO] evse_manager:Ev  :: EVSE ISO V2G AuthorizationRes
2026-08-03 16:03:37.831657 [INFO] evse_manager:Ev  ::                                     CAR ISO V2G AuthorizationReq
2026-08-03 16:03:37.834241 [INFO] evse_manager:Ev  :: EVSE ISO V2G AuthorizationRes
2026-08-03 16:03:37.887935 [INFO] evse_manager:Ev  ::                                     CAR ISO V2G AuthorizationReq
2026-08-03 16:03:37.893559 [INFO] evse_manager:Ev  :: EVSE ISO V2G AuthorizationRes
2026-08-03 16:03:37.940842 [INFO] evse_manager:Ev  ::                                     CAR ISO V2G AuthorizationReq
2026-08-03 16:03:37.943790 [INFO] evse_manager:Ev  :: EVSE ISO V2G AuthorizationRes
2026-08-03 16:03:37.998124 [INFO] evse_manager:Ev  ::                                     CAR ISO V2G AuthorizationReq
2026-08-03 16:03:38.002353 [INFO] evse_manager:Ev  :: EVSE ISO V2G AuthorizationRes
2026-08-03 16:03:38.048919 [INFO] evse_manager:Ev  ::                                     CAR ISO V2G AuthorizationReq
2026-08-03 16:03:38.051891 [INFO] evse_manager:Ev  :: EVSE ISO V2G AuthorizationRes
2026-08-03 16:03:38.103749 [INFO] evse_manager:Ev  ::                                     CAR ISO V2G AuthorizationReq
2026-08-03 16:03:38.106201 [INFO] evse_manager:Ev  :: EVSE ISO V2G AuthorizationRes
2026-08-03 16:03:38.158705 [INFO] evse_manager:Ev  ::                                     CAR ISO V2G AuthorizationReq
2026-08-03 16:03:38.162211 [INFO] evse_manager:Ev  :: EVSE ISO V2G AuthorizationRes
2026-08-03 16:03:38.221989 [INFO] evse_manager:Ev  ::                                     CAR ISO V2G AuthorizationReq
2026-08-03 16:03:38.225707 [INFO] evse_manager:Ev  :: EVSE ISO V2G AuthorizationRes
2026-08-03 16:03:38.311465 [INFO] evse_manager:Ev  ::                                     CAR ISO V2G AuthorizationReq
2026-08-03 16:03:38.314035 [INFO] evse_manager:Ev  :: EVSE ISO V2G AuthorizationRes
2026-08-03 16:03:38.329016 [INFO] evse_manager:Ev  ::                                     CAR ISO V2G AuthorizationReq
2026-08-03 16:03:38.331749 [INFO] evse_manager:Ev  :: EVSE ISO V2G AuthorizationRes
2026-08-03 16:03:38.384244 [INFO] evse_manager:Ev  ::                                     CAR ISO V2G AuthorizationReq
2026-08-03 16:03:38.387313 [INFO] evse_manager:Ev  :: EVSE ISO V2G AuthorizationRes
2026-08-03 16:03:38.438932 [INFO] evse_manager:Ev  ::                                     CAR ISO V2G AuthorizationReq
2026-08-03 16:03:38.441723 [INFO] evse_manager:Ev  :: EVSE ISO V2G AuthorizationRes
2026-08-03 16:03:38.493227 [INFO] evse_manager:Ev  ::                                     CAR ISO V2G AuthorizationReq
2026-08-03 16:03:38.496034 [INFO] evse_manager:Ev  :: EVSE ISO V2G AuthorizationRes
2026-08-03 16:03:38.548252 [INFO] evse_manager:Ev  ::                                     CAR ISO V2G AuthorizationReq
2026-08-03 16:03:38.551613 [INFO] evse_manager:Ev  :: EVSE ISO V2G AuthorizationRes
2026-08-03 16:03:38.603876 [INFO] evse_manager:Ev  ::                                     CAR ISO V2G AuthorizationReq
2026-08-03 16:03:38.654597 [INFO] evse_manager:Ev  :: EVSE ISO V2G AuthorizationRes
2026-08-03 16:03:38.658817 [INFO] evse_manager:Ev  ::                                     CAR ISO V2G AuthorizationReq
2026-08-03 16:03:38.661168 [INFO] evse_manager:Ev  :: EVSE ISO V2G AuthorizationRes
2026-08-03 16:03:38.734822 [INFO] evse_manager:Ev  ::                                     CAR ISO V2G AuthorizationReq
2026-08-03 16:03:38.739581 [INFO] evse_manager:Ev  :: EVSE ISO V2G AuthorizationRes
2026-08-03 16:03:38.770669 [INFO] evse_manager:Ev  ::                                     CAR ISO V2G AuthorizationReq
2026-08-03 16:03:38.773480 [INFO] evse_manager:Ev  :: EVSE ISO V2G AuthorizationRes
2026-08-03 16:03:38.824389 [INFO] evse_manager:Ev  ::                                     CAR ISO V2G AuthorizationReq
2026-08-03 16:03:38.826772 [INFO] evse_manager:Ev  :: EVSE ISO V2G AuthorizationRes
2026-08-03 16:03:38.880110 [INFO] evse_manager:Ev  ::                                     CAR ISO V2G AuthorizationReq
2026-08-03 16:03:38.883057 [INFO] evse_manager:Ev  :: EVSE ISO V2G AuthorizationRes
2026-08-03 16:03:38.936977 [INFO] evse_manager:Ev  ::                                     CAR ISO V2G AuthorizationReq
2026-08-03 16:03:38.940421 [INFO] evse_manager:Ev  :: EVSE ISO V2G AuthorizationRes
2026-08-03 16:03:38.988842 [INFO] evse_manager:Ev  ::                                     CAR ISO V2G AuthorizationReq
2026-08-03 16:03:38.991547 [INFO] evse_manager:Ev  :: EVSE ISO V2G AuthorizationRes
2026-08-03 16:03:39.045076 [INFO] evse_manager:Ev  ::                                     CAR ISO V2G AuthorizationReq
2026-08-03 16:03:39.047543 [INFO] evse_manager:Ev  :: EVSE ISO V2G AuthorizationRes
2026-08-03 16:03:39.101668 [INFO] evse_manager:Ev  ::                                     CAR ISO V2G AuthorizationReq
2026-08-03 16:03:39.103943 [INFO] evse_manager:Ev  :: EVSE ISO V2G AuthorizationRes
2026-08-03 16:03:39.160174 [INFO] evse_manager:Ev  ::                                     CAR ISO V2G AuthorizationReq
2026-08-03 16:03:39.163269 [INFO] evse_manager:Ev  :: EVSE ISO V2G AuthorizationRes
2026-08-03 16:03:39.243535 [INFO] evse_manager:Ev  ::                                     CAR ISO V2G AuthorizationReq
2026-08-03 16:03:39.246046 [INFO] evse_manager:Ev  :: EVSE ISO V2G AuthorizationRes
2026-08-03 16:03:39.293502 [INFO] evse_manager:Ev  ::                                     CAR ISO V2G AuthorizationReq
2026-08-03 16:03:39.296203 [INFO] evse_manager:Ev  :: EVSE ISO V2G AuthorizationRes
2026-08-03 16:03:39.342609 [INFO] evse_manager:Ev  ::                                     CAR ISO V2G AuthorizationReq
2026-08-03 16:03:39.345263 [INFO] evse_manager:Ev  :: EVSE ISO V2G AuthorizationRes
2026-08-03 16:03:39.373554 [INFO] evse_manager:Ev  ::                                     CAR ISO V2G AuthorizationReq
2026-08-03 16:03:39.376579 [INFO] evse_manager:Ev  :: EVSE ISO V2G AuthorizationRes
2026-08-03 16:03:39.430556 [INFO] evse_manager:Ev  ::                                     CAR ISO V2G AuthorizationReq
2026-08-03 16:03:39.434007 [INFO] evse_manager:Ev  :: EVSE ISO V2G AuthorizationRes
2026-08-03 16:03:39.483620 [INFO] evse_manager:Ev  ::                                     CAR ISO V2G AuthorizationReq
2026-08-03 16:03:39.486057 [INFO] evse_manager:Ev  :: EVSE ISO V2G AuthorizationRes
2026-08-03 16:03:39.537315 [INFO] evse_manager:Ev  ::                                     CAR ISO V2G AuthorizationReq
2026-08-03 16:03:39.540244 [INFO] evse_manager:Ev  :: EVSE ISO V2G AuthorizationRes
2026-08-03 16:03:39.592184 [INFO] evse_manager:Ev  ::                                     CAR ISO V2G AuthorizationReq
2026-08-03 16:03:39.595495 [INFO] evse_manager:Ev  :: EVSE ISO V2G AuthorizationRes
2026-08-03 16:03:39.667181 [INFO] evse_manager:Ev  ::                                     CAR ISO V2G AuthorizationReq
2026-08-03 16:03:39.669952 [INFO] evse_manager:Ev  :: EVSE ISO V2G AuthorizationRes
2026-08-03 16:03:39.704970 [INFO] evse_manager:Ev  ::                                     CAR ISO V2G AuthorizationReq
2026-08-03 16:03:39.713995 [INFO] evse_manager:Ev  :: EVSE ISO V2G AuthorizationRes
2026-08-03 16:03:39.783884 [INFO] evse_manager:Ev  ::                                     CAR ISO V2G AuthorizationReq
2026-08-03 16:03:39.789306 [INFO] evse_manager:Ev  :: EVSE ISO V2G AuthorizationRes
2026-08-03 16:03:39.836152 [INFO] evse_manager:Ev  ::                                     CAR ISO V2G AuthorizationReq
2026-08-03 16:03:39.838759 [INFO] evse_manager:Ev  :: EVSE ISO V2G AuthorizationRes
2026-08-03 16:03:39.866905 [INFO] evse_manager:Ev  ::                                     CAR ISO V2G AuthorizationReq
2026-08-03 16:03:39.869461 [INFO] evse_manager:Ev  :: EVSE ISO V2G AuthorizationRes
2026-08-03 16:03:39.921588 [INFO] evse_manager:Ev  ::                                     CAR ISO V2G AuthorizationReq
2026-08-03 16:03:39.924285 [INFO] evse_manager:Ev  :: EVSE ISO V2G AuthorizationRes
2026-08-03 16:03:39.975660 [INFO] evse_manager:Ev  ::                                     CAR ISO V2G AuthorizationReq
2026-08-03 16:03:39.978762 [INFO] evse_manager:Ev  :: EVSE ISO V2G AuthorizationRes
2026-08-03 16:03:40.030519 [INFO] evse_manager:Ev  ::                                     CAR ISO V2G AuthorizationReq
2026-08-03 16:03:40.033466 [INFO] evse_manager:Ev  :: EVSE ISO V2G AuthorizationRes
2026-08-03 16:03:40.084003 [INFO] evse_manager:Ev  ::                                     CAR ISO V2G AuthorizationReq
2026-08-03 16:03:40.087164 [INFO] evse_manager:Ev  :: EVSE ISO V2G AuthorizationRes
2026-08-03 16:03:40.139393 [INFO] evse_manager:Ev  ::                                     CAR ISO V2G AuthorizationReq
2026-08-03 16:03:40.143753 [INFO] evse_manager:Ev  :: EVSE ISO V2G AuthorizationRes
2026-08-03 16:03:40.198713 [INFO] evse_manager:Ev  ::                                     CAR ISO V2G AuthorizationReq
2026-08-03 16:03:40.201646 [INFO] evse_manager:Ev  :: EVSE ISO V2G AuthorizationRes
2026-08-03 16:03:40.282225 [INFO] evse_manager:Ev  ::                                     CAR ISO V2G AuthorizationReq
2026-08-03 16:03:40.286666 [INFO] evse_manager:Ev  :: EVSE ISO V2G AuthorizationRes
2026-08-03 16:03:40.339613 [INFO] evse_manager:Ev  ::                                     CAR ISO V2G AuthorizationReq
2026-08-03 16:03:40.343427 [INFO] evse_manager:Ev  :: EVSE ISO V2G AuthorizationRes
2026-08-03 16:03:40.368759 [INFO] evse_manager:Ev  ::                                     CAR ISO V2G AuthorizationReq
2026-08-03 16:03:40.371431 [INFO] evse_manager:Ev  :: EVSE ISO V2G AuthorizationRes
2026-08-03 16:03:40.427177 [INFO] evse_manager:Ev  ::                                     CAR ISO V2G AuthorizationReq
2026-08-03 16:03:40.429813 [INFO] evse_manager:Ev  :: EVSE ISO V2G AuthorizationRes
2026-08-03 16:03:40.481228 [INFO] evse_manager:Ev  ::                                     CAR ISO V2G AuthorizationReq
2026-08-03 16:03:40.484478 [INFO] evse_manager:Ev  :: EVSE ISO V2G AuthorizationRes
2026-08-03 16:03:40.534984 [INFO] evse_manager:Ev  ::                                     CAR ISO V2G AuthorizationReq
2026-08-03 16:03:40.538051 [INFO] evse_manager:Ev  :: EVSE ISO V2G AuthorizationRes
2026-08-03 16:03:40.588295 [INFO] evse_manager:Ev  ::                                     CAR ISO V2G AuthorizationReq
2026-08-03 16:03:40.591834 [INFO] evse_manager:Ev  :: EVSE ISO V2G AuthorizationRes
2026-08-03 16:03:40.673513 [INFO] evse_manager:Ev  ::                                     CAR ISO V2G AuthorizationReq
2026-08-03 16:03:40.675894 [INFO] evse_manager:Ev  :: EVSE ISO V2G AuthorizationRes
2026-08-03 16:03:40.699255 [INFO] evse_manager:Ev  ::                                     CAR ISO V2G AuthorizationReq
2026-08-03 16:03:40.701501 [INFO] evse_manager:Ev  :: EVSE ISO V2G AuthorizationRes
2026-08-03 16:03:40.783342 [INFO] evse_manager:Ev  ::                                     CAR ISO V2G AuthorizationReq
2026-08-03 16:03:40.786330 [INFO] evse_manager:Ev  :: EVSE ISO V2G AuthorizationRes
2026-08-03 16:03:40.813654 [INFO] evse_manager:Ev  ::                                     CAR ISO V2G AuthorizationReq
2026-08-03 16:03:40.819534 [INFO] evse_manager:Ev  :: EVSE ISO V2G AuthorizationRes
2026-08-03 16:03:40.867483 [INFO] evse_manager:Ev  ::                                     CAR ISO V2G AuthorizationReq
2026-08-03 16:03:40.869893 [INFO] evse_manager:Ev  :: EVSE ISO V2G AuthorizationRes
2026-08-03 16:03:40.921660 [INFO] evse_manager:Ev  ::                                     CAR ISO V2G AuthorizationReq
2026-08-03 16:03:40.963504 [INFO] evse_manager:Ev  :: EVSE ISO V2G AuthorizationRes
2026-08-03 16:03:40.976994 [INFO] evse_manager:Ev  ::                                     CAR ISO V2G AuthorizationReq
2026-08-03 16:03:40.979962 [INFO] evse_manager:Ev  :: EVSE ISO V2G AuthorizationRes
2026-08-03 16:03:41.032832 [INFO] evse_manager:Ev  ::                                     CAR ISO V2G AuthorizationReq
2026-08-03 16:03:41.036241 [INFO] evse_manager:Ev  :: EVSE ISO V2G AuthorizationRes
2026-08-03 16:03:41.086480 [INFO] evse_manager:Ev  ::                                     CAR ISO V2G AuthorizationReq
2026-08-03 16:03:41.089763 [INFO] evse_manager:Ev  :: EVSE ISO V2G AuthorizationRes
2026-08-03 16:03:41.140425 [INFO] evse_manager:Ev  ::                                     CAR ISO V2G AuthorizationReq
2026-08-03 16:03:41.143627 [INFO] evse_manager:Ev  :: EVSE ISO V2G AuthorizationRes
2026-08-03 16:03:41.192880 [INFO] evse_manager:Ev  ::                                     CAR ISO V2G AuthorizationReq
2026-08-03 16:03:41.195994 [INFO] evse_manager:Ev  :: EVSE ISO V2G AuthorizationRes
2026-08-03 16:03:41.249063 [INFO] evse_manager:Ev  ::                                     CAR ISO V2G AuthorizationReq
2026-08-03 16:03:41.259384 [INFO] evse_manager:Ev  :: EVSE ISO V2G AuthorizationRes
2026-08-03 16:03:41.322219 [INFO] evse_manager:Ev  ::                                     CAR ISO V2G AuthorizationReq
2026-08-03 16:03:41.324958 [INFO] evse_manager:Ev  :: EVSE ISO V2G AuthorizationRes
2026-08-03 16:03:41.358802 [INFO] evse_manager:Ev  ::                                     CAR ISO V2G AuthorizationReq
2026-08-03 16:03:41.361305 [INFO] evse_manager:Ev  :: EVSE ISO V2G AuthorizationRes
2026-08-03 16:03:41.411556 [INFO] evse_manager:Ev  ::                                     CAR ISO V2G AuthorizationReq
2026-08-03 16:03:41.414809 [INFO] evse_manager:Ev  :: EVSE ISO V2G AuthorizationRes
2026-08-03 16:03:41.480691 [INFO] evse_manager:Ev  ::                                     CAR ISO V2G AuthorizationReq
2026-08-03 16:03:41.483577 [INFO] evse_manager:Ev  :: EVSE ISO V2G AuthorizationRes
2026-08-03 16:03:41.531010 [INFO] evse_manager:Ev  ::                                     CAR ISO V2G AuthorizationReq
2026-08-03 16:03:41.535258 [INFO] evse_manager:Ev  :: EVSE ISO V2G AuthorizationRes
2026-08-03 16:03:41.572333 [INFO] evse_manager:Ev  ::                                     CAR ISO V2G AuthorizationReq
2026-08-03 16:03:41.574785 [INFO] evse_manager:Ev  :: EVSE ISO V2G AuthorizationRes
2026-08-03 16:03:41.626263 [INFO] evse_manager:Ev  ::                                     CAR ISO V2G AuthorizationReq
2026-08-03 16:03:41.629160 [INFO] evse_manager:Ev  :: EVSE ISO V2G AuthorizationRes
2026-08-03 16:03:41.682940 [INFO] evse_manager:Ev  ::                                     CAR ISO V2G AuthorizationReq
2026-08-03 16:03:41.685210 [INFO] evse_manager:Ev  :: EVSE ISO V2G AuthorizationRes
2026-08-03 16:03:41.737543 [INFO] evse_manager:Ev  ::                                     CAR ISO V2G AuthorizationReq
2026-08-03 16:03:41.740535 [INFO] evse_manager:Ev  :: EVSE ISO V2G AuthorizationRes
2026-08-03 16:03:41.800820 [INFO] evse_manager:Ev  ::                                     CAR ISO V2G AuthorizationReq
2026-08-03 16:03:41.803706 [INFO] evse_manager:Ev  :: EVSE ISO V2G AuthorizationRes
2026-08-03 16:03:41.849939 [INFO] evse_manager:Ev  ::                                     CAR ISO V2G AuthorizationReq
2026-08-03 16:03:41.894884 [INFO] evse_manager:Ev  :: EVSE ISO V2G AuthorizationRes
2026-08-03 16:03:41.903768 [INFO] evse_manager:Ev  ::                                     CAR ISO V2G AuthorizationReq
2026-08-03 16:03:41.906582 [INFO] evse_manager:Ev  :: EVSE ISO V2G AuthorizationRes
2026-08-03 16:03:41.958874 [INFO] evse_manager:Ev  ::                                     CAR ISO V2G AuthorizationReq
2026-08-03 16:03:41.961744 [INFO] evse_manager:Ev  :: EVSE ISO V2G AuthorizationRes
2026-08-03 16:03:42.013174 [INFO] evse_manager:Ev  ::                                     CAR ISO V2G AuthorizationReq
2026-08-03 16:03:42.016952 [INFO] evse_manager:Ev  :: EVSE ISO V2G AuthorizationRes
2026-08-03 16:03:42.067376 [INFO] evse_manager:Ev  ::                                     CAR ISO V2G AuthorizationReq
2026-08-03 16:03:42.070654 [INFO] evse_manager:Ev  :: EVSE ISO V2G AuthorizationRes
2026-08-03 16:03:42.122536 [INFO] evse_manager:Ev  ::                                     CAR ISO V2G AuthorizationReq
2026-08-03 16:03:42.126071 [INFO] evse_manager:Ev  :: EVSE ISO V2G AuthorizationRes
2026-08-03 16:03:42.177926 [INFO] evse_manager:Ev  ::                                     CAR ISO V2G AuthorizationReq
2026-08-03 16:03:42.219290 [INFO] evse_manager:Ev  :: EVSE ISO V2G AuthorizationRes
2026-08-03 16:03:42.231905 [INFO] evse_manager:Ev  ::                                     CAR ISO V2G AuthorizationReq
2026-08-03 16:03:42.235463 [INFO] evse_manager:Ev  :: EVSE ISO V2G AuthorizationRes
2026-08-03 16:03:42.301676 [INFO] evse_manager:Ev  ::                                     CAR ISO V2G AuthorizationReq
2026-08-03 16:03:42.307596 [INFO] evse_manager:Ev  :: EVSE ISO V2G AuthorizationRes
2026-08-03 16:03:42.344679 [INFO] evse_manager:Ev  ::                                     CAR ISO V2G AuthorizationReq
2026-08-03 16:03:42.347529 [INFO] evse_manager:Ev  :: EVSE ISO V2G AuthorizationRes
2026-08-03 16:03:42.399147 [INFO] evse_manager:Ev  ::                                     CAR ISO V2G AuthorizationReq
2026-08-03 16:03:42.403123 [INFO] evse_manager:Ev  :: EVSE ISO V2G AuthorizationRes
2026-08-03 16:03:42.454981 [INFO] evse_manager:Ev  ::                                     CAR ISO V2G AuthorizationReq
2026-08-03 16:03:42.457741 [INFO] evse_manager:Ev  :: EVSE ISO V2G AuthorizationRes
2026-08-03 16:03:42.509687 [INFO] evse_manager:Ev  ::                                     CAR ISO V2G AuthorizationReq
2026-08-03 16:03:42.512659 [INFO] evse_manager:Ev  :: EVSE ISO V2G AuthorizationRes
2026-08-03 16:03:42.564339 [INFO] evse_manager:Ev  ::                                     CAR ISO V2G AuthorizationReq
2026-08-03 16:03:42.566895 [INFO] evse_manager:Ev  :: EVSE ISO V2G AuthorizationRes
2026-08-03 16:03:42.619947 [INFO] evse_manager:Ev  ::                                     CAR ISO V2G AuthorizationReq
2026-08-03 16:03:42.624053 [INFO] evse_manager:Ev  :: EVSE ISO V2G AuthorizationRes
2026-08-03 16:03:42.691938 [INFO] evse_manager:Ev  ::                                     CAR ISO V2G AuthorizationReq
2026-08-03 16:03:42.694722 [INFO] evse_manager:Ev  :: EVSE ISO V2G AuthorizationRes
2026-08-03 16:03:42.771302 [INFO] evse_manager:Ev  ::                                     CAR ISO V2G AuthorizationReq
2026-08-03 16:03:42.776624 [INFO] evse_manager:Ev  :: EVSE ISO V2G AuthorizationRes
2026-08-03 16:03:42.796450 [INFO] evse_manager:Ev  ::                                     CAR ISO V2G AuthorizationReq
2026-08-03 16:03:42.798895 [INFO] evse_manager:Ev  :: EVSE ISO V2G AuthorizationRes
2026-08-03 16:03:42.853794 [INFO] evse_manager:Ev  ::                                     CAR ISO V2G AuthorizationReq
2026-08-03 16:03:42.856266 [INFO] evse_manager:Ev  :: EVSE ISO V2G AuthorizationRes
2026-08-03 16:03:42.901231 [INFO] evse_manager:Ev  ::                                     CAR ISO V2G AuthorizationReq
2026-08-03 16:03:42.903873 [INFO] evse_manager:Ev  :: EVSE ISO V2G AuthorizationRes
2026-08-03 16:03:42.955043 [INFO] evse_manager:Ev  ::                                     CAR ISO V2G AuthorizationReq
2026-08-03 16:03:42.958510 [INFO] evse_manager:Ev  :: EVSE ISO V2G AuthorizationRes
2026-08-03 16:03:43.011163 [INFO] evse_manager:Ev  ::                                     CAR ISO V2G AuthorizationReq
2026-08-03 16:03:43.052801 [INFO] evse_manager:Ev  :: EVSE ISO V2G AuthorizationRes
2026-08-03 16:03:43.066571 [INFO] evse_manager:Ev  ::                                     CAR ISO V2G AuthorizationReq
2026-08-03 16:03:43.069954 [INFO] evse_manager:Ev  :: EVSE ISO V2G AuthorizationRes
2026-08-03 16:03:43.120310 [INFO] evse_manager:Ev  ::                                     CAR ISO V2G AuthorizationReq
2026-08-03 16:03:43.123084 [INFO] evse_manager:Ev  :: EVSE ISO V2G AuthorizationRes
2026-08-03 16:03:43.175988 [INFO] evse_manager:Ev  ::                                     CAR ISO V2G AuthorizationReq
2026-08-03 16:03:43.179484 [INFO] evse_manager:Ev  :: EVSE ISO V2G AuthorizationRes
2026-08-03 16:03:43.229274 [INFO] evse_manager:Ev  ::                                     CAR ISO V2G AuthorizationReq
2026-08-03 16:03:43.232408 [INFO] evse_manager:Ev  :: EVSE ISO V2G AuthorizationRes
2026-08-03 16:03:43.310970 [INFO] evse_manager:Ev  ::                                     CAR ISO V2G AuthorizationReq
2026-08-03 16:03:43.314446 [INFO] evse_manager:Ev  :: EVSE ISO V2G AuthorizationRes
2026-08-03 16:03:43.362638 [INFO] evse_manager:Ev  ::                                     CAR ISO V2G AuthorizationReq
2026-08-03 16:03:43.367263 [INFO] evse_manager:Ev  :: EVSE ISO V2G AuthorizationRes
2026-08-03 16:03:43.395917 [INFO] evse_manager:Ev  ::                                     CAR ISO V2G AuthorizationReq
2026-08-03 16:03:43.398319 [INFO] evse_manager:Ev  :: EVSE ISO V2G AuthorizationRes
2026-08-03 16:03:43.451237 [INFO] evse_manager:Ev  ::                                     CAR ISO V2G AuthorizationReq
2026-08-03 16:03:43.454131 [INFO] evse_manager:Ev  :: EVSE ISO V2G AuthorizationRes
2026-08-03 16:03:43.505556 [INFO] evse_manager:Ev  ::                                     CAR ISO V2G AuthorizationReq
2026-08-03 16:03:43.508329 [INFO] evse_manager:Ev  :: EVSE ISO V2G AuthorizationRes
2026-08-03 16:03:43.560952 [INFO] evse_manager:Ev  ::                                     CAR ISO V2G AuthorizationReq
2026-08-03 16:03:43.602220 [INFO] evse_manager:Ev  :: EVSE ISO V2G AuthorizationRes
2026-08-03 16:03:43.616408 [INFO] evse_manager:Ev  ::                                     CAR ISO V2G AuthorizationReq
2026-08-03 16:03:43.619595 [INFO] evse_manager:Ev  :: EVSE ISO V2G AuthorizationRes
2026-08-03 16:03:43.705146 [INFO] evse_manager:Ev  ::                                     CAR ISO V2G AuthorizationReq
2026-08-03 16:03:43.707798 [INFO] evse_manager:Ev  :: EVSE ISO V2G AuthorizationRes
2026-08-03 16:03:43.726962 [INFO] evse_manager:Ev  ::                                     CAR ISO V2G AuthorizationReq
2026-08-03 16:03:43.729537 [INFO] evse_manager:Ev  :: EVSE ISO V2G AuthorizationRes
2026-08-03 16:03:43.817449 [INFO] evse_manager:Ev  ::                                     CAR ISO V2G AuthorizationReq
2026-08-03 16:03:43.821979 [INFO] evse_manager:Ev  :: EVSE ISO V2G AuthorizationRes
2026-08-03 16:03:43.873202 [INFO] evse_manager:Ev  ::                                     CAR ISO V2G AuthorizationReq
2026-08-03 16:03:43.879456 [INFO] evse_manager:Ev  :: EVSE ISO V2G AuthorizationRes
2026-08-03 16:03:43.898817 [INFO] evse_manager:Ev  ::                                     CAR ISO V2G AuthorizationReq
2026-08-03 16:03:43.903375 [INFO] evse_manager:Ev  :: EVSE ISO V2G AuthorizationRes
2026-08-03 16:03:43.952894 [INFO] evse_manager:Ev  ::                                     CAR ISO V2G AuthorizationReq
2026-08-03 16:03:43.956511 [INFO] evse_manager:Ev  :: EVSE ISO V2G AuthorizationRes
2026-08-03 16:03:44.008954 [INFO] evse_manager:Ev  ::                                     CAR ISO V2G AuthorizationReq
2026-08-03 16:03:44.011602 [INFO] evse_manager:Ev  :: EVSE ISO V2G AuthorizationRes
2026-08-03 16:03:44.064417 [INFO] evse_manager:Ev  ::                                     CAR ISO V2G AuthorizationReq
2026-08-03 16:03:44.067563 [INFO] evse_manager:Ev  :: EVSE ISO V2G AuthorizationRes
2026-08-03 16:03:44.119407 [INFO] evse_manager:Ev  ::                                     CAR ISO V2G AuthorizationReq
2026-08-03 16:03:44.122527 [INFO] evse_manager:Ev  :: EVSE ISO V2G AuthorizationRes
2026-08-03 16:03:44.174965 [INFO] evse_manager:Ev  ::                                     CAR ISO V2G AuthorizationReq
2026-08-03 16:03:44.178128 [INFO] evse_manager:Ev  :: EVSE ISO V2G AuthorizationRes
2026-08-03 16:03:44.230588 [INFO] evse_manager:Ev  ::                                     CAR ISO V2G AuthorizationReq
2026-08-03 16:03:44.234304 [INFO] evse_manager:Ev  :: EVSE ISO V2G AuthorizationRes
2026-08-03 16:03:44.291437 [INFO] evse_manager:Ev  ::                                     CAR ISO V2G AuthorizationReq
2026-08-03 16:03:44.294131 [INFO] evse_manager:Ev  :: EVSE ISO V2G AuthorizationRes
2026-08-03 16:03:44.340885 [INFO] evse_manager:Ev  ::                                     CAR ISO V2G AuthorizationReq
2026-08-03 16:03:44.347759 [INFO] evse_manager:Ev  :: EVSE ISO V2G AuthorizationRes
2026-08-03 16:03:44.412534 [INFO] evse_manager:Ev  ::                                     CAR ISO V2G AuthorizationReq
2026-08-03 16:03:44.415153 [INFO] evse_manager:Ev  :: EVSE ISO V2G AuthorizationRes
2026-08-03 16:03:44.449583 [INFO] evse_manager:Ev  ::                                     CAR ISO V2G AuthorizationReq
2026-08-03 16:03:44.452077 [INFO] evse_manager:Ev  :: EVSE ISO V2G AuthorizationRes
2026-08-03 16:03:44.504320 [INFO] evse_manager:Ev  ::                                     CAR ISO V2G AuthorizationReq
2026-08-03 16:03:44.506903 [INFO] evse_manager:Ev  :: EVSE ISO V2G AuthorizationRes
2026-08-03 16:03:44.559046 [INFO] evse_manager:Ev  ::                                     CAR ISO V2G AuthorizationReq
2026-08-03 16:03:44.561753 [INFO] evse_manager:Ev  :: EVSE ISO V2G AuthorizationRes
2026-08-03 16:03:44.613940 [INFO] evse_manager:Ev  ::                                     CAR ISO V2G AuthorizationReq
2026-08-03 16:03:44.617337 [INFO] evse_manager:Ev  :: EVSE ISO V2G AuthorizationRes
2026-08-03 16:03:44.669523 [INFO] evse_manager:Ev  ::                                     CAR ISO V2G AuthorizationReq
2026-08-03 16:03:44.673762 [INFO] evse_manager:Ev  :: EVSE ISO V2G AuthorizationRes
2026-08-03 16:03:44.724454 [INFO] evse_manager:Ev  ::                                     CAR ISO V2G AuthorizationReq
2026-08-03 16:03:44.727046 [INFO] evse_manager:Ev  :: EVSE ISO V2G AuthorizationRes
2026-08-03 16:03:44.783494 [INFO] evse_manager:Ev  ::                                     CAR ISO V2G AuthorizationReq
2026-08-03 16:03:44.788014 [INFO] evse_manager:Ev  :: EVSE ISO V2G AuthorizationRes
2026-08-03 16:03:44.837323 [INFO] evse_manager:Ev  ::                                     CAR ISO V2G AuthorizationReq
2026-08-03 16:03:44.841218 [INFO] evse_manager:Ev  :: EVSE ISO V2G AuthorizationRes
2026-08-03 16:03:44.924795 [INFO] evse_manager:Ev  ::                                     CAR ISO V2G AuthorizationReq
2026-08-03 16:03:44.927458 [INFO] evse_manager:Ev  :: EVSE ISO V2G AuthorizationRes
2026-08-03 16:03:44.946337 [INFO] evse_manager:Ev  ::                                     CAR ISO V2G AuthorizationReq
2026-08-03 16:03:44.949635 [INFO] evse_manager:Ev  :: EVSE ISO V2G AuthorizationRes
2026-08-03 16:03:45.021707 [INFO] evse_manager:Ev  ::                                     CAR ISO V2G AuthorizationReq
2026-08-03 16:03:45.024354 [INFO] evse_manager:Ev  :: EVSE ISO V2G AuthorizationRes
2026-08-03 16:03:45.099184 [INFO] evse_manager:Ev  ::                                     CAR ISO V2G AuthorizationReq
2026-08-03 16:03:45.101914 [INFO] evse_manager:Ev  :: EVSE ISO V2G AuthorizationRes
2026-08-03 16:03:45.111262 [INFO] evse_manager:Ev  ::                                     CAR ISO V2G AuthorizationReq
2026-08-03 16:03:45.113925 [INFO] evse_manager:Ev  :: EVSE ISO V2G AuthorizationRes
2026-08-03 16:03:45.165217 [INFO] evse_manager:Ev  ::                                     CAR ISO V2G AuthorizationReq
2026-08-03 16:03:45.168577 [INFO] evse_manager:Ev  :: EVSE ISO V2G AuthorizationRes
2026-08-03 16:03:45.220456 [INFO] evse_manager:Ev  ::                                     CAR ISO V2G AuthorizationReq
2026-08-03 16:03:45.223217 [INFO] evse_manager:Ev  :: EVSE ISO V2G AuthorizationRes
2026-08-03 16:03:45.275140 [INFO] evse_manager:Ev  ::                                     CAR ISO V2G AuthorizationReq
2026-08-03 16:03:45.277905 [INFO] evse_manager:Ev  :: EVSE ISO V2G AuthorizationRes
2026-08-03 16:03:45.334427 [INFO] evse_manager:Ev  ::                                     CAR ISO V2G AuthorizationReq
2026-08-03 16:03:45.337699 [INFO] evse_manager:Ev  :: EVSE ISO V2G AuthorizationRes
2026-08-03 16:03:45.386262 [INFO] evse_manager:Ev  ::                                     CAR ISO V2G AuthorizationReq
2026-08-03 16:03:45.390763 [INFO] evse_manager:Ev  :: EVSE ISO V2G AuthorizationRes
2026-08-03 16:03:45.441898 [INFO] evse_manager:Ev  ::                                     CAR ISO V2G AuthorizationReq
2026-08-03 16:03:45.444752 [INFO] evse_manager:Ev  :: EVSE ISO V2G AuthorizationRes
2026-08-03 16:03:45.492728 [INFO] evse_manager:Ev  ::                                     CAR ISO V2G AuthorizationReq
2026-08-03 16:03:45.495486 [INFO] evse_manager:Ev  :: EVSE ISO V2G AuthorizationRes
2026-08-03 16:03:45.547802 [INFO] evse_manager:Ev  ::                                     CAR ISO V2G AuthorizationReq
2026-08-03 16:03:45.550520 [INFO] evse_manager:Ev  :: EVSE ISO V2G AuthorizationRes
2026-08-03 16:03:45.601052 [INFO] evse_manager:Ev  ::                                     CAR ISO V2G AuthorizationReq
2026-08-03 16:03:45.604649 [INFO] evse_manager:Ev  :: EVSE ISO V2G AuthorizationRes
2026-08-03 16:03:45.656121 [INFO] evse_manager:Ev  ::                                     CAR ISO V2G AuthorizationReq
2026-08-03 16:03:45.659384 [INFO] evse_manager:Ev  :: EVSE ISO V2G AuthorizationRes
2026-08-03 16:03:45.722188 [INFO] evse_manager:Ev  ::                                     CAR ISO V2G AuthorizationReq
2026-08-03 16:03:45.724692 [INFO] evse_manager:Ev  :: EVSE ISO V2G AuthorizationRes
2026-08-03 16:03:45.763897 [INFO] evse_manager:Ev  ::                                     CAR ISO V2G AuthorizationReq
2026-08-03 16:03:45.766926 [INFO] evse_manager:Ev  :: EVSE ISO V2G AuthorizationRes
2026-08-03 16:03:45.837185 [INFO] evse_manager:Ev  ::                                     CAR ISO V2G AuthorizationReq
2026-08-03 16:03:45.839839 [INFO] evse_manager:Ev  :: EVSE ISO V2G AuthorizationRes
2026-08-03 16:03:45.889325 [INFO] evse_manager:Ev  ::                                     CAR ISO V2G AuthorizationReq
2026-08-03 16:03:45.892307 [INFO] evse_manager:Ev  :: EVSE ISO V2G AuthorizationRes
2026-08-03 16:03:45.958261 [INFO] evse_manager:Ev  ::                                     CAR ISO V2G AuthorizationReq
2026-08-03 16:03:45.960837 [INFO] evse_manager:Ev  :: EVSE ISO V2G AuthorizationRes
2026-08-03 16:03:45.984426 [INFO] evse_manager:Ev  ::                                     CAR ISO V2G AuthorizationReq
2026-08-03 16:03:45.987357 [INFO] evse_manager:Ev  :: EVSE ISO V2G AuthorizationRes
2026-08-03 16:03:46.039473 [INFO] evse_manager:Ev  ::                                     CAR ISO V2G AuthorizationReq
2026-08-03 16:03:46.042445 [INFO] evse_manager:Ev  :: EVSE ISO V2G AuthorizationRes
2026-08-03 16:03:46.092914 [INFO] evse_manager:Ev  ::                                     CAR ISO V2G AuthorizationReq
2026-08-03 16:03:46.096790 [INFO] evse_manager:Ev  :: EVSE ISO V2G AuthorizationRes
2026-08-03 16:03:46.150833 [INFO] evse_manager:Ev  ::                                     CAR ISO V2G AuthorizationReq
2026-08-03 16:03:46.156709 [INFO] evse_manager:Ev  :: EVSE ISO V2G AuthorizationRes
2026-08-03 16:03:46.202719 [INFO] evse_manager:Ev  ::                                     CAR ISO V2G AuthorizationReq
2026-08-03 16:03:46.208619 [INFO] evse_manager:Ev  :: EVSE ISO V2G AuthorizationRes
2026-08-03 16:03:46.254747 [INFO] evse_manager:Ev  ::                                     CAR ISO V2G AuthorizationReq
2026-08-03 16:03:46.257383 [INFO] evse_manager:Ev  :: EVSE ISO V2G AuthorizationRes
2026-08-03 16:03:46.313006 [INFO] evse_manager:Ev  ::                                     CAR ISO V2G AuthorizationReq
2026-08-03 16:03:46.316323 [INFO] evse_manager:Ev  :: EVSE ISO V2G AuthorizationRes
2026-08-03 16:03:46.364402 [INFO] evse_manager:Ev  ::                                     CAR ISO V2G AuthorizationReq
2026-08-03 16:03:46.367688 [INFO] evse_manager:Ev  :: EVSE ISO V2G AuthorizationRes
2026-08-03 16:03:46.420885 [INFO] evse_manager:Ev  ::                                     CAR ISO V2G AuthorizationReq
2026-08-03 16:03:46.431072 [INFO] evse_manager:Ev  :: EVSE ISO V2G AuthorizationRes
2026-08-03 16:03:46.475499 [INFO] evse_manager:Ev  ::                                     CAR ISO V2G AuthorizationReq
2026-08-03 16:03:46.478860 [INFO] evse_manager:Ev  :: EVSE ISO V2G AuthorizationRes
2026-08-03 16:03:46.527497 [INFO] evse_manager:Ev  ::                                     CAR ISO V2G AuthorizationReq
2026-08-03 16:03:46.530072 [INFO] evse_manager:Ev  :: EVSE ISO V2G AuthorizationRes
2026-08-03 16:03:46.582026 [INFO] evse_manager:Ev  ::                                     CAR ISO V2G AuthorizationReq
2026-08-03 16:03:46.584850 [INFO] evse_manager:Ev  :: EVSE ISO V2G AuthorizationRes
2026-08-03 16:03:46.637348 [INFO] evse_manager:Ev  ::                                     CAR ISO V2G AuthorizationReq
2026-08-03 16:03:46.639736 [INFO] evse_manager:Ev  :: EVSE ISO V2G AuthorizationRes
2026-08-03 16:03:46.728867 [INFO] evse_manager:Ev  ::                                     CAR ISO V2G AuthorizationReq
2026-08-03 16:03:46.731205 [INFO] evse_manager:Ev  :: EVSE ISO V2G AuthorizationRes
2026-08-03 16:03:46.744536 [INFO] evse_manager:Ev  ::                                     CAR ISO V2G AuthorizationReq
2026-08-03 16:03:46.746765 [INFO] evse_manager:Ev  :: EVSE ISO V2G AuthorizationRes
2026-08-03 16:03:46.801215 [INFO] evse_manager:Ev  ::                                     CAR ISO V2G AuthorizationReq
2026-08-03 16:03:46.805700 [INFO] evse_manager:Ev  :: EVSE ISO V2G AuthorizationRes
2026-08-03 16:03:46.858299 [INFO] evse_manager:Ev  ::                                     CAR ISO V2G AuthorizationReq
2026-08-03 16:03:46.860903 [INFO] evse_manager:Ev  :: EVSE ISO V2G AuthorizationRes
2026-08-03 16:03:46.907283 [INFO] evse_manager:Ev  ::                                     CAR ISO V2G AuthorizationReq
2026-08-03 16:03:46.910243 [INFO] evse_manager:Ev  :: EVSE ISO V2G AuthorizationRes
2026-08-03 16:03:46.987121 [INFO] evse_manager:Ev  ::                                     CAR ISO V2G AuthorizationReq
2026-08-03 16:03:46.989430 [INFO] evse_manager:Ev  :: EVSE ISO V2G AuthorizationRes
2026-08-03 16:03:47.016778 [INFO] evse_manager:Ev  ::                                     CAR ISO V2G AuthorizationReq
2026-08-03 16:03:47.019445 [INFO] evse_manager:Ev  :: EVSE ISO V2G AuthorizationRes
2026-08-03 16:03:47.071464 [INFO] evse_manager:Ev  ::                                     CAR ISO V2G AuthorizationReq
2026-08-03 16:03:47.073991 [INFO] evse_manager:Ev  :: EVSE ISO V2G AuthorizationRes
2026-08-03 16:03:47.127177 [INFO] evse_manager:Ev  ::                                     CAR ISO V2G AuthorizationReq
2026-08-03 16:03:47.130154 [INFO] evse_manager:Ev  :: EVSE ISO V2G AuthorizationRes
2026-08-03 16:03:47.182758 [INFO] evse_manager:Ev  ::                                     CAR ISO V2G AuthorizationReq
2026-08-03 16:03:47.186177 [INFO] evse_manager:Ev  :: EVSE ISO V2G AuthorizationRes
2026-08-03 16:03:47.238514 [INFO] evse_manager:Ev  ::                                     CAR ISO V2G AuthorizationReq
2026-08-03 16:03:47.241949 [INFO] evse_manager:Ev  :: EVSE ISO V2G AuthorizationRes
2026-08-03 16:03:47.292650 [INFO] evse_manager:Ev  ::                                     CAR ISO V2G AuthorizationReq
2026-08-03 16:03:47.299343 [INFO] evse_manager:Ev  :: EVSE ISO V2G AuthorizationRes
2026-08-03 16:03:47.358214 [INFO] evse_manager:Ev  ::                                     CAR ISO V2G AuthorizationReq
2026-08-03 16:03:47.365489 [INFO] evse_manager:Ev  :: EVSE ISO V2G AuthorizationRes
2026-08-03 16:03:47.405235 [INFO] evse_manager:Ev  ::                                     CAR ISO V2G AuthorizationReq
2026-08-03 16:03:47.407649 [INFO] evse_manager:Ev  :: EVSE ISO V2G AuthorizationRes
2026-08-03 16:03:47.464874 [INFO] evse_manager:Ev  ::                                     CAR ISO V2G AuthorizationReq
2026-08-03 16:03:47.471707 [INFO] evse_manager:Ev  :: EVSE ISO V2G AuthorizationRes
2026-08-03 16:03:47.515812 [INFO] evse_manager:Ev  ::                                     CAR ISO V2G AuthorizationReq
2026-08-03 16:03:47.518377 [INFO] evse_manager:Ev  :: EVSE ISO V2G AuthorizationRes
2026-08-03 16:03:47.569708 [INFO] evse_manager:Ev  ::                                     CAR ISO V2G AuthorizationReq
2026-08-03 16:03:47.572212 [INFO] evse_manager:Ev  :: EVSE ISO V2G AuthorizationRes
2026-08-03 16:03:47.625636 [INFO] evse_manager:Ev  ::                                     CAR ISO V2G AuthorizationReq
2026-08-03 16:03:47.628742 [INFO] evse_manager:Ev  :: EVSE ISO V2G AuthorizationRes
2026-08-03 16:03:47.679304 [INFO] evse_manager:Ev  ::                                     CAR ISO V2G AuthorizationReq
2026-08-03 16:03:47.682413 [INFO] evse_manager:Ev  :: EVSE ISO V2G AuthorizationRes
2026-08-03 16:03:47.734942 [INFO] evse_manager:Ev  ::                                     CAR ISO V2G AuthorizationReq
2026-08-03 16:03:47.737305 [INFO] evse_manager:Ev  :: EVSE ISO V2G AuthorizationRes
2026-08-03 16:03:47.787828 [INFO] evse_manager:Ev  ::                                     CAR ISO V2G AuthorizationReq
2026-08-03 16:03:47.790428 [INFO] evse_manager:Ev  :: EVSE ISO V2G AuthorizationRes
2026-08-03 16:03:47.844123 [INFO] evse_manager:Ev  ::                                     CAR ISO V2G AuthorizationReq
2026-08-03 16:03:47.846832 [INFO] evse_manager:Ev  :: EVSE ISO V2G AuthorizationRes
2026-08-03 16:03:47.898866 [INFO] evse_manager:Ev  ::                                     CAR ISO V2G AuthorizationReq
2026-08-03 16:03:47.901498 [INFO] evse_manager:Ev  :: EVSE ISO V2G AuthorizationRes
2026-08-03 16:03:47.954063 [INFO] evse_manager:Ev  ::                                     CAR ISO V2G AuthorizationReq
2026-08-03 16:03:47.957029 [INFO] evse_manager:Ev  :: EVSE ISO V2G AuthorizationRes
2026-08-03 16:03:48.014126 [INFO] evse_manager:Ev  ::                                     CAR ISO V2G AuthorizationReq
2026-08-03 16:03:48.016918 [INFO] evse_manager:Ev  :: EVSE ISO V2G AuthorizationRes
2026-08-03 16:03:48.063954 [INFO] evse_manager:Ev  ::                                     CAR ISO V2G AuthorizationReq
2026-08-03 16:03:48.066916 [INFO] evse_manager:Ev  :: EVSE ISO V2G AuthorizationRes
2026-08-03 16:03:48.117503 [INFO] evse_manager:Ev  ::                                     CAR ISO V2G AuthorizationReq
2026-08-03 16:03:48.121519 [INFO] evse_manager:Ev  :: EVSE ISO V2G AuthorizationRes
2026-08-03 16:03:48.172359 [INFO] evse_manager:Ev  ::                                     CAR ISO V2G AuthorizationReq
2026-08-03 16:03:48.175372 [INFO] evse_manager:Ev  :: EVSE ISO V2G AuthorizationRes
2026-08-03 16:03:48.226164 [INFO] evse_manager:Ev  ::                                     CAR ISO V2G AuthorizationReq
2026-08-03 16:03:48.229258 [INFO] evse_manager:Ev  :: EVSE ISO V2G AuthorizationRes
2026-08-03 16:03:48.281090 [INFO] evse_manager:Ev  ::                                     CAR ISO V2G AuthorizationReq
2026-08-03 16:03:48.283997 [INFO] evse_manager:Ev  :: EVSE ISO V2G AuthorizationRes
2026-08-03 16:03:48.357565 [INFO] evse_manager:Ev  ::                                     CAR ISO V2G AuthorizationReq
2026-08-03 16:03:48.361152 [INFO] evse_manager:Ev  :: EVSE ISO V2G AuthorizationRes
2026-08-03 16:03:48.410457 [INFO] evse_manager:Ev  ::                                     CAR ISO V2G AuthorizationReq
2026-08-03 16:03:48.413635 [INFO] evse_manager:Ev  :: EVSE ISO V2G AuthorizationRes
2026-08-03 16:03:48.446589 [INFO] evse_manager:Ev  ::                                     CAR ISO V2G AuthorizationReq
2026-08-03 16:03:48.449301 [INFO] evse_manager:Ev  :: EVSE ISO V2G AuthorizationRes
2026-08-03 16:03:48.507625 [INFO] evse_manager:Ev  ::                                     CAR ISO V2G AuthorizationReq
2026-08-03 16:03:48.512973 [INFO] evse_manager:Ev  :: EVSE ISO V2G AuthorizationRes
2026-08-03 16:03:48.597378 [INFO] evse_manager:Ev  ::                                     CAR ISO V2G AuthorizationReq
2026-08-03 16:03:48.599798 [INFO] evse_manager:Ev  :: EVSE ISO V2G AuthorizationRes
2026-08-03 16:03:48.613997 [INFO] evse_manager:Ev  ::                                     CAR ISO V2G AuthorizationReq
2026-08-03 16:03:48.617235 [INFO] evse_manager:Ev  :: EVSE ISO V2G AuthorizationRes
2026-08-03 16:03:48.667287 [INFO] evse_manager:Ev  ::                                     CAR ISO V2G AuthorizationReq
2026-08-03 16:03:48.670696 [INFO] evse_manager:Ev  :: EVSE ISO V2G AuthorizationRes
2026-08-03 16:03:48.745909 [INFO] evse_manager:Ev  ::                                     CAR ISO V2G AuthorizationReq
2026-08-03 16:03:48.748264 [INFO] evse_manager:Ev  :: EVSE ISO V2G AuthorizationRes
2026-08-03 16:03:48.777859 [INFO] evse_manager:Ev  ::                                     CAR ISO V2G AuthorizationReq
2026-08-03 16:03:48.780402 [INFO] evse_manager:Ev  :: EVSE ISO V2G AuthorizationRes
2026-08-03 16:03:48.834297 [INFO] evse_manager:Ev  ::                                     CAR ISO V2G AuthorizationReq
2026-08-03 16:03:48.839500 [INFO] evse_manager:Ev  :: EVSE ISO V2G AuthorizationRes
2026-08-03 16:03:48.888445 [INFO] evse_manager:Ev  ::                                     CAR ISO V2G AuthorizationReq
2026-08-03 16:03:48.891124 [INFO] evse_manager:Ev  :: EVSE ISO V2G AuthorizationRes
2026-08-03 16:03:48.943624 [INFO] evse_manager:Ev  ::                                     CAR ISO V2G AuthorizationReq
2026-08-03 16:03:48.946932 [INFO] evse_manager:Ev  :: EVSE ISO V2G AuthorizationRes
2026-08-03 16:03:49.000724 [INFO] evse_manager:Ev  ::                                     CAR ISO V2G AuthorizationReq
2026-08-03 16:03:49.005062 [INFO] evse_manager:Ev  :: EVSE ISO V2G AuthorizationRes
2026-08-03 16:03:49.053187 [INFO] evse_manager:Ev  ::                                     CAR ISO V2G AuthorizationReq
2026-08-03 16:03:49.055915 [INFO] evse_manager:Ev  :: EVSE ISO V2G AuthorizationRes
2026-08-03 16:03:49.107274 [INFO] evse_manager:Ev  ::                                     CAR ISO V2G AuthorizationReq
2026-08-03 16:03:49.109838 [INFO] evse_manager:Ev  :: EVSE ISO V2G AuthorizationRes
2026-08-03 16:03:49.162230 [INFO] evse_manager:Ev  ::                                     CAR ISO V2G AuthorizationReq
2026-08-03 16:03:49.206378 [INFO] evse_manager:Ev  :: EVSE ISO V2G AuthorizationRes
2026-08-03 16:03:49.215386 [INFO] evse_manager:Ev  ::                                     CAR ISO V2G AuthorizationReq
2026-08-03 16:03:49.218616 [INFO] evse_manager:Ev  :: EVSE ISO V2G AuthorizationRes
2026-08-03 16:03:49.268492 [INFO] evse_manager:Ev  ::                                     CAR ISO V2G AuthorizationReq
2026-08-03 16:03:49.271713 [INFO] evse_manager:Ev  :: EVSE ISO V2G AuthorizationRes
2026-08-03 16:03:49.327895 [INFO] evse_manager:Ev  ::                                     CAR ISO V2G AuthorizationReq
2026-08-03 16:03:49.332111 [INFO] evse_manager:Ev  :: EVSE ISO V2G AuthorizationRes
2026-08-03 16:03:49.383149 [INFO] evse_manager:Ev  ::                                     CAR ISO V2G AuthorizationReq
2026-08-03 16:03:49.388523 [INFO] evse_manager:Ev  :: EVSE ISO V2G AuthorizationRes
2026-08-03 16:03:49.435429 [INFO] evse_manager:Ev  ::                                     CAR ISO V2G AuthorizationReq
2026-08-03 16:03:49.438830 [INFO] evse_manager:Ev  :: EVSE ISO V2G AuthorizationRes
2026-08-03 16:03:49.491158 [INFO] evse_manager:Ev  ::                                     CAR ISO V2G AuthorizationReq
2026-08-03 16:03:49.494387 [INFO] evse_manager:Ev  :: EVSE ISO V2G AuthorizationRes
2026-08-03 16:03:49.556351 [INFO] evse_manager:Ev  ::                                     CAR ISO V2G AuthorizationReq
2026-08-03 16:03:49.558671 [INFO] evse_manager:Ev  :: EVSE ISO V2G AuthorizationRes
2026-08-03 16:03:49.602454 [INFO] evse_manager:Ev  ::                                     CAR ISO V2G AuthorizationReq
2026-08-03 16:03:49.605443 [INFO] evse_manager:Ev  :: EVSE ISO V2G AuthorizationRes
2026-08-03 16:03:49.657513 [INFO] evse_manager:Ev  ::                                     CAR ISO V2G AuthorizationReq
2026-08-03 16:03:49.660981 [INFO] evse_manager:Ev  :: EVSE ISO V2G AuthorizationRes
2026-08-03 16:03:49.713276 [INFO] evse_manager:Ev  ::                                     CAR ISO V2G AuthorizationReq
2026-08-03 16:03:49.721080 [INFO] evse_manager:Ev  :: EVSE ISO V2G AuthorizationRes
2026-08-03 16:03:49.767619 [INFO] evse_manager:Ev  ::                                     CAR ISO V2G AuthorizationReq
2026-08-03 16:03:49.771029 [INFO] evse_manager:Ev  :: EVSE ISO V2G AuthorizationRes
2026-08-03 16:03:49.820123 [INFO] evse_manager:Ev  ::                                     CAR ISO V2G AuthorizationReq
2026-08-03 16:03:49.825393 [INFO] evse_manager:Ev  :: EVSE ISO V2G AuthorizationRes
2026-08-03 16:03:49.877628 [INFO] evse_manager:Ev  ::                                     CAR ISO V2G AuthorizationReq
2026-08-03 16:03:49.880085 [INFO] evse_manager:Ev  :: EVSE ISO V2G AuthorizationRes
2026-08-03 16:03:49.929955 [INFO] evse_manager:Ev  ::                                     CAR ISO V2G AuthorizationReq
2026-08-03 16:03:49.932429 [INFO] evse_manager:Ev  :: EVSE ISO V2G AuthorizationRes
2026-08-03 16:03:49.985299 [INFO] evse_manager:Ev  ::                                     CAR ISO V2G AuthorizationReq
2026-08-03 16:03:49.987824 [INFO] evse_manager:Ev  :: EVSE ISO V2G AuthorizationRes
2026-08-03 16:03:50.070867 [INFO] evse_manager:Ev  ::                                     CAR ISO V2G AuthorizationReq
2026-08-03 16:03:50.073703 [INFO] evse_manager:Ev  :: EVSE ISO V2G AuthorizationRes
2026-08-03 16:03:50.096946 [INFO] evse_manager:Ev  ::                                     CAR ISO V2G AuthorizationReq
2026-08-03 16:03:50.099564 [INFO] evse_manager:Ev  :: EVSE ISO V2G AuthorizationRes
2026-08-03 16:03:50.149092 [INFO] evse_manager:Ev  ::                                     CAR ISO V2G AuthorizationReq
2026-08-03 16:03:50.152283 [INFO] evse_manager:Ev  :: EVSE ISO V2G AuthorizationRes
2026-08-03 16:03:50.204061 [INFO] evse_manager:Ev  ::                                     CAR ISO V2G AuthorizationReq
2026-08-03 16:03:50.207056 [INFO] evse_manager:Ev  :: EVSE ISO V2G AuthorizationRes
2026-08-03 16:03:50.258972 [INFO] evse_manager:Ev  ::                                     CAR ISO V2G AuthorizationReq
2026-08-03 16:03:50.262248 [INFO] evse_manager:Ev  :: EVSE ISO V2G AuthorizationRes
2026-08-03 16:03:50.314448 [INFO] evse_manager:Ev  ::                                     CAR ISO V2G AuthorizationReq
2026-08-03 16:03:50.317864 [INFO] evse_manager:Ev  :: EVSE ISO V2G AuthorizationRes
2026-08-03 16:03:50.378026 [INFO] evse_manager:Ev  ::                                     CAR ISO V2G AuthorizationReq
2026-08-03 16:03:50.381178 [INFO] evse_manager:Ev  :: EVSE ISO V2G AuthorizationRes
2026-08-03 16:03:50.427918 [INFO] evse_manager:Ev  ::                                     CAR ISO V2G AuthorizationReq
2026-08-03 16:03:50.432092 [INFO] evse_manager:Ev  :: EVSE ISO V2G AuthorizationRes
2026-08-03 16:03:50.479634 [INFO] evse_manager:Ev  ::                                     CAR ISO V2G AuthorizationReq
2026-08-03 16:03:50.482155 [INFO] evse_manager:Ev  :: EVSE ISO V2G AuthorizationRes
2026-08-03 16:03:50.537906 [INFO] evse_manager:Ev  ::                                     CAR ISO V2G AuthorizationReq
2026-08-03 16:03:50.541902 [INFO] evse_manager:Ev  :: EVSE ISO V2G AuthorizationRes
2026-08-03 16:03:50.589775 [INFO] evse_manager:Ev  ::                                     CAR ISO V2G AuthorizationReq
2026-08-03 16:03:50.592405 [INFO] evse_manager:Ev  :: EVSE ISO V2G AuthorizationRes
2026-08-03 16:03:50.642969 [INFO] evse_manager:Ev  ::                                     CAR ISO V2G AuthorizationReq
2026-08-03 16:03:50.646017 [INFO] evse_manager:Ev  :: EVSE ISO V2G AuthorizationRes
2026-08-03 16:03:50.696993 [INFO] evse_manager:Ev  ::                                     CAR ISO V2G AuthorizationReq
2026-08-03 16:03:50.699820 [INFO] evse_manager:Ev  :: EVSE ISO V2G AuthorizationRes
2026-08-03 16:03:50.764766 [INFO] evse_manager:Ev  ::                                     CAR ISO V2G AuthorizationReq
2026-08-03 16:03:50.767876 [INFO] evse_manager:Ev  :: EVSE ISO V2G AuthorizationRes
2026-08-03 16:03:50.807176 [INFO] evse_manager:Ev  ::                                     CAR ISO V2G AuthorizationReq
2026-08-03 16:03:50.810162 [INFO] evse_manager:Ev  :: EVSE ISO V2G AuthorizationRes
2026-08-03 16:03:50.867622 [INFO] evse_manager:Ev  ::                                     CAR ISO V2G AuthorizationReq
2026-08-03 16:03:50.870546 [INFO] evse_manager:Ev  :: EVSE ISO V2G AuthorizationRes
2026-08-03 16:03:50.920975 [INFO] evse_manager:Ev  ::                                     CAR ISO V2G AuthorizationReq
2026-08-03 16:03:50.923923 [INFO] evse_manager:Ev  :: EVSE ISO V2G AuthorizationRes
2026-08-03 16:03:50.974314 [INFO] evse_manager:Ev  ::                                     CAR ISO V2G AuthorizationReq
2026-08-03 16:03:50.977181 [INFO] evse_manager:Ev  :: EVSE ISO V2G AuthorizationRes
2026-08-03 16:03:51.028312 [INFO] evse_manager:Ev  ::                                     CAR ISO V2G AuthorizationReq
2026-08-03 16:03:51.031224 [INFO] evse_manager:Ev  :: EVSE ISO V2G AuthorizationRes
2026-08-03 16:03:51.107384 [INFO] evse_manager:Ev  ::                                     CAR ISO V2G AuthorizationReq
2026-08-03 16:03:51.110019 [INFO] evse_manager:Ev  :: EVSE ISO V2G AuthorizationRes
2026-08-03 16:03:51.138607 [INFO] evse_manager:Ev  ::                                     CAR ISO V2G AuthorizationReq
2026-08-03 16:03:51.141479 [INFO] evse_manager:Ev  :: EVSE ISO V2G AuthorizationRes
2026-08-03 16:03:51.192117 [INFO] evse_manager:Ev  ::                                     CAR ISO V2G AuthorizationReq
2026-08-03 16:03:51.194949 [INFO] evse_manager:Ev  :: EVSE ISO V2G AuthorizationRes
2026-08-03 16:03:51.245885 [INFO] evse_manager:Ev  ::                                     CAR ISO V2G AuthorizationReq
2026-08-03 16:03:51.248442 [INFO] evse_manager:Ev  :: EVSE ISO V2G AuthorizationRes
2026-08-03 16:03:51.301340 [INFO] evse_manager:Ev  ::                                     CAR ISO V2G AuthorizationReq
2026-08-03 16:03:51.304423 [INFO] evse_manager:Ev  :: EVSE ISO V2G AuthorizationRes
2026-08-03 16:03:51.391229 [INFO] evse_manager:Ev  ::                                     CAR ISO V2G AuthorizationReq
2026-08-03 16:03:51.395279 [INFO] evse_manager:Ev  :: EVSE ISO V2G AuthorizationRes
2026-08-03 16:03:51.440813 [INFO] evse_manager:Ev  ::                                     CAR ISO V2G AuthorizationReq
2026-08-03 16:03:51.443755 [INFO] evse_manager:Ev  :: EVSE ISO V2G AuthorizationRes
2026-08-03 16:03:51.464331 [INFO] evse_manager:Ev  ::                                     CAR ISO V2G AuthorizationReq
2026-08-03 16:03:51.468061 [INFO] evse_manager:Ev  :: EVSE ISO V2G AuthorizationRes
2026-08-03 16:03:51.520419 [INFO] evse_manager:Ev  ::                                     CAR ISO V2G AuthorizationReq
2026-08-03 16:03:51.523269 [INFO] evse_manager:Ev  :: EVSE ISO V2G AuthorizationRes
2026-08-03 16:03:51.581854 [INFO] evse_manager:Ev  ::                                     CAR ISO V2G AuthorizationReq
2026-08-03 16:03:51.587772 [INFO] evse_manager:Ev  :: EVSE ISO V2G AuthorizationRes
2026-08-03 16:03:51.632664 [INFO] evse_manager:Ev  ::                                     CAR ISO V2G AuthorizationReq
2026-08-03 16:03:51.635212 [INFO] evse_manager:Ev  :: EVSE ISO V2G AuthorizationRes
2026-08-03 16:03:51.687143 [INFO] evse_manager:Ev  ::                                     CAR ISO V2G AuthorizationReq
2026-08-03 16:03:51.690253 [INFO] evse_manager:Ev  :: EVSE ISO V2G AuthorizationRes
2026-08-03 16:03:51.776860 [INFO] evse_manager:Ev  ::                                     CAR ISO V2G AuthorizationReq
2026-08-03 16:03:51.779214 [INFO] evse_manager:Ev  :: EVSE ISO V2G AuthorizationRes
2026-08-03 16:03:51.796397 [INFO] evse_manager:Ev  ::                                     CAR ISO V2G AuthorizationReq
2026-08-03 16:03:51.798695 [INFO] evse_manager:Ev  :: EVSE ISO V2G AuthorizationRes
2026-08-03 16:03:51.889554 [INFO] evse_manager:Ev  ::                                     CAR ISO V2G AuthorizationReq
2026-08-03 16:03:51.892121 [INFO] evse_manager:Ev  :: EVSE ISO V2G AuthorizationRes
2026-08-03 16:03:51.908779 [INFO] evse_manager:Ev  ::                                     CAR ISO V2G AuthorizationReq
2026-08-03 16:03:51.912939 [INFO] evse_manager:Ev  :: EVSE ISO V2G AuthorizationRes
2026-08-03 16:03:51.968077 [INFO] evse_manager:Ev  ::                                     CAR ISO V2G AuthorizationReq
2026-08-03 16:03:51.974792 [INFO] evse_manager:Ev  :: EVSE ISO V2G AuthorizationRes
2026-08-03 16:03:52.069355 [INFO] evse_manager:Ev  ::                                     CAR ISO V2G AuthorizationReq
2026-08-03 16:03:52.071992 [INFO] evse_manager:Ev  :: EVSE ISO V2G AuthorizationRes
2026-08-03 16:03:52.077530 [INFO] evse_manager:Ev  ::                                     CAR ISO V2G AuthorizationReq
2026-08-03 16:03:52.080443 [INFO] evse_manager:Ev  :: EVSE ISO V2G AuthorizationRes
2026-08-03 16:03:52.135245 [INFO] evse_manager:Ev  ::                                     CAR ISO V2G AuthorizationReq
2026-08-03 16:03:52.137956 [INFO] evse_manager:Ev  :: EVSE ISO V2G AuthorizationRes
2026-08-03 16:03:52.186666 [INFO] evse_manager:Ev  ::                                     CAR ISO V2G AuthorizationReq
2026-08-03 16:03:52.189129 [INFO] evse_manager:Ev  :: EVSE ISO V2G AuthorizationRes
2026-08-03 16:03:52.242531 [INFO] evse_manager:Ev  ::                                     CAR ISO V2G AuthorizationReq
2026-08-03 16:03:52.245215 [INFO] evse_manager:Ev  :: EVSE ISO V2G AuthorizationRes
2026-08-03 16:03:52.297225 [INFO] evse_manager:Ev  ::                                     CAR ISO V2G AuthorizationReq
2026-08-03 16:03:52.301016 [INFO] evse_manager:Ev  :: EVSE ISO V2G AuthorizationRes
2026-08-03 16:03:52.359334 [INFO] evse_manager:Ev  ::                                     CAR ISO V2G AuthorizationReq
2026-08-03 16:03:52.363496 [INFO] evse_manager:Ev  :: EVSE ISO V2G AuthorizationRes
2026-08-03 16:03:52.412675 [INFO] evse_manager:Ev  ::                                     CAR ISO V2G AuthorizationReq
2026-08-03 16:03:52.418523 [INFO] evse_manager:Ev  :: EVSE ISO V2G AuthorizationRes
2026-08-03 16:03:52.468360 [INFO] evse_manager:Ev  ::                                     CAR ISO V2G AuthorizationReq
2026-08-03 16:03:52.471673 [INFO] evse_manager:Ev  :: EVSE ISO V2G AuthorizationRes
2026-08-03 16:03:52.522135 [INFO] evse_manager:Ev  ::                                     CAR ISO V2G AuthorizationReq
2026-08-03 16:03:52.525309 [INFO] evse_manager:Ev  :: EVSE ISO V2G AuthorizationRes
2026-08-03 16:03:52.578234 [INFO] evse_manager:Ev  ::                                     CAR ISO V2G AuthorizationReq
2026-08-03 16:03:52.580973 [INFO] evse_manager:Ev  :: EVSE ISO V2G AuthorizationRes
2026-08-03 16:03:52.654866 [INFO] evse_manager:Ev  ::                                     CAR ISO V2G AuthorizationReq
2026-08-03 16:03:52.657472 [INFO] evse_manager:Ev  :: EVSE ISO V2G AuthorizationRes
2026-08-03 16:03:52.687516 [INFO] evse_manager:Ev  ::                                     CAR ISO V2G AuthorizationReq
2026-08-03 16:03:52.690240 [INFO] evse_manager:Ev  :: EVSE ISO V2G AuthorizationRes
2026-08-03 16:03:52.783318 [INFO] evse_manager:Ev  ::                                     CAR ISO V2G AuthorizationReq
2026-08-03 16:03:52.786358 [INFO] evse_manager:Ev  :: EVSE ISO V2G AuthorizationRes
2026-08-03 16:03:52.796331 [INFO] evse_manager:Ev  ::                                     CAR ISO V2G AuthorizationReq
2026-08-03 16:03:52.799311 [INFO] evse_manager:Ev  :: EVSE ISO V2G AuthorizationRes
2026-08-03 16:03:52.856439 [INFO] evse_manager:Ev  ::                                     CAR ISO V2G AuthorizationReq
2026-08-03 16:03:52.859479 [INFO] evse_manager:Ev  :: EVSE ISO V2G AuthorizationRes
2026-08-03 16:03:52.909890 [INFO] evse_manager:Ev  ::                                     CAR ISO V2G AuthorizationReq
2026-08-03 16:03:52.913939 [INFO] evse_manager:Ev  :: EVSE ISO V2G AuthorizationRes
2026-08-03 16:03:52.963585 [INFO] evse_manager:Ev  ::                                     CAR ISO V2G AuthorizationReq
2026-08-03 16:03:52.966163 [INFO] evse_manager:Ev  :: EVSE ISO V2G AuthorizationRes
2026-08-03 16:03:53.017583 [INFO] evse_manager:Ev  ::                                     CAR ISO V2G AuthorizationReq
2026-08-03 16:03:53.020839 [INFO] evse_manager:Ev  :: EVSE ISO V2G AuthorizationRes
2026-08-03 16:03:53.072471 [INFO] evse_manager:Ev  ::                                     CAR ISO V2G AuthorizationReq
2026-08-03 16:03:53.075254 [INFO] evse_manager:Ev  :: EVSE ISO V2G AuthorizationRes
2026-08-03 16:03:53.131879 [INFO] evse_manager:Ev  ::                                     CAR ISO V2G AuthorizationReq
2026-08-03 16:03:53.140657 [INFO] evse_manager:Ev  :: EVSE ISO V2G AuthorizationRes
2026-08-03 16:03:53.191118 [INFO] evse_manager:Ev  ::                                     CAR ISO V2G AuthorizationReq
2026-08-03 16:03:53.194063 [INFO] evse_manager:Ev  :: EVSE ISO V2G AuthorizationRes
2026-08-03 16:03:53.240611 [INFO] evse_manager:Ev  ::                                     CAR ISO V2G AuthorizationReq
2026-08-03 16:03:53.243650 [INFO] evse_manager:Ev  :: EVSE ISO V2G AuthorizationRes
2026-08-03 16:03:53.292072 [INFO] evse_manager:Ev  ::                                     CAR ISO V2G AuthorizationReq
2026-08-03 16:03:53.295044 [INFO] evse_manager:Ev  :: EVSE ISO V2G AuthorizationRes
2026-08-03 16:03:53.346879 [INFO] evse_manager:Ev  ::                                     CAR ISO V2G AuthorizationReq
2026-08-03 16:03:53.349755 [INFO] evse_manager:Ev  :: EVSE ISO V2G AuthorizationRes
2026-08-03 16:03:53.404306 [INFO] evse_manager:Ev  ::                                     CAR ISO V2G AuthorizationReq
2026-08-03 16:03:53.406848 [INFO] evse_manager:Ev  :: EVSE ISO V2G AuthorizationRes
2026-08-03 16:03:53.455828 [INFO] evse_manager:Ev  ::                                     CAR ISO V2G AuthorizationReq
2026-08-03 16:03:53.459499 [INFO] evse_manager:Ev  :: EVSE ISO V2G AuthorizationRes
2026-08-03 16:03:53.511724 [INFO] evse_manager:Ev  ::                                     CAR ISO V2G AuthorizationReq
2026-08-03 16:03:53.514453 [INFO] evse_manager:Ev  :: EVSE ISO V2G AuthorizationRes
2026-08-03 16:03:53.566067 [INFO] evse_manager:Ev  ::                                     CAR ISO V2G AuthorizationReq
2026-08-03 16:03:53.569262 [INFO] evse_manager:Ev  :: EVSE ISO V2G AuthorizationRes
2026-08-03 16:03:53.626289 [INFO] evse_manager:Ev  ::                                     CAR ISO V2G AuthorizationReq
2026-08-03 16:03:53.635161 [INFO] evse_manager:Ev  :: EVSE ISO V2G AuthorizationRes
2026-08-03 16:03:53.677261 [INFO] evse_manager:Ev  ::                                     CAR ISO V2G AuthorizationReq
2026-08-03 16:03:53.680242 [INFO] evse_manager:Ev  :: EVSE ISO V2G AuthorizationRes
2026-08-03 16:03:53.731673 [INFO] evse_manager:Ev  ::                                     CAR ISO V2G AuthorizationReq
2026-08-03 16:03:53.734759 [INFO] evse_manager:Ev  :: EVSE ISO V2G AuthorizationRes
2026-08-03 16:03:53.794307 [INFO] evse_manager:Ev  ::                                     CAR ISO V2G AuthorizationReq
2026-08-03 16:03:53.796710 [INFO] evse_manager:Ev  :: EVSE ISO V2G AuthorizationRes
2026-08-03 16:03:53.841815 [INFO] evse_manager:Ev  ::                                     CAR ISO V2G AuthorizationReq
2026-08-03 16:03:53.844337 [INFO] evse_manager:Ev  :: EVSE ISO V2G AuthorizationRes
2026-08-03 16:03:53.907993 [INFO] evse_manager:Ev  ::                                     CAR ISO V2G AuthorizationReq
2026-08-03 16:03:53.911553 [INFO] evse_manager:Ev  :: EVSE ISO V2G AuthorizationRes
2026-08-03 16:03:53.957920 [INFO] evse_manager:Ev  ::                                     CAR ISO V2G AuthorizationReq
2026-08-03 16:03:53.960696 [INFO] evse_manager:Ev  :: EVSE ISO V2G AuthorizationRes
2026-08-03 16:03:54.003306 [INFO] evse_manager:Ev  ::                                     CAR ISO V2G AuthorizationReq
2026-08-03 16:03:54.006358 [INFO] evse_manager:Ev  :: EVSE ISO V2G AuthorizationRes
2026-08-03 16:03:54.059606 [INFO] evse_manager:Ev  ::                                     CAR ISO V2G AuthorizationReq
2026-08-03 16:03:54.062452 [INFO] evse_manager:Ev  :: EVSE ISO V2G AuthorizationRes
2026-08-03 16:03:54.113631 [INFO] evse_manager:Ev  ::                                     CAR ISO V2G AuthorizationReq
2026-08-03 16:03:54.117217 [INFO] evse_manager:Ev  :: EVSE ISO V2G AuthorizationRes
2026-08-03 16:03:54.192292 [INFO] evse_manager:Ev  ::                                     CAR ISO V2G AuthorizationReq
2026-08-03 16:03:54.195281 [INFO] evse_manager:Ev  :: EVSE ISO V2G AuthorizationRes
2026-08-03 16:03:54.226254 [INFO] evse_manager:Ev  ::                                     CAR ISO V2G AuthorizationReq
2026-08-03 16:03:54.228720 [INFO] evse_manager:Ev  :: EVSE ISO V2G AuthorizationRes
2026-08-03 16:03:54.287011 [INFO] evse_manager:Ev  ::                                     CAR ISO V2G AuthorizationReq
2026-08-03 16:03:54.289539 [INFO] evse_manager:Ev  :: EVSE ISO V2G AuthorizationRes
2026-08-03 16:03:54.376636 [INFO] evse_manager:Ev  ::                                     CAR ISO V2G AuthorizationReq
2026-08-03 16:03:54.381071 [INFO] evse_manager:Ev  :: EVSE ISO V2G AuthorizationRes
2026-08-03 16:03:54.429311 [INFO] evse_manager:Ev  ::                                     CAR ISO V2G AuthorizationReq
2026-08-03 16:03:54.431595 [INFO] evse_manager:Ev  :: EVSE ISO V2G AuthorizationRes
2026-08-03 16:03:54.479733 [INFO] evse_manager:Ev  ::                                     CAR ISO V2G AuthorizationReq
2026-08-03 16:03:54.482570 [INFO] evse_manager:Ev  :: EVSE ISO V2G AuthorizationRes
2026-08-03 16:03:54.500567 [INFO] evse_manager:Ev  ::                                     CAR ISO V2G AuthorizationReq
2026-08-03 16:03:54.503887 [INFO] evse_manager:Ev  :: EVSE ISO V2G AuthorizationRes
2026-08-03 16:03:54.555140 [INFO] evse_manager:Ev  ::                                     CAR ISO V2G AuthorizationReq
2026-08-03 16:03:54.558005 [INFO] evse_manager:Ev  :: EVSE ISO V2G AuthorizationRes
2026-08-03 16:03:54.610289 [INFO] evse_manager:Ev  ::                                     CAR ISO V2G AuthorizationReq
2026-08-03 16:03:54.613183 [INFO] evse_manager:Ev  :: EVSE ISO V2G AuthorizationRes
2026-08-03 16:03:54.666802 [INFO] evse_manager:Ev  ::                                     CAR ISO V2G AuthorizationReq
2026-08-03 16:03:54.670938 [INFO] evse_manager:Ev  :: EVSE ISO V2G AuthorizationRes
2026-08-03 16:03:54.718943 [INFO] evse_manager:Ev  ::                                     CAR ISO V2G AuthorizationReq
2026-08-03 16:03:54.721964 [INFO] evse_manager:Ev  :: EVSE ISO V2G AuthorizationRes
2026-08-03 16:03:54.809708 [INFO] evse_manager:Ev  ::                                     CAR ISO V2G AuthorizationReq
2026-08-03 16:03:54.812619 [INFO] evse_manager:Ev  :: EVSE ISO V2G AuthorizationRes
2026-08-03 16:03:54.830711 [INFO] evse_manager:Ev  ::                                     CAR ISO V2G AuthorizationReq
2026-08-03 16:03:54.833852 [INFO] evse_manager:Ev  :: EVSE ISO V2G AuthorizationRes
2026-08-03 16:03:54.913601 [INFO] evse_manager:Ev  ::                                     CAR ISO V2G AuthorizationReq
2026-08-03 16:03:54.917450 [INFO] evse_manager:Ev  :: EVSE ISO V2G AuthorizationRes
2026-08-03 16:03:54.964299 [INFO] evse_manager:Ev  ::                                     CAR ISO V2G AuthorizationReq
2026-08-03 16:03:54.967109 [INFO] evse_manager:Ev  :: EVSE ISO V2G AuthorizationRes
2026-08-03 16:03:54.996261 [INFO] evse_manager:Ev  ::                                     CAR ISO V2G AuthorizationReq
2026-08-03 16:03:54.998862 [INFO] evse_manager:Ev  :: EVSE ISO V2G AuthorizationRes
2026-08-03 16:03:55.051841 [INFO] evse_manager:Ev  ::                                     CAR ISO V2G AuthorizationReq
2026-08-03 16:03:55.055122 [INFO] evse_manager:Ev  :: EVSE ISO V2G AuthorizationRes
2026-08-03 16:03:55.104800 [INFO] evse_manager:Ev  ::                                     CAR ISO V2G AuthorizationReq
2026-08-03 16:03:55.107764 [INFO] evse_manager:Ev  :: EVSE ISO V2G AuthorizationRes
2026-08-03 16:03:55.160384 [INFO] evse_manager:Ev  ::                                     CAR ISO V2G AuthorizationReq
2026-08-03 16:03:55.163856 [INFO] evse_manager:Ev  :: EVSE ISO V2G AuthorizationRes
2026-08-03 16:03:55.220004 [INFO] evse_manager:Ev  ::                                     CAR ISO V2G AuthorizationReq
2026-08-03 16:03:55.222648 [INFO] evse_manager:Ev  :: EVSE ISO V2G AuthorizationRes
2026-08-03 16:03:55.269837 [INFO] evse_manager:Ev  ::                                     CAR ISO V2G AuthorizationReq
2026-08-03 16:03:55.272530 [INFO] evse_manager:Ev  :: EVSE ISO V2G AuthorizationRes
2026-08-03 16:03:55.322423 [INFO] evse_manager:Ev  ::                                     CAR ISO V2G AuthorizationReq
2026-08-03 16:03:55.325979 [INFO] evse_manager:Ev  :: EVSE ISO V2G AuthorizationRes
2026-08-03 16:03:55.384262 [INFO] evse_manager:Ev  ::                                     CAR ISO V2G AuthorizationReq
2026-08-03 16:03:55.387734 [INFO] evse_manager:Ev  :: EVSE ISO V2G AuthorizationRes
2026-08-03 16:03:55.441953 [INFO] evse_manager:Ev  ::                                     CAR ISO V2G AuthorizationReq
2026-08-03 16:03:55.445696 [INFO] evse_manager:Ev  :: EVSE ISO V2G AuthorizationRes
2026-08-03 16:03:55.493236 [INFO] evse_manager:Ev  ::                                     CAR ISO V2G AuthorizationReq
2026-08-03 16:03:55.498654 [INFO] evse_manager:Ev  :: EVSE ISO V2G AuthorizationRes
2026-08-03 16:03:55.546890 [INFO] evse_manager:Ev  ::                                     CAR ISO V2G AuthorizationReq
2026-08-03 16:03:55.549303 [INFO] evse_manager:Ev  :: EVSE ISO V2G AuthorizationRes
2026-08-03 16:03:55.602264 [INFO] evse_manager:Ev  ::                                     CAR ISO V2G AuthorizationReq
2026-08-03 16:03:55.604846 [INFO] evse_manager:Ev  :: EVSE ISO V2G AuthorizationRes
2026-08-03 16:03:55.654650 [INFO] evse_manager:Ev  ::                                     CAR ISO V2G AuthorizationReq
2026-08-03 16:03:55.657199 [INFO] evse_manager:Ev  :: EVSE ISO V2G AuthorizationRes
2026-08-03 16:03:55.737715 [INFO] evse_manager:Ev  ::                                     CAR ISO V2G AuthorizationReq
2026-08-03 16:03:55.740368 [INFO] evse_manager:Ev  :: EVSE ISO V2G AuthorizationRes
2026-08-03 16:03:55.763090 [INFO] evse_manager:Ev  ::                                     CAR ISO V2G AuthorizationReq
2026-08-03 16:03:55.765807 [INFO] evse_manager:Ev  :: EVSE ISO V2G AuthorizationRes
2026-08-03 16:03:55.818066 [INFO] evse_manager:Ev  ::                                     CAR ISO V2G AuthorizationReq
2026-08-03 16:03:55.820753 [INFO] evse_manager:Ev  :: EVSE ISO V2G AuthorizationRes
2026-08-03 16:03:55.870522 [INFO] evse_manager:Ev  ::                                     CAR ISO V2G AuthorizationReq
2026-08-03 16:03:55.873931 [INFO] evse_manager:Ev  :: EVSE ISO V2G AuthorizationRes
2026-08-03 16:03:55.926910 [INFO] evse_manager:Ev  ::                                     CAR ISO V2G AuthorizationReq
2026-08-03 16:03:55.929475 [INFO] evse_manager:Ev  :: EVSE ISO V2G AuthorizationRes
2026-08-03 16:03:55.979598 [INFO] evse_manager:Ev  ::                                     CAR ISO V2G AuthorizationReq
2026-08-03 16:03:55.982394 [INFO] evse_manager:Ev  :: EVSE ISO V2G AuthorizationRes
2026-08-03 16:03:56.034696 [INFO] evse_manager:Ev  ::                                     CAR ISO V2G AuthorizationReq
2026-08-03 16:03:56.037631 [INFO] evse_manager:Ev  :: EVSE ISO V2G AuthorizationRes
2026-08-03 16:03:56.088312 [INFO] evse_manager:Ev  ::                                     CAR ISO V2G AuthorizationReq
2026-08-03 16:03:56.091080 [INFO] evse_manager:Ev  :: EVSE ISO V2G AuthorizationRes
2026-08-03 16:03:56.142608 [INFO] evse_manager:Ev  ::                                     CAR ISO V2G AuthorizationReq
2026-08-03 16:03:56.145923 [INFO] evse_manager:Ev  :: EVSE ISO V2G AuthorizationRes
2026-08-03 16:03:56.198425 [INFO] evse_manager:Ev  ::                                     CAR ISO V2G AuthorizationReq
2026-08-03 16:03:56.204371 [INFO] evse_manager:Ev  :: EVSE ISO V2G AuthorizationRes
2026-08-03 16:03:56.255767 [INFO] evse_manager:Ev  ::                                     CAR ISO V2G AuthorizationReq
2026-08-03 16:03:56.258160 [INFO] evse_manager:Ev  :: EVSE ISO V2G AuthorizationRes
2026-08-03 16:03:56.306693 [INFO] evse_manager:Ev  ::                                     CAR ISO V2G AuthorizationReq
2026-08-03 16:03:56.309284 [INFO] evse_manager:Ev  :: EVSE ISO V2G AuthorizationRes
2026-08-03 16:03:56.361218 [INFO] evse_manager:Ev  ::                                     CAR ISO V2G AuthorizationReq
2026-08-03 16:03:56.363968 [INFO] evse_manager:Ev  :: EVSE ISO V2G AuthorizationRes
2026-08-03 16:03:56.429972 [INFO] evse_manager:Ev  ::                                     CAR ISO V2G AuthorizationReq
2026-08-03 16:03:56.434002 [INFO] evse_manager:Ev  :: EVSE ISO V2G AuthorizationRes
2026-08-03 16:03:56.478676 [INFO] evse_manager:Ev  ::                                     CAR ISO V2G AuthorizationReq
2026-08-03 16:03:56.481767 [INFO] evse_manager:Ev  :: EVSE ISO V2G AuthorizationRes
2026-08-03 16:03:56.526593 [INFO] evse_manager:Ev  ::                                     CAR ISO V2G AuthorizationReq
2026-08-03 16:03:56.529475 [INFO] evse_manager:Ev  :: EVSE ISO V2G AuthorizationRes
2026-08-03 16:03:56.584237 [INFO] evse_manager:Ev  ::                                     CAR ISO V2G AuthorizationReq
2026-08-03 16:03:56.588642 [INFO] evse_manager:Ev  :: EVSE ISO V2G AuthorizationRes
2026-08-03 16:03:56.637203 [INFO] evse_manager:Ev  ::                                     CAR ISO V2G AuthorizationReq
2026-08-03 16:03:56.644988 [INFO] evse_manager:Ev  :: EVSE ISO V2G AuthorizationRes
2026-08-03 16:03:56.690430 [INFO] evse_manager:Ev  ::                                     CAR ISO V2G AuthorizationReq
2026-08-03 16:03:56.693442 [INFO] evse_manager:Ev  :: EVSE ISO V2G AuthorizationRes
2026-08-03 16:03:56.768036 [INFO] evse_manager:Ev  ::                                     CAR ISO V2G AuthorizationReq
2026-08-03 16:03:56.771176 [INFO] evse_manager:Ev  :: EVSE ISO V2G AuthorizationRes
2026-08-03 16:03:56.821004 [INFO] evse_manager:Ev  ::                                     CAR ISO V2G AuthorizationReq
2026-08-03 16:03:56.824034 [INFO] evse_manager:Ev  :: EVSE ISO V2G AuthorizationRes
2026-08-03 16:03:56.854333 [INFO] evse_manager:Ev  ::                                     CAR ISO V2G AuthorizationReq
2026-08-03 16:03:56.857261 [INFO] evse_manager:Ev  :: EVSE ISO V2G AuthorizationRes
2026-08-03 16:03:56.943031 [INFO] evse_manager:Ev  ::                                     CAR ISO V2G AuthorizationReq
2026-08-03 16:03:56.948169 [INFO] evse_manager:Ev  :: EVSE ISO V2G AuthorizationRes
2026-08-03 16:03:56.963743 [INFO] evse_manager:Ev  ::                                     CAR ISO V2G AuthorizationReq
2026-08-03 16:03:56.966078 [INFO] evse_manager:Ev  :: EVSE ISO V2G AuthorizationRes
2026-08-03 16:03:57.017775 [INFO] evse_manager:Ev  ::                                     CAR ISO V2G AuthorizationReq
2026-08-03 16:03:57.020495 [INFO] evse_manager:Ev  :: EVSE ISO V2G AuthorizationRes
2026-08-03 16:03:57.072077 [INFO] evse_manager:Ev  ::                                     CAR ISO V2G AuthorizationReq
2026-08-03 16:03:57.074611 [INFO] evse_manager:Ev  :: EVSE ISO V2G AuthorizationRes
2026-08-03 16:03:57.127777 [INFO] evse_manager:Ev  ::                                     CAR ISO V2G AuthorizationReq
2026-08-03 16:03:57.130903 [INFO] evse_manager:Ev  :: EVSE ISO V2G AuthorizationRes
2026-08-03 16:03:57.180188 [INFO] evse_manager:Ev  ::                                     CAR ISO V2G AuthorizationReq
2026-08-03 16:03:57.182942 [INFO] evse_manager:Ev  :: EVSE ISO V2G AuthorizationRes
2026-08-03 16:03:57.236613 [INFO] evse_manager:Ev  ::                                     CAR ISO V2G AuthorizationReq
2026-08-03 16:03:57.240745 [INFO] evse_manager:Ev  :: EVSE ISO V2G AuthorizationRes
2026-08-03 16:03:57.289767 [INFO] evse_manager:Ev  ::                                     CAR ISO V2G AuthorizationReq
2026-08-03 16:03:57.292553 [INFO] evse_manager:Ev  :: EVSE ISO V2G AuthorizationRes
2026-08-03 16:03:57.346236 [INFO] evse_manager:Ev  ::                                     CAR ISO V2G AuthorizationReq
2026-08-03 16:03:57.348868 [INFO] evse_manager:Ev  :: EVSE ISO V2G AuthorizationRes
2026-08-03 16:03:57.440147 [INFO] evse_manager:Ev  ::                                     CAR ISO V2G AuthorizationReq
2026-08-03 16:03:57.443423 [INFO] evse_manager:Ev  :: EVSE ISO V2G AuthorizationRes
2026-08-03 16:03:57.459651 [INFO] evse_manager:Ev  ::                                     CAR ISO V2G AuthorizationReq
2026-08-03 16:03:57.462645 [INFO] evse_manager:Ev  :: EVSE ISO V2G AuthorizationRes
2026-08-03 16:03:57.513414 [INFO] evse_manager:Ev  ::                                     CAR ISO V2G AuthorizationReq
2026-08-03 16:03:57.516018 [INFO] evse_manager:Ev  :: EVSE ISO V2G AuthorizationRes
2026-08-03 16:03:57.568581 [INFO] evse_manager:Ev  ::                                     CAR ISO V2G AuthorizationReq
2026-08-03 16:03:57.571893 [INFO] evse_manager:Ev  :: EVSE ISO V2G AuthorizationRes
2026-08-03 16:03:57.623175 [INFO] evse_manager:Ev  ::                                     CAR ISO V2G AuthorizationReq
2026-08-03 16:03:57.626555 [INFO] evse_manager:Ev  :: EVSE ISO V2G AuthorizationRes
2026-08-03 16:03:57.679130 [INFO] evse_manager:Ev  ::                                     CAR ISO V2G AuthorizationReq
2026-08-03 16:03:57.681641 [INFO] evse_manager:Ev  :: EVSE ISO V2G AuthorizationRes
2026-08-03 16:03:57.734966 [INFO] evse_manager:Ev  ::                                     CAR ISO V2G AuthorizationReq
2026-08-03 16:03:57.737959 [INFO] evse_manager:Ev  :: EVSE ISO V2G AuthorizationRes
2026-08-03 16:03:57.793253 [INFO] evse_manager:Ev  ::                                     CAR ISO V2G AuthorizationReq
2026-08-03 16:03:57.798370 [INFO] evse_manager:Ev  :: EVSE ISO V2G AuthorizationRes
2026-08-03 16:03:57.845396 [INFO] evse_manager:Ev  ::                                     CAR ISO V2G AuthorizationReq
2026-08-03 16:03:57.847926 [INFO] evse_manager:Ev  :: EVSE ISO V2G AuthorizationRes
2026-08-03 16:03:57.905184 [INFO] evse_manager:Ev  ::                                     CAR ISO V2G AuthorizationReq
2026-08-03 16:03:57.910357 [INFO] evse_manager:Ev  :: EVSE ISO V2G AuthorizationRes
2026-08-03 16:03:57.965837 [INFO] evse_manager:Ev  ::                                     CAR ISO V2G AuthorizationReq
2026-08-03 16:03:58.000139 [INFO] evse_manager:Ev  :: EVSE ISO V2G AuthorizationRes
2026-08-03 16:03:58.013976 [INFO] evse_manager:Ev  ::                                     CAR ISO V2G AuthorizationReq
2026-08-03 16:03:58.016968 [INFO] evse_manager:Ev  :: EVSE ISO V2G AuthorizationRes
2026-08-03 16:03:58.067526 [INFO] evse_manager:Ev  ::                                     CAR ISO V2G AuthorizationReq
2026-08-03 16:03:58.070528 [INFO] evse_manager:Ev  :: EVSE ISO V2G AuthorizationRes
2026-08-03 16:03:58.122190 [INFO] evse_manager:Ev  ::                                     CAR ISO V2G AuthorizationReq
2026-08-03 16:03:58.125622 [INFO] evse_manager:Ev  :: EVSE ISO V2G AuthorizationRes
2026-08-03 16:03:58.175769 [INFO] evse_manager:Ev  ::                                     CAR ISO V2G AuthorizationReq
2026-08-03 16:03:58.178940 [INFO] evse_manager:Ev  :: EVSE ISO V2G AuthorizationRes
2026-08-03 16:03:58.230571 [INFO] evse_manager:Ev  ::                                     CAR ISO V2G AuthorizationReq
2026-08-03 16:03:58.233812 [INFO] evse_manager:Ev  :: EVSE ISO V2G AuthorizationRes
2026-08-03 16:03:58.286170 [INFO] evse_manager:Ev  ::                                     CAR ISO V2G AuthorizationReq
2026-08-03 16:03:58.289117 [INFO] evse_manager:Ev  :: EVSE ISO V2G AuthorizationRes
2026-08-03 16:03:58.339877 [INFO] evse_manager:Ev  ::                                     CAR ISO V2G AuthorizationReq
2026-08-03 16:03:58.342894 [INFO] evse_manager:Ev  :: EVSE ISO V2G AuthorizationRes
2026-08-03 16:03:58.396345 [INFO] evse_manager:Ev  ::                                     CAR ISO V2G AuthorizationReq
2026-08-03 16:03:58.399105 [INFO] evse_manager:Ev  :: EVSE ISO V2G AuthorizationRes
2026-08-03 16:03:58.452105 [INFO] evse_manager:Ev  ::                                     CAR ISO V2G AuthorizationReq
2026-08-03 16:03:58.455701 [INFO] evse_manager:Ev  :: EVSE ISO V2G AuthorizationRes
2026-08-03 16:03:58.507142 [INFO] evse_manager:Ev  ::                                     CAR ISO V2G AuthorizationReq
2026-08-03 16:03:58.509878 [INFO] evse_manager:Ev  :: EVSE ISO V2G AuthorizationRes
2026-08-03 16:03:58.561806 [INFO] evse_manager:Ev  ::                                     CAR ISO V2G AuthorizationReq
2026-08-03 16:03:58.564342 [INFO] evse_manager:Ev  :: EVSE ISO V2G AuthorizationRes
2026-08-03 16:03:58.617057 [INFO] evse_manager:Ev  ::                                     CAR ISO V2G AuthorizationReq
2026-08-03 16:03:58.620217 [INFO] evse_manager:Ev  :: EVSE ISO V2G AuthorizationRes
2026-08-03 16:03:58.673754 [INFO] evse_manager:Ev  ::                                     CAR ISO V2G AuthorizationReq
2026-08-03 16:03:58.676954 [INFO] evse_manager:Ev  :: EVSE ISO V2G AuthorizationRes
2026-08-03 16:03:58.726302 [INFO] evse_manager:Ev  ::                                     CAR ISO V2G AuthorizationReq
2026-08-03 16:03:58.729469 [INFO] evse_manager:Ev  :: EVSE ISO V2G AuthorizationRes
2026-08-03 16:03:58.785211 [INFO] evse_manager:Ev  ::                                     CAR ISO V2G AuthorizationReq
2026-08-03 16:03:58.788277 [INFO] evse_manager:Ev  :: EVSE ISO V2G AuthorizationRes
2026-08-03 16:03:58.853793 [INFO] evse_manager:Ev  ::                                     CAR ISO V2G AuthorizationReq
2026-08-03 16:03:58.858205 [INFO] evse_manager:Ev  :: EVSE ISO V2G AuthorizationRes
2026-08-03 16:03:58.898368 [INFO] evse_manager:Ev  ::                                     CAR ISO V2G AuthorizationReq
2026-08-03 16:03:58.901291 [INFO] evse_manager:Ev  :: EVSE ISO V2G AuthorizationRes
2026-08-03 16:03:58.974674 [INFO] evse_manager:Ev  ::                                     CAR ISO V2G AuthorizationReq
2026-08-03 16:03:58.978961 [INFO] evse_manager:Ev  :: EVSE ISO V2G AuthorizationRes
2026-08-03 16:03:59.027732 [INFO] evse_manager:Ev  ::                                     CAR ISO V2G AuthorizationReq
2026-08-03 16:03:59.030416 [INFO] evse_manager:Ev  :: EVSE ISO V2G AuthorizationRes
2026-08-03 16:03:59.061798 [INFO] evse_manager:Ev  ::                                     CAR ISO V2G AuthorizationReq
2026-08-03 16:03:59.065150 [INFO] evse_manager:Ev  :: EVSE ISO V2G AuthorizationRes
2026-08-03 16:03:59.117317 [INFO] evse_manager:Ev  ::                                     CAR ISO V2G AuthorizationReq
2026-08-03 16:03:59.120284 [INFO] evse_manager:Ev  :: EVSE ISO V2G AuthorizationRes
2026-08-03 16:03:59.170762 [INFO] evse_manager:Ev  ::                                     CAR ISO V2G AuthorizationReq
2026-08-03 16:03:59.176437 [INFO] evse_manager:Ev  :: EVSE ISO V2G AuthorizationRes
2026-08-03 16:03:59.226738 [INFO] evse_manager:Ev  ::                                     CAR ISO V2G AuthorizationReq
2026-08-03 16:03:59.229626 [INFO] evse_manager:Ev  :: EVSE ISO V2G AuthorizationRes
2026-08-03 16:03:59.281079 [INFO] evse_manager:Ev  ::                                     CAR ISO V2G AuthorizationReq
2026-08-03 16:03:59.284530 [INFO] evse_manager:Ev  :: EVSE ISO V2G AuthorizationRes
2026-08-03 16:03:59.370679 [INFO] evse_manager:Ev  ::                                     CAR ISO V2G AuthorizationReq
2026-08-03 16:03:59.373084 [INFO] evse_manager:Ev  :: EVSE ISO V2G AuthorizationRes
2026-08-03 16:03:59.391508 [INFO] evse_manager:Ev  ::                                     CAR ISO V2G AuthorizationReq
2026-08-03 16:03:59.394240 [INFO] evse_manager:Ev  :: EVSE ISO V2G AuthorizationRes
2026-08-03 16:03:59.461721 [INFO] evse_manager:Ev  ::                                     CAR ISO V2G AuthorizationReq
2026-08-03 16:03:59.466390 [INFO] evse_manager:Ev  :: EVSE ISO V2G AuthorizationRes
2026-08-03 16:03:59.512142 [INFO] evse_manager:Ev  ::                                     CAR ISO V2G AuthorizationReq
2026-08-03 16:03:59.514770 [INFO] evse_manager:Ev  :: EVSE ISO V2G AuthorizationRes
2026-08-03 16:03:59.555646 [INFO] evse_manager:Ev  ::                                     CAR ISO V2G AuthorizationReq
2026-08-03 16:03:59.558394 [INFO] evse_manager:Ev  :: EVSE ISO V2G AuthorizationRes
2026-08-03 16:03:59.610416 [INFO] evse_manager:Ev  ::                                     CAR ISO V2G AuthorizationReq
2026-08-03 16:03:59.613273 [INFO] evse_manager:Ev  :: EVSE ISO V2G AuthorizationRes
2026-08-03 16:03:59.665757 [INFO] evse_manager:Ev  ::                                     CAR ISO V2G AuthorizationReq
2026-08-03 16:03:59.669245 [INFO] evse_manager:Ev  :: EVSE ISO V2G AuthorizationRes
2026-08-03 16:03:59.721601 [INFO] evse_manager:Ev  ::                                     CAR ISO V2G AuthorizationReq
2026-08-03 16:03:59.724883 [INFO] evse_manager:Ev  :: EVSE ISO V2G AuthorizationRes
2026-08-03 16:03:59.774445 [INFO] evse_manager:Ev  ::                                     CAR ISO V2G AuthorizationReq
2026-08-03 16:03:59.777926 [INFO] evse_manager:Ev  :: EVSE ISO V2G AuthorizationRes
2026-08-03 16:03:59.866224 [INFO] evse_manager:Ev  ::                                     CAR ISO V2G AuthorizationReq
2026-08-03 16:03:59.871038 [INFO] evse_manager:Ev  :: EVSE ISO V2G AuthorizationRes
2026-08-03 16:03:59.889859 [INFO] evse_manager:Ev  ::                                     CAR ISO V2G AuthorizationReq
2026-08-03 16:03:59.892082 [INFO] evse_manager:Ev  :: EVSE ISO V2G AuthorizationRes
2026-08-03 16:03:59.968393 [INFO] evse_manager:Ev  ::                                     CAR ISO V2G AuthorizationReq
2026-08-03 16:03:59.971192 [INFO] evse_manager:Ev  :: EVSE ISO V2G AuthorizationRes
2026-08-03 16:04:00.019397 [INFO] evse_manager:Ev  ::                                     CAR ISO V2G AuthorizationReq
2026-08-03 16:04:00.022251 [INFO] evse_manager:Ev  :: EVSE ISO V2G AuthorizationRes
2026-08-03 16:04:00.051328 [INFO] evse_manager:Ev  ::                                     CAR ISO V2G AuthorizationReq
2026-08-03 16:04:00.055786 [INFO] evse_manager:Ev  :: EVSE ISO V2G AuthorizationRes
2026-08-03 16:04:00.132988 [INFO] evse_manager:Ev  ::                                     CAR ISO V2G AuthorizationReq
2026-08-03 16:04:00.137724 [INFO] evse_manager:Ev  :: EVSE ISO V2G AuthorizationRes
2026-08-03 16:04:00.159224 [INFO] evse_manager:Ev  ::                                     CAR ISO V2G AuthorizationReq
2026-08-03 16:04:00.161490 [INFO] evse_manager:Ev  :: EVSE ISO V2G AuthorizationRes
2026-08-03 16:04:00.213165 [INFO] evse_manager:Ev  ::                                     CAR ISO V2G AuthorizationReq
2026-08-03 16:04:00.216172 [INFO] evse_manager:Ev  :: EVSE ISO V2G AuthorizationRes
2026-08-03 16:04:00.268916 [INFO] evse_manager:Ev  ::                                     CAR ISO V2G AuthorizationReq
2026-08-03 16:04:00.271636 [INFO] evse_manager:Ev  :: EVSE ISO V2G AuthorizationRes
2026-08-03 16:04:00.323170 [INFO] evse_manager:Ev  ::                                     CAR ISO V2G AuthorizationReq
2026-08-03 16:04:00.326127 [INFO] evse_manager:Ev  :: EVSE ISO V2G AuthorizationRes
2026-08-03 16:04:00.402554 [INFO] evse_manager:Ev  ::                                     CAR ISO V2G AuthorizationReq
2026-08-03 16:04:00.405322 [INFO] evse_manager:Ev  :: EVSE ISO V2G AuthorizationRes
2026-08-03 16:04:00.440491 [INFO] evse_manager:Ev  ::                                     CAR ISO V2G AuthorizationReq
2026-08-03 16:04:00.443286 [INFO] evse_manager:Ev  :: EVSE ISO V2G AuthorizationRes
2026-08-03 16:04:00.494069 [INFO] evse_manager:Ev  ::                                     CAR ISO V2G AuthorizationReq
2026-08-03 16:04:00.496919 [INFO] evse_manager:Ev  :: EVSE ISO V2G AuthorizationRes
2026-08-03 16:04:00.547772 [INFO] evse_manager:Ev  ::                                     CAR ISO V2G AuthorizationReq
2026-08-03 16:04:00.551036 [INFO] evse_manager:Ev  :: EVSE ISO V2G AuthorizationRes
2026-08-03 16:04:00.602776 [INFO] evse_manager:Ev  ::                                     CAR ISO V2G AuthorizationReq
2026-08-03 16:04:00.605326 [INFO] evse_manager:Ev  :: EVSE ISO V2G AuthorizationRes
2026-08-03 16:04:00.658119 [INFO] evse_manager:Ev  ::                                     CAR ISO V2G AuthorizationReq
2026-08-03 16:04:00.661581 [INFO] evse_manager:Ev  :: EVSE ISO V2G AuthorizationRes
2026-08-03 16:04:00.713315 [INFO] evse_manager:Ev  ::                                     CAR ISO V2G AuthorizationReq
2026-08-03 16:04:00.716415 [INFO] evse_manager:Ev  :: EVSE ISO V2G AuthorizationRes
2026-08-03 16:04:00.766825 [INFO] evse_manager:Ev  ::                                     CAR ISO V2G AuthorizationReq
2026-08-03 16:04:00.770859 [INFO] evse_manager:Ev  :: EVSE ISO V2G AuthorizationRes
2026-08-03 16:04:00.823299 [INFO] evse_manager:Ev  ::                                     CAR ISO V2G AuthorizationReq
2026-08-03 16:04:00.826670 [INFO] evse_manager:Ev  :: EVSE ISO V2G AuthorizationRes
2026-08-03 16:04:00.920202 [INFO] evse_manager:Ev  ::                                     CAR ISO V2G AuthorizationReq
2026-08-03 16:04:00.922591 [INFO] evse_manager:Ev  :: EVSE ISO V2G AuthorizationRes
2026-08-03 16:04:00.940664 [INFO] evse_manager:Ev  ::                                     CAR ISO V2G AuthorizationReq
2026-08-03 16:04:00.945559 [INFO] evse_manager:Ev  :: EVSE ISO V2G AuthorizationRes
2026-08-03 16:04:00.992214 [INFO] evse_manager:Ev  ::                                     CAR ISO V2G AuthorizationReq
2026-08-03 16:04:00.996022 [INFO] evse_manager:Ev  :: EVSE ISO V2G AuthorizationRes
2026-08-03 16:04:01.046587 [INFO] evse_manager:Ev  ::                                     CAR ISO V2G AuthorizationReq
2026-08-03 16:04:01.049398 [INFO] evse_manager:Ev  :: EVSE ISO V2G AuthorizationRes
2026-08-03 16:04:01.101185 [INFO] evse_manager:Ev  ::                                     CAR ISO V2G AuthorizationReq
2026-08-03 16:04:01.103894 [INFO] evse_manager:Ev  :: EVSE ISO V2G AuthorizationRes
2026-08-03 16:04:01.158186 [INFO] evse_manager:Ev  ::                                     CAR ISO V2G AuthorizationReq
2026-08-03 16:04:01.162113 [INFO] evse_manager:Ev  :: EVSE ISO V2G AuthorizationRes
2026-08-03 16:04:01.212486 [INFO] evse_manager:Ev  ::                                     CAR ISO V2G AuthorizationReq
2026-08-03 16:04:01.217004 [INFO] evse_manager:Ev  :: EVSE ISO V2G AuthorizationRes
2026-08-03 16:04:01.276461 [INFO] evse_manager:Ev  ::                                     CAR ISO V2G AuthorizationReq
2026-08-03 16:04:01.279271 [INFO] evse_manager:Ev  :: EVSE ISO V2G AuthorizationRes
2026-08-03 16:04:01.319630 [INFO] evse_manager:Ev  ::                                     CAR ISO V2G AuthorizationReq
2026-08-03 16:04:01.322897 [INFO] evse_manager:Ev  :: EVSE ISO V2G AuthorizationRes
2026-08-03 16:04:01.372786 [INFO] evse_manager:Ev  ::                                     CAR ISO V2G AuthorizationReq
2026-08-03 16:04:01.376527 [INFO] evse_manager:Ev  :: EVSE ISO V2G AuthorizationRes
2026-08-03 16:04:01.431708 [INFO] evse_manager:Ev  ::                                     CAR ISO V2G AuthorizationReq
2026-08-03 16:04:01.437383 [INFO] evse_manager:Ev  :: EVSE ISO V2G AuthorizationRes
2026-08-03 16:04:01.528306 [INFO] evse_manager:Ev  ::                                     CAR ISO V2G AuthorizationReq
2026-08-03 16:04:01.530875 [INFO] evse_manager:Ev  :: EVSE ISO V2G AuthorizationRes
2026-08-03 16:04:01.538479 [INFO] evse_manager:Ev  ::                                     CAR ISO V2G AuthorizationReq
2026-08-03 16:04:01.541796 [INFO] evse_manager:Ev  :: EVSE ISO V2G AuthorizationRes
2026-08-03 16:04:01.593121 [INFO] evse_manager:Ev  ::                                     CAR ISO V2G AuthorizationReq
2026-08-03 16:04:01.596291 [INFO] evse_manager:Ev  :: EVSE ISO V2G AuthorizationRes
2026-08-03 16:04:01.650519 [INFO] evse_manager:Ev  ::                                     CAR ISO V2G AuthorizationReq
2026-08-03 16:04:01.654413 [INFO] evse_manager:Ev  :: EVSE ISO V2G AuthorizationRes
2026-08-03 16:04:01.705662 [INFO] evse_manager:Ev  ::                                     CAR ISO V2G AuthorizationReq
2026-08-03 16:04:01.709073 [INFO] evse_manager:Ev  :: EVSE ISO V2G AuthorizationRes
2026-08-03 16:04:01.762245 [INFO] evse_manager:Ev  ::                                     CAR ISO V2G AuthorizationReq
2026-08-03 16:04:01.764998 [INFO] evse_manager:Ev  :: EVSE ISO V2G AuthorizationRes
2026-08-03 16:04:01.816221 [INFO] evse_manager:Ev  ::                                     CAR ISO V2G AuthorizationReq
2026-08-03 16:04:01.819823 [INFO] evse_manager:Ev  :: EVSE ISO V2G AuthorizationRes
2026-08-03 16:04:01.882289 [INFO] evse_manager:Ev  ::                                     CAR ISO V2G AuthorizationReq
2026-08-03 16:04:01.884891 [INFO] evse_manager:Ev  :: EVSE ISO V2G AuthorizationRes
2026-08-03 16:04:01.938887 [INFO] evse_manager:Ev  ::                                     CAR ISO V2G AuthorizationReq
2026-08-03 16:04:01.942383 [INFO] evse_manager:Ev  :: EVSE ISO V2G AuthorizationRes
2026-08-03 16:04:01.987766 [INFO] evse_manager:Ev  ::                                     CAR ISO V2G AuthorizationReq
2026-08-03 16:04:01.990584 [INFO] evse_manager:Ev  :: EVSE ISO V2G AuthorizationRes
2026-08-03 16:04:02.036844 [INFO] evse_manager:Ev  ::                                     CAR ISO V2G AuthorizationReq
2026-08-03 16:04:02.039459 [INFO] evse_manager:Ev  :: EVSE ISO V2G AuthorizationRes
2026-08-03 16:04:02.087947 [INFO] evse_manager:Ev  ::                                     CAR ISO V2G AuthorizationReq
2026-08-03 16:04:02.091088 [INFO] evse_manager:Ev  :: EVSE ISO V2G AuthorizationRes
2026-08-03 16:04:02.144161 [INFO] evse_manager:Ev  ::                                     CAR ISO V2G AuthorizationReq
2026-08-03 16:04:02.147581 [INFO] evse_manager:Ev  :: EVSE ISO V2G AuthorizationRes
2026-08-03 16:04:02.198027 [INFO] evse_manager:Ev  ::                                     CAR ISO V2G AuthorizationReq
2026-08-03 16:04:02.201430 [INFO] evse_manager:Ev  :: EVSE ISO V2G AuthorizationRes
2026-08-03 16:04:02.253217 [INFO] evse_manager:Ev  ::                                     CAR ISO V2G AuthorizationReq
2026-08-03 16:04:02.256003 [INFO] evse_manager:Ev  :: EVSE ISO V2G AuthorizationRes
2026-08-03 16:04:02.309886 [INFO] evse_manager:Ev  ::                                     CAR ISO V2G AuthorizationReq
2026-08-03 16:04:02.312736 [INFO] evse_manager:Ev  :: EVSE ISO V2G AuthorizationRes
2026-08-03 16:04:02.365532 [INFO] evse_manager:Ev  ::                                     CAR ISO V2G AuthorizationReq
2026-08-03 16:04:02.370377 [INFO] evse_manager:Ev  :: EVSE ISO V2G AuthorizationRes
2026-08-03 16:04:02.430204 [INFO] evse_manager:Ev  ::                                     CAR ISO V2G AuthorizationReq
2026-08-03 16:04:02.445444 [INFO] evse_manager:Ev  :: EVSE ISO V2G AuthorizationRes
2026-08-03 16:04:02.491287 [INFO] evse_manager:Ev  ::                                     CAR ISO V2G AuthorizationReq
2026-08-03 16:04:02.493919 [INFO] evse_manager:Ev  :: EVSE ISO V2G AuthorizationRes
2026-08-03 16:04:02.540919 [INFO] evse_manager:Ev  ::                                     CAR ISO V2G AuthorizationReq
2026-08-03 16:04:02.547466 [INFO] evse_manager:Ev  :: EVSE ISO V2G AuthorizationRes
2026-08-03 16:04:02.594330 [INFO] evse_manager:Ev  ::                                     CAR ISO V2G AuthorizationReq
2026-08-03 16:04:02.635360 [INFO] evse_manager:Ev  :: EVSE ISO V2G AuthorizationRes
2026-08-03 16:04:02.647231 [INFO] evse_manager:Ev  ::                                     CAR ISO V2G AuthorizationReq
2026-08-03 16:04:02.649724 [INFO] evse_manager:Ev  :: EVSE ISO V2G AuthorizationRes
2026-08-03 16:04:02.702058 [INFO] evse_manager:Ev  ::                                     CAR ISO V2G AuthorizationReq
2026-08-03 16:04:02.704440 [INFO] evse_manager:Ev  :: EVSE ISO V2G AuthorizationRes
2026-08-03 16:04:02.755824 [INFO] evse_manager:Ev  ::                                     CAR ISO V2G AuthorizationReq
2026-08-03 16:04:02.758936 [INFO] evse_manager:Ev  :: EVSE ISO V2G AuthorizationRes
2026-08-03 16:04:02.809418 [INFO] evse_manager:Ev  ::                                     CAR ISO V2G AuthorizationReq
2026-08-03 16:04:02.811883 [INFO] evse_manager:Ev  :: EVSE ISO V2G AuthorizationRes
2026-08-03 16:04:02.891124 [INFO] evse_manager:Ev  ::                                     CAR ISO V2G AuthorizationReq
2026-08-03 16:04:02.894042 [INFO] evse_manager:Ev  :: EVSE ISO V2G AuthorizationRes
2026-08-03 16:04:02.921917 [INFO] evse_manager:Ev  ::                                     CAR ISO V2G AuthorizationReq
2026-08-03 16:04:02.924874 [INFO] evse_manager:Ev  :: EVSE ISO V2G AuthorizationRes
2026-08-03 16:04:03.001820 [INFO] evse_manager:Ev  ::                                     CAR ISO V2G AuthorizationReq
2026-08-03 16:04:03.005062 [INFO] evse_manager:Ev  :: EVSE ISO V2G AuthorizationRes
2026-08-03 16:04:03.055745 [INFO] evse_manager:Ev  ::                                     CAR ISO V2G AuthorizationReq
2026-08-03 16:04:03.058983 [INFO] evse_manager:Ev  :: EVSE ISO V2G AuthorizationRes
2026-08-03 16:04:03.081347 [INFO] evse_manager:Ev  ::                                     CAR ISO V2G AuthorizationReq
2026-08-03 16:04:03.084128 [INFO] evse_manager:Ev  :: EVSE ISO V2G AuthorizationRes
2026-08-03 16:04:03.135508 [INFO] evse_manager:Ev  ::                                     CAR ISO V2G AuthorizationReq
2026-08-03 16:04:03.138486 [INFO] evse_manager:Ev  :: EVSE ISO V2G AuthorizationRes
2026-08-03 16:04:03.190191 [INFO] evse_manager:Ev  ::                                     CAR ISO V2G AuthorizationReq
2026-08-03 16:04:03.192684 [INFO] evse_manager:Ev  :: EVSE ISO V2G AuthorizationRes
2026-08-03 16:04:03.245011 [INFO] evse_manager:Ev  ::                                     CAR ISO V2G AuthorizationReq
2026-08-03 16:04:03.247523 [INFO] evse_manager:Ev  :: EVSE ISO V2G AuthorizationRes
2026-08-03 16:04:03.299160 [INFO] evse_manager:Ev  ::                                     CAR ISO V2G AuthorizationReq
2026-08-03 16:04:03.301965 [INFO] evse_manager:Ev  :: EVSE ISO V2G AuthorizationRes
2026-08-03 16:04:03.353490 [INFO] evse_manager:Ev  ::                                     CAR ISO V2G AuthorizationReq
2026-08-03 16:04:03.355786 [INFO] evse_manager:Ev  :: EVSE ISO V2G AuthorizationRes
2026-08-03 16:04:03.409026 [INFO] evse_manager:Ev  ::                                     CAR ISO V2G AuthorizationReq
2026-08-03 16:04:03.413005 [INFO] evse_manager:Ev  :: EVSE ISO V2G AuthorizationRes
2026-08-03 16:04:03.478334 [INFO] evse_manager:Ev  ::                                     CAR ISO V2G AuthorizationReq
2026-08-03 16:04:03.480841 [INFO] evse_manager:Ev  :: EVSE ISO V2G AuthorizationRes
2026-08-03 16:04:03.529767 [INFO] evse_manager:Ev  ::                                     CAR ISO V2G AuthorizationReq
2026-08-03 16:04:03.532911 [INFO] evse_manager:Ev  :: EVSE ISO V2G AuthorizationRes
2026-08-03 16:04:03.583771 [INFO] evse_manager:Ev  ::                                     CAR ISO V2G AuthorizationReq
2026-08-03 16:04:03.586770 [INFO] evse_manager:Ev  :: EVSE ISO V2G AuthorizationRes
2026-08-03 16:04:03.639797 [INFO] evse_manager:Ev  ::                                     CAR ISO V2G AuthorizationReq
2026-08-03 16:04:03.645595 [INFO] evse_manager:Ev  :: EVSE ISO V2G AuthorizationRes
2026-08-03 16:04:03.684891 [INFO] evse_manager:Ev  ::                                     CAR ISO V2G AuthorizationReq
2026-08-03 16:04:03.687859 [INFO] evse_manager:Ev  :: EVSE ISO V2G AuthorizationRes
2026-08-03 16:04:03.737123 [INFO] evse_manager:Ev  ::                                     CAR ISO V2G AuthorizationReq
2026-08-03 16:04:03.740237 [INFO] evse_manager:Ev  :: EVSE ISO V2G AuthorizationRes
2026-08-03 16:04:03.792832 [INFO] evse_manager:Ev  ::                                     CAR ISO V2G AuthorizationReq
2026-08-03 16:04:03.795758 [INFO] evse_manager:Ev  :: EVSE ISO V2G AuthorizationRes
2026-08-03 16:04:03.846862 [INFO] evse_manager:Ev  ::                                     CAR ISO V2G AuthorizationReq
2026-08-03 16:04:03.849992 [INFO] evse_manager:Ev  :: EVSE ISO V2G AuthorizationRes
2026-08-03 16:04:03.901367 [INFO] evse_manager:Ev  ::                                     CAR ISO V2G AuthorizationReq
2026-08-03 16:04:03.903943 [INFO] evse_manager:Ev  :: EVSE ISO V2G AuthorizationRes
2026-08-03 16:04:03.987441 [INFO] evse_manager:Ev  ::                                     CAR ISO V2G AuthorizationReq
2026-08-03 16:04:03.991172 [INFO] evse_manager:Ev  :: EVSE ISO V2G AuthorizationRes
2026-08-03 16:04:04.038075 [INFO] evse_manager:Ev  ::                                     CAR ISO V2G AuthorizationReq
2026-08-03 16:04:04.041182 [INFO] evse_manager:Ev  :: EVSE ISO V2G AuthorizationRes
2026-08-03 16:04:04.087247 [INFO] evse_manager:Ev  ::                                     CAR ISO V2G AuthorizationReq
2026-08-03 16:04:04.090545 [INFO] evse_manager:Ev  :: EVSE ISO V2G AuthorizationRes
2026-08-03 16:04:04.121221 [INFO] evse_manager:Ev  ::                                     CAR ISO V2G AuthorizationReq
2026-08-03 16:04:04.124087 [INFO] evse_manager:Ev  :: EVSE ISO V2G AuthorizationRes
2026-08-03 16:04:04.176216 [INFO] evse_manager:Ev  ::                                     CAR ISO V2G AuthorizationReq
2026-08-03 16:04:04.179043 [INFO] evse_manager:Ev  :: EVSE ISO V2G AuthorizationRes
2026-08-03 16:04:04.231343 [INFO] evse_manager:Ev  ::                                     CAR ISO V2G AuthorizationReq
2026-08-03 16:04:04.234217 [INFO] evse_manager:Ev  :: EVSE ISO V2G AuthorizationRes
2026-08-03 16:04:04.284816 [INFO] evse_manager:Ev  ::                                     CAR ISO V2G AuthorizationReq
2026-08-03 16:04:04.288428 [INFO] evse_manager:Ev  :: EVSE ISO V2G AuthorizationRes
2026-08-03 16:04:04.340024 [INFO] evse_manager:Ev  ::                                     CAR ISO V2G AuthorizationReq
2026-08-03 16:04:04.386051 [INFO] evse_manager:Ev  :: EVSE ISO V2G AuthorizationRes
2026-08-03 16:04:04.393389 [INFO] evse_manager:Ev  ::                                     CAR ISO V2G AuthorizationReq
2026-08-03 16:04:04.396201 [INFO] evse_manager:Ev  :: EVSE ISO V2G AuthorizationRes
2026-08-03 16:04:04.449392 [INFO] evse_manager:Ev  ::                                     CAR ISO V2G AuthorizationReq
2026-08-03 16:04:04.453959 [INFO] evse_manager:Ev  :: EVSE ISO V2G AuthorizationRes
2026-08-03 16:04:04.512165 [INFO] evse_manager:Ev  ::                                     CAR ISO V2G AuthorizationReq
2026-08-03 16:04:04.518721 [INFO] evse_manager:Ev  :: EVSE ISO V2G AuthorizationRes
2026-08-03 16:04:04.600206 [INFO] evse_manager:Ev  ::                                     CAR ISO V2G AuthorizationReq
2026-08-03 16:04:04.603523 [INFO] evse_manager:Ev  :: EVSE ISO V2G AuthorizationRes
2026-08-03 16:04:04.613270 [INFO] evse_manager:Ev  ::                                     CAR ISO V2G AuthorizationReq
2026-08-03 16:04:04.615987 [INFO] evse_manager:Ev  :: EVSE ISO V2G AuthorizationRes
2026-08-03 16:04:04.667906 [INFO] evse_manager:Ev  ::                                     CAR ISO V2G AuthorizationReq
2026-08-03 16:04:04.672893 [INFO] evse_manager:Ev  :: EVSE ISO V2G AuthorizationRes
2026-08-03 16:04:04.724584 [INFO] evse_manager:Ev  ::                                     CAR ISO V2G AuthorizationReq
2026-08-03 16:04:04.730534 [INFO] evse_manager:Ev  :: EVSE ISO V2G AuthorizationRes
2026-08-03 16:04:04.785196 [INFO] evse_manager:Ev  ::                                     CAR ISO V2G AuthorizationReq
2026-08-03 16:04:04.788522 [INFO] evse_manager:Ev  :: EVSE ISO V2G AuthorizationRes
2026-08-03 16:04:04.833933 [INFO] evse_manager:Ev  ::                                     CAR ISO V2G AuthorizationReq
2026-08-03 16:04:04.836894 [INFO] evse_manager:Ev  :: EVSE ISO V2G AuthorizationRes
2026-08-03 16:04:04.913324 [INFO] evse_manager:Ev  ::                                     CAR ISO V2G AuthorizationReq
2026-08-03 16:04:04.915970 [INFO] evse_manager:Ev  :: EVSE ISO V2G AuthorizationRes
2026-08-03 16:04:04.938839 [INFO] evse_manager:Ev  ::                                     CAR ISO V2G AuthorizationReq
2026-08-03 16:04:04.941655 [INFO] evse_manager:Ev  :: EVSE ISO V2G AuthorizationRes
2026-08-03 16:04:05.023858 [INFO] evse_manager:Ev  ::                                     CAR ISO V2G AuthorizationReq
2026-08-03 16:04:05.026170 [INFO] evse_manager:Ev  :: EVSE ISO V2G AuthorizationRes
2026-08-03 16:04:05.072341 [INFO] evse_manager:Ev  ::                                     CAR ISO V2G AuthorizationReq
2026-08-03 16:04:05.075228 [INFO] evse_manager:Ev  :: EVSE ISO V2G AuthorizationRes
2026-08-03 16:04:05.106455 [INFO] evse_manager:Ev  ::                                     CAR ISO V2G AuthorizationReq
2026-08-03 16:04:05.109313 [INFO] evse_manager:Ev  :: EVSE ISO V2G AuthorizationRes
2026-08-03 16:04:05.160060 [INFO] evse_manager:Ev  ::                                     CAR ISO V2G AuthorizationReq
2026-08-03 16:04:05.163583 [INFO] evse_manager:Ev  :: EVSE ISO V2G AuthorizationRes
2026-08-03 16:04:05.215153 [INFO] evse_manager:Ev  ::                                     CAR ISO V2G AuthorizationReq
2026-08-03 16:04:05.218442 [INFO] evse_manager:Ev  :: EVSE ISO V2G AuthorizationRes
2026-08-03 16:04:05.269634 [INFO] evse_manager:Ev  ::                                     CAR ISO V2G AuthorizationReq
2026-08-03 16:04:05.272560 [INFO] evse_manager:Ev  :: EVSE ISO V2G AuthorizationRes
2026-08-03 16:04:05.324921 [INFO] evse_manager:Ev  ::                                     CAR ISO V2G AuthorizationReq
2026-08-03 16:04:05.328230 [INFO] evse_manager:Ev  :: EVSE ISO V2G AuthorizationRes
2026-08-03 16:04:05.379332 [INFO] evse_manager:Ev  ::                                     CAR ISO V2G AuthorizationReq
2026-08-03 16:04:05.383384 [INFO] evse_manager:Ev  :: EVSE ISO V2G AuthorizationRes
2026-08-03 16:04:05.433559 [INFO] evse_manager:Ev  ::                                     CAR ISO V2G AuthorizationReq
2026-08-03 16:04:05.436325 [INFO] evse_manager:Ev  :: EVSE ISO V2G AuthorizationRes
2026-08-03 16:04:05.517233 [INFO] evse_manager:Ev  ::                                     CAR ISO V2G AuthorizationReq
2026-08-03 16:04:05.519675 [INFO] evse_manager:Ev  :: EVSE ISO V2G AuthorizationRes
2026-08-03 16:04:05.564357 [INFO] evse_manager:Ev  ::                                     CAR ISO V2G AuthorizationReq
2026-08-03 16:04:05.566757 [INFO] evse_manager:Ev  :: EVSE ISO V2G AuthorizationRes
2026-08-03 16:04:05.611263 [INFO] evse_manager:Ev  ::                                     CAR ISO V2G AuthorizationReq
2026-08-03 16:04:05.614017 [INFO] evse_manager:Ev  :: EVSE ISO V2G AuthorizationRes
2026-08-03 16:04:05.655003 [INFO] evse_manager:Ev  ::                                     CAR ISO V2G AuthorizationReq
2026-08-03 16:04:05.657742 [INFO] evse_manager:Ev  :: EVSE ISO V2G AuthorizationRes
2026-08-03 16:04:05.708923 [INFO] evse_manager:Ev  ::                                     CAR ISO V2G AuthorizationReq
2026-08-03 16:04:05.713335 [INFO] evse_manager:Ev  :: EVSE ISO V2G AuthorizationRes
2026-08-03 16:04:05.762764 [INFO] evse_manager:Ev  ::                                     CAR ISO V2G AuthorizationReq
2026-08-03 16:04:05.765743 [INFO] evse_manager:Ev  :: EVSE ISO V2G AuthorizationRes
2026-08-03 16:04:05.819875 [INFO] evse_manager:Ev  ::                                     CAR ISO V2G AuthorizationReq
2026-08-03 16:04:05.822332 [INFO] evse_manager:Ev  :: EVSE ISO V2G AuthorizationRes
2026-08-03 16:04:05.874842 [INFO] evse_manager:Ev  ::                                     CAR ISO V2G AuthorizationReq
2026-08-03 16:04:05.882689 [INFO] evse_manager:Ev  :: EVSE ISO V2G AuthorizationRes
2026-08-03 16:04:05.934477 [INFO] evse_manager:Ev  ::                                     CAR ISO V2G AuthorizationReq
2026-08-03 16:04:05.938657 [INFO] evse_manager:Ev  :: EVSE ISO V2G AuthorizationRes
2026-08-03 16:04:05.988655 [INFO] evse_manager:Ev  ::                                     CAR ISO V2G AuthorizationReq
2026-08-03 16:04:05.991526 [INFO] evse_manager:Ev  :: EVSE ISO V2G AuthorizationRes
2026-08-03 16:04:06.050990 [INFO] evse_manager:Ev  ::                                     CAR ISO V2G AuthorizationReq
2026-08-03 16:04:06.053620 [INFO] evse_manager:Ev  :: EVSE ISO V2G AuthorizationRes
2026-08-03 16:04:06.097710 [INFO] evse_manager:Ev  ::                                     CAR ISO V2G AuthorizationReq
2026-08-03 16:04:06.100876 [INFO] evse_manager:Ev  :: EVSE ISO V2G AuthorizationRes
2026-08-03 16:04:06.148088 [INFO] evse_manager:Ev  ::                                     CAR ISO V2G AuthorizationReq
2026-08-03 16:04:06.151240 [INFO] evse_manager:Ev  :: EVSE ISO V2G AuthorizationRes
2026-08-03 16:04:06.200779 [INFO] evse_manager:Ev  ::                                     CAR ISO V2G AuthorizationReq
2026-08-03 16:04:06.203629 [INFO] evse_manager:Ev  :: EVSE ISO V2G AuthorizationRes
2026-08-03 16:04:06.257199 [INFO] evse_manager:Ev  ::                                     CAR ISO V2G AuthorizationReq
2026-08-03 16:04:06.260701 [INFO] evse_manager:Ev  :: EVSE ISO V2G AuthorizationRes
2026-08-03 16:04:06.312239 [INFO] evse_manager:Ev  ::                                     CAR ISO V2G AuthorizationReq
2026-08-03 16:04:06.315015 [INFO] evse_manager:Ev  :: EVSE ISO V2G AuthorizationRes
2026-08-03 16:04:06.364748 [INFO] evse_manager:Ev  ::                                     CAR ISO V2G AuthorizationReq
2026-08-03 16:04:06.368444 [INFO] evse_manager:Ev  :: EVSE ISO V2G AuthorizationRes
2026-08-03 16:04:06.419680 [INFO] evse_manager:Ev  ::                                     CAR ISO V2G AuthorizationReq
2026-08-03 16:04:06.422436 [INFO] evse_manager:Ev  :: EVSE ISO V2G AuthorizationRes
2026-08-03 16:04:06.472623 [INFO] evse_manager:Ev  ::                                     CAR ISO V2G AuthorizationReq
2026-08-03 16:04:06.475468 [INFO] evse_manager:Ev  :: EVSE ISO V2G AuthorizationRes
2026-08-03 16:04:06.533721 [INFO] evse_manager:Ev  ::                                     CAR ISO V2G AuthorizationReq
2026-08-03 16:04:06.545112 [INFO] evse_manager:Ev  :: EVSE ISO V2G AuthorizationRes
2026-08-03 16:04:06.582132 [INFO] evse_manager:Ev  ::                                     CAR ISO V2G AuthorizationReq
2026-08-03 16:04:06.623382 [INFO] evse_manager:Ev  :: EVSE ISO V2G AuthorizationRes
2026-08-03 16:04:06.635169 [INFO] evse_manager:Ev  ::                                     CAR ISO V2G AuthorizationReq
2026-08-03 16:04:06.638034 [INFO] evse_manager:Ev  :: EVSE ISO V2G AuthorizationRes
2026-08-03 16:04:06.689647 [INFO] evse_manager:Ev  ::                                     CAR ISO V2G AuthorizationReq
2026-08-03 16:04:06.692844 [INFO] evse_manager:Ev  :: EVSE ISO V2G AuthorizationRes
2026-08-03 16:04:06.744844 [INFO] evse_manager:Ev  ::                                     CAR ISO V2G AuthorizationReq
2026-08-03 16:04:06.747850 [INFO] evse_manager:Ev  :: EVSE ISO V2G AuthorizationRes
2026-08-03 16:04:06.799944 [INFO] evse_manager:Ev  ::                                     CAR ISO V2G AuthorizationReq
2026-08-03 16:04:06.802866 [INFO] evse_manager:Ev  :: EVSE ISO V2G AuthorizationRes
2026-08-03 16:04:06.854581 [INFO] evse_manager:Ev  ::                                     CAR ISO V2G AuthorizationReq
2026-08-03 16:04:06.857701 [INFO] evse_manager:Ev  :: EVSE ISO V2G AuthorizationRes
2026-08-03 16:04:06.931818 [INFO] evse_manager:Ev  ::                                     CAR ISO V2G AuthorizationReq
2026-08-03 16:04:06.934093 [INFO] evse_manager:Ev  :: EVSE ISO V2G AuthorizationRes
2026-08-03 16:04:06.964190 [INFO] evse_manager:Ev  ::                                     CAR ISO V2G AuthorizationReq
2026-08-03 16:04:06.966703 [INFO] evse_manager:Ev  :: EVSE ISO V2G AuthorizationRes
2026-08-03 16:04:07.039643 [INFO] evse_manager:Ev  ::                                     CAR ISO V2G AuthorizationReq
2026-08-03 16:04:07.051043 [INFO] evse_manager:Ev  :: EVSE ISO V2G AuthorizationRes
2026-08-03 16:04:07.113321 [INFO] evse_manager:Ev  ::                                     CAR ISO V2G AuthorizationReq
2026-08-03 16:04:07.116237 [INFO] evse_manager:Ev  :: EVSE ISO V2G AuthorizationRes
2026-08-03 16:04:07.170947 [INFO] evse_manager:Ev  ::                                     CAR ISO V2G AuthorizationReq
2026-08-03 16:04:07.173442 [INFO] evse_manager:Ev  :: EVSE ISO V2G AuthorizationRes
2026-08-03 16:04:07.187490 [INFO] evse_manager:Ev  ::                                     CAR ISO V2G AuthorizationReq
2026-08-03 16:04:07.190321 [INFO] evse_manager:Ev  :: EVSE ISO V2G AuthorizationRes
2026-08-03 16:04:07.241398 [INFO] evse_manager:Ev  ::                                     CAR ISO V2G AuthorizationReq
2026-08-03 16:04:07.243900 [INFO] evse_manager:Ev  :: EVSE ISO V2G AuthorizationRes
2026-08-03 16:04:07.295003 [INFO] evse_manager:Ev  ::                                     CAR ISO V2G AuthorizationReq
2026-08-03 16:04:07.297651 [INFO] evse_manager:Ev  :: EVSE ISO V2G AuthorizationRes
2026-08-03 16:04:07.347493 [INFO] evse_manager:Ev  ::                                     CAR ISO V2G AuthorizationReq
2026-08-03 16:04:07.350362 [INFO] evse_manager:Ev  :: EVSE ISO V2G AuthorizationRes
2026-08-03 16:04:07.403656 [INFO] evse_manager:Ev  ::                                     CAR ISO V2G AuthorizationReq
2026-08-03 16:04:07.406050 [INFO] evse_manager:Ev  :: EVSE ISO V2G AuthorizationRes
2026-08-03 16:04:07.456977 [INFO] evse_manager:Ev  ::                                     CAR ISO V2G AuthorizationReq
2026-08-03 16:04:07.460059 [INFO] evse_manager:Ev  :: EVSE ISO V2G AuthorizationRes
2026-08-03 16:04:07.514642 [INFO] evse_manager:Ev  ::                                     CAR ISO V2G AuthorizationReq
2026-08-03 16:04:07.520834 [INFO] evse_manager:Ev  :: EVSE ISO V2G AuthorizationRes
2026-08-03 16:04:07.566327 [INFO] evse_manager:Ev  ::                                     CAR ISO V2G AuthorizationReq
2026-08-03 16:04:07.572281 [INFO] evse_manager:Ev  :: EVSE ISO V2G AuthorizationRes
2026-08-03 16:04:07.620201 [INFO] evse_manager:Ev  ::                                     CAR ISO V2G AuthorizationReq
2026-08-03 16:04:07.622642 [INFO] evse_manager:Ev  :: EVSE ISO V2G AuthorizationRes
2026-08-03 16:04:07.676081 [INFO] evse_manager:Ev  ::                                     CAR ISO V2G AuthorizationReq
2026-08-03 16:04:07.678871 [INFO] evse_manager:Ev  :: EVSE ISO V2G AuthorizationRes
2026-08-03 16:04:07.730612 [INFO] evse_manager:Ev  ::                                     CAR ISO V2G AuthorizationReq
2026-08-03 16:04:07.733308 [INFO] evse_manager:Ev  :: EVSE ISO V2G AuthorizationRes
2026-08-03 16:04:07.786808 [INFO] evse_manager:Ev  ::                                     CAR ISO V2G AuthorizationReq
2026-08-03 16:04:07.789563 [INFO] evse_manager:Ev  :: EVSE ISO V2G AuthorizationRes
2026-08-03 16:04:07.840138 [INFO] evse_manager:Ev  ::                                     CAR ISO V2G AuthorizationReq
2026-08-03 16:04:07.843214 [INFO] evse_manager:Ev  :: EVSE ISO V2G AuthorizationRes
2026-08-03 16:04:07.894571 [INFO] evse_manager:Ev  ::                                     CAR ISO V2G AuthorizationReq
2026-08-03 16:04:07.897744 [INFO] evse_manager:Ev  :: EVSE ISO V2G AuthorizationRes
2026-08-03 16:04:07.950258 [INFO] evse_manager:Ev  ::                                     CAR ISO V2G AuthorizationReq
2026-08-03 16:04:07.952804 [INFO] evse_manager:Ev  :: EVSE ISO V2G AuthorizationRes
2026-08-03 16:04:08.041837 [INFO] evse_manager:Ev  ::                                     CAR ISO V2G AuthorizationReq
2026-08-03 16:04:08.046824 [INFO] evse_manager:Ev  :: EVSE ISO V2G AuthorizationRes
2026-08-03 16:04:08.106342 [INFO] evse_manager:Ev  ::                                     CAR ISO V2G AuthorizationReq
2026-08-03 16:04:08.108783 [INFO] evse_manager:Ev  :: EVSE ISO V2G AuthorizationRes
2026-08-03 16:04:08.121214 [INFO] evse_manager:Ev  ::                                     CAR ISO V2G AuthorizationReq
2026-08-03 16:04:08.123668 [INFO] evse_manager:Ev  :: EVSE ISO V2G AuthorizationRes
2026-08-03 16:04:08.176563 [INFO] evse_manager:Ev  ::                                     CAR ISO V2G AuthorizationReq
2026-08-03 16:04:08.179387 [INFO] evse_manager:Ev  :: EVSE ISO V2G AuthorizationRes
2026-08-03 16:04:08.258347 [INFO] evse_manager:Ev  ::                                     CAR ISO V2G AuthorizationReq
2026-08-03 16:04:08.262926 [INFO] evse_manager:Ev  :: EVSE ISO V2G AuthorizationRes
2026-08-03 16:04:08.323181 [INFO] evse_manager:Ev  ::                                     CAR ISO V2G AuthorizationReq
2026-08-03 16:04:08.325567 [INFO] evse_manager:Ev  :: EVSE ISO V2G AuthorizationRes
2026-08-03 16:04:08.343552 [INFO] evse_manager:Ev  ::                                     CAR ISO V2G AuthorizationReq
2026-08-03 16:04:08.346395 [INFO] evse_manager:Ev  :: EVSE ISO V2G AuthorizationRes
2026-08-03 16:04:08.397155 [INFO] evse_manager:Ev  ::                                     CAR ISO V2G AuthorizationReq
2026-08-03 16:04:08.400118 [INFO] evse_manager:Ev  :: EVSE ISO V2G AuthorizationRes
2026-08-03 16:04:08.450725 [INFO] evse_manager:Ev  ::                                     CAR ISO V2G AuthorizationReq
2026-08-03 16:04:08.453688 [INFO] evse_manager:Ev  :: EVSE ISO V2G AuthorizationRes
2026-08-03 16:04:08.547294 [INFO] evse_manager:Ev  ::                                     CAR ISO V2G AuthorizationReq
2026-08-03 16:04:08.550823 [INFO] evse_manager:Ev  :: EVSE ISO V2G AuthorizationRes
2026-08-03 16:04:08.595942 [INFO] evse_manager:Ev  ::                                     CAR ISO V2G AuthorizationReq
2026-08-03 16:04:08.598534 [INFO] evse_manager:Ev  :: EVSE ISO V2G AuthorizationRes
2026-08-03 16:04:08.616980 [INFO] evse_manager:Ev  ::                                     CAR ISO V2G AuthorizationReq
2026-08-03 16:04:08.619937 [INFO] evse_manager:Ev  :: EVSE ISO V2G AuthorizationRes
2026-08-03 16:04:08.671883 [INFO] evse_manager:Ev  ::                                     CAR ISO V2G AuthorizationReq
2026-08-03 16:04:08.675223 [INFO] evse_manager:Ev  :: EVSE ISO V2G AuthorizationRes
2026-08-03 16:04:08.726277 [INFO] evse_manager:Ev  ::                                     CAR ISO V2G AuthorizationReq
2026-08-03 16:04:08.729000 [INFO] evse_manager:Ev  :: EVSE ISO V2G AuthorizationRes
2026-08-03 16:04:08.781548 [INFO] evse_manager:Ev  ::                                     CAR ISO V2G AuthorizationReq
2026-08-03 16:04:08.785174 [INFO] evse_manager:Ev  :: EVSE ISO V2G AuthorizationRes
2026-08-03 16:04:08.836674 [INFO] evse_manager:Ev  ::                                     CAR ISO V2G AuthorizationReq
2026-08-03 16:04:08.839523 [INFO] evse_manager:Ev  :: EVSE ISO V2G AuthorizationRes
2026-08-03 16:04:08.890466 [INFO] evse_manager:Ev  ::                                     CAR ISO V2G AuthorizationReq
2026-08-03 16:04:08.893185 [INFO] evse_manager:Ev  :: EVSE ISO V2G AuthorizationRes
2026-08-03 16:04:08.948973 [INFO] evse_manager:Ev  ::                                     CAR ISO V2G AuthorizationReq
2026-08-03 16:04:08.951463 [INFO] evse_manager:Ev  :: EVSE ISO V2G AuthorizationRes
2026-08-03 16:04:09.002322 [INFO] evse_manager:Ev  ::                                     CAR ISO V2G AuthorizationReq
2026-08-03 16:04:09.007532 [INFO] evse_manager:Ev  :: EVSE ISO V2G AuthorizationRes
2026-08-03 16:04:09.061166 [INFO] evse_manager:Ev  ::                                     CAR ISO V2G AuthorizationReq
2026-08-03 16:04:09.063803 [INFO] evse_manager:Ev  :: EVSE ISO V2G AuthorizationRes
2026-08-03 16:04:09.124169 [INFO] evse_manager:Ev  ::                                     CAR ISO V2G AuthorizationReq
2026-08-03 16:04:09.126639 [INFO] evse_manager:Ev  :: EVSE ISO V2G AuthorizationRes
2026-08-03 16:04:09.169995 [INFO] evse_manager:Ev  ::                                     CAR ISO V2G AuthorizationReq
2026-08-03 16:04:09.172475 [INFO] evse_manager:Ev  :: EVSE ISO V2G AuthorizationRes
2026-08-03 16:04:09.223803 [INFO] evse_manager:Ev  ::                                     CAR ISO V2G AuthorizationReq
2026-08-03 16:04:09.226722 [INFO] evse_manager:Ev  :: EVSE ISO V2G AuthorizationRes
2026-08-03 16:04:09.278386 [INFO] evse_manager:Ev  ::                                     CAR ISO V2G AuthorizationReq
2026-08-03 16:04:09.281028 [INFO] evse_manager:Ev  :: EVSE ISO V2G AuthorizationRes
2026-08-03 16:04:09.337470 [INFO] evse_manager:Ev  ::                                     CAR ISO V2G AuthorizationReq
2026-08-03 16:04:09.339967 [INFO] evse_manager:Ev  :: EVSE ISO V2G AuthorizationRes
2026-08-03 16:04:09.414525 [INFO] evse_manager:Ev  ::                                     CAR ISO V2G AuthorizationReq
2026-08-03 16:04:09.416911 [INFO] evse_manager:Ev  :: EVSE ISO V2G AuthorizationRes
2026-08-03 16:04:09.439938 [INFO] evse_manager:Ev  ::                                     CAR ISO V2G AuthorizationReq
2026-08-03 16:04:09.442623 [INFO] evse_manager:Ev  :: EVSE ISO V2G AuthorizationRes
2026-08-03 16:04:09.495795 [INFO] evse_manager:Ev  ::                                     CAR ISO V2G AuthorizationReq
2026-08-03 16:04:09.498247 [INFO] evse_manager:Ev  :: EVSE ISO V2G AuthorizationRes
2026-08-03 16:04:09.554139 [INFO] evse_manager:Ev  ::                                     CAR ISO V2G AuthorizationReq
2026-08-03 16:04:09.556437 [INFO] evse_manager:Ev  :: EVSE ISO V2G AuthorizationRes
2026-08-03 16:04:09.646018 [INFO] evse_manager:Ev  ::                                     CAR ISO V2G AuthorizationReq
2026-08-03 16:04:09.648751 [INFO] evse_manager:Ev  :: EVSE ISO V2G AuthorizationRes
2026-08-03 16:04:09.662742 [INFO] evse_manager:Ev  ::                                     CAR ISO V2G AuthorizationReq
2026-08-03 16:04:09.665142 [INFO] evse_manager:Ev  :: EVSE ISO V2G AuthorizationRes
2026-08-03 16:04:09.718188 [INFO] evse_manager:Ev  ::                                     CAR ISO V2G AuthorizationReq
2026-08-03 16:04:09.720967 [INFO] evse_manager:Ev  :: EVSE ISO V2G AuthorizationRes
2026-08-03 16:04:09.772294 [INFO] evse_manager:Ev  ::                                     CAR ISO V2G AuthorizationReq
2026-08-03 16:04:09.775156 [INFO] evse_manager:Ev  :: EVSE ISO V2G AuthorizationRes
2026-08-03 16:04:09.826141 [INFO] evse_manager:Ev  ::                                     CAR ISO V2G AuthorizationReq
2026-08-03 16:04:09.829555 [INFO] evse_manager:Ev  :: EVSE ISO V2G AuthorizationRes
2026-08-03 16:04:09.879759 [INFO] evse_manager:Ev  ::                                     CAR ISO V2G AuthorizationReq
2026-08-03 16:04:09.882809 [INFO] evse_manager:Ev  :: EVSE ISO V2G AuthorizationRes
2026-08-03 16:04:09.958964 [INFO] evse_manager:Ev  ::                                     CAR ISO V2G AuthorizationReq
2026-08-03 16:04:09.961514 [INFO] evse_manager:Ev  :: EVSE ISO V2G AuthorizationRes
2026-08-03 16:04:09.987571 [INFO] evse_manager:Ev  ::                                     CAR ISO V2G AuthorizationReq
2026-08-03 16:04:09.990144 [INFO] evse_manager:Ev  :: EVSE ISO V2G AuthorizationRes
2026-08-03 16:04:10.057581 [INFO] evse_manager:Ev  ::                                     CAR ISO V2G AuthorizationReq
2026-08-03 16:04:10.060518 [INFO] evse_manager:Ev  :: EVSE ISO V2G AuthorizationRes
2026-08-03 16:04:10.106630 [INFO] evse_manager:Ev  ::                                     CAR ISO V2G AuthorizationReq
2026-08-03 16:04:10.110861 [INFO] evse_manager:Ev  :: EVSE ISO V2G AuthorizationRes
2026-08-03 16:04:10.159057 [INFO] evse_manager:Ev  ::                                     CAR ISO V2G AuthorizationReq
2026-08-03 16:04:10.161870 [INFO] evse_manager:Ev  :: EVSE ISO V2G AuthorizationRes
2026-08-03 16:04:10.204299 [INFO] evse_manager:Ev  ::                                     CAR ISO V2G AuthorizationReq
2026-08-03 16:04:10.206709 [INFO] evse_manager:Ev  :: EVSE ISO V2G AuthorizationRes
2026-08-03 16:04:10.258718 [INFO] evse_manager:Ev  ::                                     CAR ISO V2G AuthorizationReq
2026-08-03 16:04:10.261951 [INFO] evse_manager:Ev  :: EVSE ISO V2G AuthorizationRes
2026-08-03 16:04:10.313493 [INFO] evse_manager:Ev  ::                                     CAR ISO V2G AuthorizationReq
2026-08-03 16:04:10.316343 [INFO] evse_manager:Ev  :: EVSE ISO V2G AuthorizationRes
2026-08-03 16:04:10.370159 [INFO] evse_manager:Ev  ::                                     CAR ISO V2G AuthorizationReq
2026-08-03 16:04:10.373278 [INFO] evse_manager:Ev  :: EVSE ISO V2G AuthorizationRes
2026-08-03 16:04:10.425626 [INFO] evse_manager:Ev  ::                                     CAR ISO V2G AuthorizationReq
2026-08-03 16:04:10.430169 [INFO] evse_manager:Ev  :: EVSE ISO V2G AuthorizationRes
2026-08-03 16:04:10.480358 [INFO] evse_manager:Ev  ::                                     CAR ISO V2G AuthorizationReq
2026-08-03 16:04:10.482990 [INFO] evse_manager:Ev  :: EVSE ISO V2G AuthorizationRes
2026-08-03 16:04:10.540009 [INFO] evse_manager:Ev  ::                                     CAR ISO V2G AuthorizationReq
2026-08-03 16:04:10.548908 [INFO] evse_manager:Ev  :: EVSE ISO V2G AuthorizationRes
2026-08-03 16:04:10.601026 [INFO] evse_manager:Ev  ::                                     CAR ISO V2G AuthorizationReq
2026-08-03 16:04:10.605439 [INFO] evse_manager:Ev  :: EVSE ISO V2G AuthorizationRes
2026-08-03 16:04:10.650256 [INFO] evse_manager:Ev  ::                                     CAR ISO V2G AuthorizationReq
2026-08-03 16:04:10.654919 [INFO] evse_manager:Ev  :: EVSE ISO V2G AuthorizationRes
2026-08-03 16:04:10.698828 [INFO] evse_manager:Ev  ::                                     CAR ISO V2G AuthorizationReq
2026-08-03 16:04:10.701214 [INFO] evse_manager:Ev  :: EVSE ISO V2G AuthorizationRes
2026-08-03 16:04:10.754508 [INFO] evse_manager:Ev  ::                                     CAR ISO V2G AuthorizationReq
2026-08-03 16:04:10.757429 [INFO] evse_manager:Ev  :: EVSE ISO V2G AuthorizationRes
2026-08-03 16:04:10.808561 [INFO] evse_manager:Ev  ::                                     CAR ISO V2G AuthorizationReq
2026-08-03 16:04:10.811646 [INFO] evse_manager:Ev  :: EVSE ISO V2G AuthorizationRes
2026-08-03 16:04:10.863270 [INFO] evse_manager:Ev  ::                                     CAR ISO V2G AuthorizationReq
2026-08-03 16:04:10.866235 [INFO] evse_manager:Ev  :: EVSE ISO V2G AuthorizationRes
2026-08-03 16:04:10.918477 [INFO] evse_manager:Ev  ::                                     CAR ISO V2G AuthorizationReq
2026-08-03 16:04:10.921475 [INFO] evse_manager:Ev  :: EVSE ISO V2G AuthorizationRes
2026-08-03 16:04:10.974034 [INFO] evse_manager:Ev  ::                                     CAR ISO V2G AuthorizationReq
2026-08-03 16:04:10.976379 [INFO] evse_manager:Ev  :: EVSE ISO V2G AuthorizationRes
2026-08-03 16:04:11.063326 [INFO] evse_manager:Ev  ::                                     CAR ISO V2G AuthorizationReq
2026-08-03 16:04:11.066731 [INFO] evse_manager:Ev  :: EVSE ISO V2G AuthorizationRes
2026-08-03 16:04:11.120203 [INFO] evse_manager:Ev  ::                                     CAR ISO V2G AuthorizationReq
2026-08-03 16:04:11.122830 [INFO] evse_manager:Ev  :: EVSE ISO V2G AuthorizationRes
2026-08-03 16:04:11.139451 [INFO] evse_manager:Ev  ::                                     CAR ISO V2G AuthorizationReq
2026-08-03 16:04:11.145852 [INFO] evse_manager:Ev  :: EVSE ISO V2G AuthorizationRes
2026-08-03 16:04:11.192752 [INFO] evse_manager:Ev  ::                                     CAR ISO V2G AuthorizationReq
2026-08-03 16:04:11.196020 [INFO] evse_manager:Ev  :: EVSE ISO V2G AuthorizationRes
2026-08-03 16:04:11.247583 [INFO] evse_manager:Ev  ::                                     CAR ISO V2G AuthorizationReq
2026-08-03 16:04:11.250251 [INFO] evse_manager:Ev  :: EVSE ISO V2G AuthorizationRes
2026-08-03 16:04:11.302597 [INFO] evse_manager:Ev  ::                                     CAR ISO V2G AuthorizationReq
2026-08-03 16:04:11.305387 [INFO] evse_manager:Ev  :: EVSE ISO V2G AuthorizationRes
2026-08-03 16:04:11.356585 [INFO] evse_manager:Ev  ::                                     CAR ISO V2G AuthorizationReq
2026-08-03 16:04:11.360449 [INFO] evse_manager:Ev  :: EVSE ISO V2G AuthorizationRes
2026-08-03 16:04:11.411052 [INFO] evse_manager:Ev  ::                                     CAR ISO V2G AuthorizationReq
2026-08-03 16:04:11.413825 [INFO] evse_manager:Ev  :: EVSE ISO V2G AuthorizationRes
2026-08-03 16:04:11.466702 [INFO] evse_manager:Ev  ::                                     CAR ISO V2G AuthorizationReq
2026-08-03 16:04:11.470085 [INFO] evse_manager:Ev  :: EVSE ISO V2G AuthorizationRes
2026-08-03 16:04:11.523479 [INFO] evse_manager:Ev  ::                                     CAR ISO V2G AuthorizationReq
2026-08-03 16:04:11.527250 [INFO] evse_manager:Ev  :: EVSE ISO V2G AuthorizationRes
2026-08-03 16:04:11.580255 [INFO] evse_manager:Ev  ::                                     CAR ISO V2G AuthorizationReq
2026-08-03 16:04:11.582893 [INFO] evse_manager:Ev  :: EVSE ISO V2G AuthorizationRes
2026-08-03 16:04:11.634239 [INFO] evse_manager:Ev  ::                                     CAR ISO V2G AuthorizationReq
2026-08-03 16:04:11.637135 [INFO] evse_manager:Ev  :: EVSE ISO V2G AuthorizationRes
2026-08-03 16:04:11.705902 [INFO] evse_manager:Ev  ::                                     CAR ISO V2G AuthorizationReq
2026-08-03 16:04:11.708388 [INFO] evse_manager:Ev  :: EVSE ISO V2G AuthorizationRes
2026-08-03 16:04:11.749187 [INFO] evse_manager:Ev  ::                                     CAR ISO V2G AuthorizationReq
2026-08-03 16:04:11.754763 [INFO] evse_manager:Ev  :: EVSE ISO V2G AuthorizationRes
2026-08-03 16:04:11.802355 [INFO] evse_manager:Ev  ::                                     CAR ISO V2G AuthorizationReq
2026-08-03 16:04:11.809018 [INFO] evse_manager:Ev  :: EVSE ISO V2G AuthorizationRes
2026-08-03 16:04:11.852601 [INFO] evse_manager:Ev  ::                                     CAR ISO V2G AuthorizationReq
2026-08-03 16:04:11.855626 [INFO] evse_manager:Ev  :: EVSE ISO V2G AuthorizationRes
2026-08-03 16:04:11.907496 [INFO] evse_manager:Ev  ::                                     CAR ISO V2G AuthorizationReq
2026-08-03 16:04:11.910208 [INFO] evse_manager:Ev  :: EVSE ISO V2G AuthorizationRes
2026-08-03 16:04:11.975996 [INFO] evse_manager:Ev  ::                                     CAR ISO V2G AuthorizationReq
2026-08-03 16:04:11.978848 [INFO] evse_manager:Ev  :: EVSE ISO V2G AuthorizationRes
2026-08-03 16:04:12.015660 [INFO] evse_manager:Ev  ::                                     CAR ISO V2G AuthorizationReq
2026-08-03 16:04:12.018514 [INFO] evse_manager:Ev  :: EVSE ISO V2G AuthorizationRes
2026-08-03 16:04:12.074180 [INFO] evse_manager:Ev  ::                                     CAR ISO V2G AuthorizationReq
2026-08-03 16:04:12.077191 [INFO] evse_manager:Ev  :: EVSE ISO V2G AuthorizationRes
2026-08-03 16:04:12.124493 [INFO] evse_manager:Ev  ::                                     CAR ISO V2G AuthorizationReq
2026-08-03 16:04:12.127364 [INFO] evse_manager:Ev  :: EVSE ISO V2G AuthorizationRes
2026-08-03 16:04:12.217590 [INFO] evse_manager:Ev  ::                                     CAR ISO V2G AuthorizationReq
2026-08-03 16:04:12.220394 [INFO] evse_manager:Ev  :: EVSE ISO V2G AuthorizationRes
2026-08-03 16:04:12.235011 [INFO] evse_manager:Ev  ::                                     CAR ISO V2G AuthorizationReq
2026-08-03 16:04:12.237005 [INFO] evse_manager:Ev  :: EVSE ISO V2G AuthorizationRes
2026-08-03 16:04:12.290673 [INFO] evse_manager:Ev  ::                                     CAR ISO V2G AuthorizationReq
2026-08-03 16:04:12.293838 [INFO] evse_manager:Ev  :: EVSE ISO V2G AuthorizationRes
2026-08-03 16:04:12.345926 [INFO] evse_manager:Ev  ::                                     CAR ISO V2G AuthorizationReq
2026-08-03 16:04:12.348900 [INFO] evse_manager:Ev  :: EVSE ISO V2G AuthorizationRes
2026-08-03 16:04:12.400771 [INFO] evse_manager:Ev  ::                                     CAR ISO V2G AuthorizationReq
2026-08-03 16:04:12.404590 [INFO] evse_manager:Ev  :: EVSE ISO V2G AuthorizationRes
2026-08-03 16:04:12.457746 [INFO] evse_manager:Ev  ::                                     CAR ISO V2G AuthorizationReq
2026-08-03 16:04:12.460715 [INFO] evse_manager:Ev  :: EVSE ISO V2G AuthorizationRes
2026-08-03 16:04:12.510967 [INFO] evse_manager:Ev  ::                                     CAR ISO V2G AuthorizationReq
2026-08-03 16:04:12.513480 [INFO] evse_manager:Ev  :: EVSE ISO V2G AuthorizationRes
2026-08-03 16:04:12.579391 [INFO] evse_manager:Ev  ::                                     CAR ISO V2G AuthorizationReq
2026-08-03 16:04:12.584403 [INFO] evse_manager:Ev  :: EVSE ISO V2G AuthorizationRes
2026-08-03 16:04:12.630659 [INFO] evse_manager:Ev  ::                                     CAR ISO V2G AuthorizationReq
2026-08-03 16:04:12.633408 [INFO] evse_manager:Ev  :: EVSE ISO V2G AuthorizationRes
2026-08-03 16:04:12.680858 [INFO] evse_manager:Ev  ::                                     CAR ISO V2G AuthorizationReq
2026-08-03 16:04:12.688352 [INFO] evse_manager:Ev  :: EVSE ISO V2G AuthorizationRes
2026-08-03 16:04:12.737952 [INFO] evse_manager:Ev  ::                                     CAR ISO V2G AuthorizationReq
2026-08-03 16:04:12.740762 [INFO] evse_manager:Ev  :: EVSE ISO V2G AuthorizationRes
2026-08-03 16:04:12.788260 [INFO] evse_manager:Ev  ::                                     CAR ISO V2G AuthorizationReq
2026-08-03 16:04:12.790967 [INFO] evse_manager:Ev  :: EVSE ISO V2G AuthorizationRes
2026-08-03 16:04:12.844474 [INFO] evse_manager:Ev  ::                                     CAR ISO V2G AuthorizationReq
2026-08-03 16:04:12.846912 [INFO] evse_manager:Ev  :: EVSE ISO V2G AuthorizationRes
2026-08-03 16:04:12.899004 [INFO] evse_manager:Ev  ::                                     CAR ISO V2G AuthorizationReq
2026-08-03 16:04:12.903571 [INFO] evse_manager:Ev  :: EVSE ISO V2G AuthorizationRes
2026-08-03 16:04:12.982410 [INFO] evse_manager:Ev  ::                                     CAR ISO V2G AuthorizationReq
2026-08-03 16:04:12.985110 [INFO] evse_manager:Ev  :: EVSE ISO V2G AuthorizationRes
2026-08-03 16:04:13.031633 [INFO] evse_manager:Ev  ::                                     CAR ISO V2G AuthorizationReq
2026-08-03 16:04:13.037243 [INFO] evse_manager:Ev  :: EVSE ISO V2G AuthorizationRes
2026-08-03 16:04:13.062829 [INFO] evse_manager:Ev  ::                                     CAR ISO V2G AuthorizationReq
2026-08-03 16:04:13.067462 [INFO] evse_manager:Ev  :: EVSE ISO V2G AuthorizationRes
2026-08-03 16:04:13.118351 [INFO] evse_manager:Ev  ::                                     CAR ISO V2G AuthorizationReq
2026-08-03 16:04:13.121066 [INFO] evse_manager:Ev  :: EVSE ISO V2G AuthorizationRes
2026-08-03 16:04:13.172987 [INFO] evse_manager:Ev  ::                                     CAR ISO V2G AuthorizationReq
2026-08-03 16:04:13.175752 [INFO] evse_manager:Ev  :: EVSE ISO V2G AuthorizationRes
2026-08-03 16:04:13.252730 [INFO] evse_manager:Ev  ::                                     CAR ISO V2G AuthorizationReq
2026-08-03 16:04:13.255138 [INFO] evse_manager:Ev  :: EVSE ISO V2G AuthorizationRes
2026-08-03 16:04:13.281257 [INFO] evse_manager:Ev  ::                                     CAR ISO V2G AuthorizationReq
2026-08-03 16:04:13.283863 [INFO] evse_manager:Ev  :: EVSE ISO V2G AuthorizationRes
2026-08-03 16:04:13.336374 [INFO] evse_manager:Ev  ::                                     CAR ISO V2G AuthorizationReq
2026-08-03 16:04:13.339472 [INFO] evse_manager:Ev  :: EVSE ISO V2G AuthorizationRes
2026-08-03 16:04:13.391662 [INFO] evse_manager:Ev  ::                                     CAR ISO V2G AuthorizationReq
2026-08-03 16:04:13.395038 [INFO] evse_manager:Ev  :: EVSE ISO V2G AuthorizationRes
2026-08-03 16:04:13.444591 [INFO] evse_manager:Ev  ::                                     CAR ISO V2G AuthorizationReq
2026-08-03 16:04:13.448152 [INFO] evse_manager:Ev  :: EVSE ISO V2G AuthorizationRes
2026-08-03 16:04:13.498657 [INFO] evse_manager:Ev  ::                                     CAR ISO V2G AuthorizationReq
2026-08-03 16:04:13.501794 [INFO] evse_manager:Ev  :: EVSE ISO V2G AuthorizationRes
2026-08-03 16:04:13.583266 [INFO] evse_manager:Ev  ::                                     CAR ISO V2G AuthorizationReq
2026-08-03 16:04:13.586130 [INFO] evse_manager:Ev  :: EVSE ISO V2G AuthorizationRes
2026-08-03 16:04:13.609676 [INFO] evse_manager:Ev  ::                                     CAR ISO V2G AuthorizationReq
2026-08-03 16:04:13.614024 [INFO] evse_manager:Ev  :: EVSE ISO V2G AuthorizationRes
2026-08-03 16:04:13.664411 [INFO] evse_manager:Ev  ::                                     CAR ISO V2G AuthorizationReq
2026-08-03 16:04:13.705668 [INFO] evse_manager:Ev  :: EVSE ISO V2G AuthorizationRes
2026-08-03 16:04:13.721932 [INFO] evse_manager:Ev  ::                                     CAR ISO V2G AuthorizationReq
2026-08-03 16:04:13.726164 [INFO] evse_manager:Ev  :: EVSE ISO V2G AuthorizationRes
2026-08-03 16:04:13.779009 [INFO] evse_manager:Ev  ::                                     CAR ISO V2G AuthorizationReq
2026-08-03 16:04:13.781376 [INFO] evse_manager:Ev  :: EVSE ISO V2G AuthorizationRes
2026-08-03 16:04:13.834601 [INFO] evse_manager:Ev  ::                                     CAR ISO V2G AuthorizationReq
2026-08-03 16:04:13.837937 [INFO] evse_manager:Ev  :: EVSE ISO V2G AuthorizationRes
2026-08-03 16:04:13.889002 [INFO] evse_manager:Ev  ::                                     CAR ISO V2G AuthorizationReq
2026-08-03 16:04:13.892237 [INFO] evse_manager:Ev  :: EVSE ISO V2G AuthorizationRes
2026-08-03 16:04:13.944319 [INFO] evse_manager:Ev  ::                                     CAR ISO V2G AuthorizationReq
2026-08-03 16:04:13.947188 [INFO] evse_manager:Ev  :: EVSE ISO V2G AuthorizationRes
2026-08-03 16:04:13.997890 [INFO] evse_manager:Ev  ::                                     CAR ISO V2G AuthorizationReq
2026-08-03 16:04:14.000297 [INFO] evse_manager:Ev  :: EVSE ISO V2G AuthorizationRes
2026-08-03 16:04:14.089964 [INFO] evse_manager:Ev  ::                                     CAR ISO V2G AuthorizationReq
2026-08-03 16:04:14.094041 [INFO] evse_manager:Ev  :: EVSE ISO V2G AuthorizationRes
2026-08-03 16:04:14.110911 [INFO] evse_manager:Ev  ::                                     CAR ISO V2G AuthorizationReq
2026-08-03 16:04:14.115061 [INFO] evse_manager:Ev  :: EVSE ISO V2G AuthorizationRes
2026-08-03 16:04:14.203001 [INFO] evse_manager:Ev  ::                                     CAR ISO V2G AuthorizationReq
2026-08-03 16:04:14.205564 [INFO] evse_manager:Ev  :: EVSE ISO V2G AuthorizationRes
2026-08-03 16:04:14.219207 [INFO] evse_manager:Ev  ::                                     CAR ISO V2G AuthorizationReq
2026-08-03 16:04:14.221241 [INFO] evse_manager:Ev  :: EVSE ISO V2G AuthorizationRes
2026-08-03 16:04:14.276181 [INFO] evse_manager:Ev  ::                                     CAR ISO V2G AuthorizationReq
2026-08-03 16:04:14.279117 [INFO] evse_manager:Ev  :: EVSE ISO V2G AuthorizationRes
2026-08-03 16:04:14.327170 [INFO] evse_manager:Ev  ::                                     CAR ISO V2G AuthorizationReq
2026-08-03 16:04:14.329941 [INFO] evse_manager:Ev  :: EVSE ISO V2G AuthorizationRes
2026-08-03 16:04:14.380328 [INFO] evse_manager:Ev  ::                                     CAR ISO V2G AuthorizationReq
2026-08-03 16:04:14.383151 [INFO] evse_manager:Ev  :: EVSE ISO V2G AuthorizationRes
2026-08-03 16:04:14.434664 [INFO] evse_manager:Ev  ::                                     CAR ISO V2G AuthorizationReq
2026-08-03 16:04:14.437845 [INFO] evse_manager:Ev  :: EVSE ISO V2G AuthorizationRes
2026-08-03 16:04:14.488693 [INFO] evse_manager:Ev  ::                                     CAR ISO V2G AuthorizationReq
2026-08-03 16:04:14.491538 [INFO] evse_manager:Ev  :: EVSE ISO V2G AuthorizationRes
2026-08-03 16:04:14.543484 [INFO] evse_manager:Ev  ::                                     CAR ISO V2G AuthorizationReq
2026-08-03 16:04:14.547799 [INFO] evse_manager:Ev  :: EVSE ISO V2G AuthorizationRes
2026-08-03 16:04:14.603108 [INFO] evse_manager:Ev  ::                                     CAR ISO V2G AuthorizationReq
2026-08-03 16:04:14.605407 [INFO] evse_manager:Ev  :: EVSE ISO V2G AuthorizationRes
2026-08-03 16:04:14.655565 [INFO] evse_manager:Ev  ::                                     CAR ISO V2G AuthorizationReq
2026-08-03 16:04:14.658244 [INFO] evse_manager:Ev  :: EVSE ISO V2G AuthorizationRes
2026-08-03 16:04:14.709374 [INFO] evse_manager:Ev  ::                                     CAR ISO V2G AuthorizationReq
2026-08-03 16:04:14.712913 [INFO] evse_manager:Ev  :: EVSE ISO V2G AuthorizationRes
2026-08-03 16:04:14.791708 [INFO] evse_manager:Ev  ::                                     CAR ISO V2G AuthorizationReq
2026-08-03 16:04:14.794524 [INFO] evse_manager:Ev  :: EVSE ISO V2G AuthorizationRes
2026-08-03 16:04:14.817527 [INFO] evse_manager:Ev  ::                                     CAR ISO V2G AuthorizationReq
2026-08-03 16:04:14.819828 [INFO] evse_manager:Ev  :: EVSE ISO V2G AuthorizationRes
2026-08-03 16:04:14.871901 [INFO] evse_manager:Ev  ::                                     CAR ISO V2G AuthorizationReq
2026-08-03 16:04:14.874915 [INFO] evse_manager:Ev  :: EVSE ISO V2G AuthorizationRes
2026-08-03 16:04:14.926641 [INFO] evse_manager:Ev  ::                                     CAR ISO V2G AuthorizationReq
2026-08-03 16:04:14.929432 [INFO] evse_manager:Ev  :: EVSE ISO V2G AuthorizationRes
2026-08-03 16:04:15.004952 [INFO] evse_manager:Ev  ::                                     CAR ISO V2G AuthorizationReq
2026-08-03 16:04:15.009910 [INFO] evse_manager:Ev  :: EVSE ISO V2G AuthorizationRes
2026-08-03 16:04:15.035023 [INFO] evse_manager:Ev  ::                                     CAR ISO V2G AuthorizationReq
2026-08-03 16:04:15.037510 [INFO] evse_manager:Ev  :: EVSE ISO V2G AuthorizationRes
2026-08-03 16:04:15.097301 [INFO] evse_manager:Ev  ::                                     CAR ISO V2G AuthorizationReq
2026-08-03 16:04:15.100808 [INFO] evse_manager:Ev  :: EVSE ISO V2G AuthorizationRes
2026-08-03 16:04:15.148940 [INFO] evse_manager:Ev  ::                                     CAR ISO V2G AuthorizationReq
2026-08-03 16:04:15.151587 [INFO] evse_manager:Ev  :: EVSE ISO V2G AuthorizationRes
2026-08-03 16:04:15.196567 [INFO] evse_manager:Ev  ::                                     CAR ISO V2G AuthorizationReq
2026-08-03 16:04:15.198962 [INFO] evse_manager:Ev  :: EVSE ISO V2G AuthorizationRes
2026-08-03 16:04:15.256750 [INFO] evse_manager:Ev  ::                                     CAR ISO V2G AuthorizationReq
2026-08-03 16:04:15.264394 [INFO] evse_manager:Ev  :: EVSE ISO V2G AuthorizationRes
2026-08-03 16:04:15.312537 [INFO] evse_manager:Ev  ::                                     CAR ISO V2G AuthorizationReq
2026-08-03 16:04:15.315359 [INFO] evse_manager:Ev  :: EVSE ISO V2G AuthorizationRes
2026-08-03 16:04:15.359669 [INFO] evse_manager:Ev  ::                                     CAR ISO V2G AuthorizationReq
2026-08-03 16:04:15.362616 [INFO] evse_manager:Ev  :: EVSE ISO V2G AuthorizationRes
2026-08-03 16:04:15.414498 [INFO] evse_manager:Ev  ::                                     CAR ISO V2G AuthorizationReq
2026-08-03 16:04:15.417616 [INFO] evse_manager:Ev  :: EVSE ISO V2G AuthorizationRes
2026-08-03 16:04:15.470327 [INFO] evse_manager:Ev  ::                                     CAR ISO V2G AuthorizationReq
2026-08-03 16:04:15.473511 [INFO] evse_manager:Ev  :: EVSE ISO V2G AuthorizationRes
2026-08-03 16:04:15.524733 [INFO] evse_manager:Ev  ::                                     CAR ISO V2G AuthorizationReq
2026-08-03 16:04:15.527997 [INFO] evse_manager:Ev  :: EVSE ISO V2G AuthorizationRes
2026-08-03 16:04:15.604518 [INFO] evse_manager:Ev  ::                                     CAR ISO V2G AuthorizationReq
2026-08-03 16:04:15.607090 [INFO] evse_manager:Ev  :: EVSE ISO V2G AuthorizationRes
2026-08-03 16:04:15.655304 [INFO] evse_manager:Ev  ::                                     CAR ISO V2G AuthorizationReq
2026-08-03 16:04:15.658355 [INFO] evse_manager:Ev  :: EVSE ISO V2G AuthorizationRes
2026-08-03 16:04:15.688443 [INFO] evse_manager:Ev  ::                                     CAR ISO V2G AuthorizationReq
2026-08-03 16:04:15.691331 [INFO] evse_manager:Ev  :: EVSE ISO V2G AuthorizationRes
2026-08-03 16:04:15.742995 [INFO] evse_manager:Ev  ::                                     CAR ISO V2G AuthorizationReq
2026-08-03 16:04:15.745560 [INFO] evse_manager:Ev  :: EVSE ISO V2G AuthorizationRes
2026-08-03 16:04:15.821734 [INFO] evse_manager:Ev  ::                                     CAR ISO V2G AuthorizationReq
2026-08-03 16:04:15.824382 [INFO] evse_manager:Ev  :: EVSE ISO V2G AuthorizationRes
2026-08-03 16:04:15.853860 [INFO] evse_manager:Ev  ::                                     CAR ISO V2G AuthorizationReq
2026-08-03 16:04:15.856333 [INFO] evse_manager:Ev  :: EVSE ISO V2G AuthorizationRes
2026-08-03 16:04:15.906551 [INFO] evse_manager:Ev  ::                                     CAR ISO V2G AuthorizationReq
2026-08-03 16:04:15.909686 [INFO] evse_manager:Ev  :: EVSE ISO V2G AuthorizationRes
2026-08-03 16:04:15.961192 [INFO] evse_manager:Ev  ::                                     CAR ISO V2G AuthorizationReq
2026-08-03 16:04:15.966396 [INFO] evse_manager:Ev  :: EVSE ISO V2G AuthorizationRes
2026-08-03 16:04:16.014665 [INFO] evse_manager:Ev  ::                                     CAR ISO V2G AuthorizationReq
2026-08-03 16:04:16.016949 [INFO] evse_manager:Ev  :: EVSE ISO V2G AuthorizationRes
2026-08-03 16:04:16.108466 [INFO] evse_manager:Ev  ::                                     CAR ISO V2G AuthorizationReq
2026-08-03 16:04:16.112751 [INFO] evse_manager:Ev  :: EVSE ISO V2G AuthorizationRes
2026-08-03 16:04:16.162507 [INFO] evse_manager:Ev  ::                                     CAR ISO V2G AuthorizationReq
2026-08-03 16:04:16.165466 [INFO] evse_manager:Ev  :: EVSE ISO V2G AuthorizationRes
2026-08-03 16:04:16.175669 [INFO] evse_manager:Ev  ::                                     CAR ISO V2G AuthorizationReq
2026-08-03 16:04:16.178278 [INFO] evse_manager:Ev  :: EVSE ISO V2G AuthorizationRes
2026-08-03 16:04:16.230667 [INFO] evse_manager:Ev  ::                                     CAR ISO V2G AuthorizationReq
2026-08-03 16:04:16.234014 [INFO] evse_manager:Ev  :: EVSE ISO V2G AuthorizationRes
2026-08-03 16:04:16.287006 [INFO] evse_manager:Ev  ::                                     CAR ISO V2G AuthorizationReq
2026-08-03 16:04:16.292634 [INFO] evse_manager:Ev  :: EVSE ISO V2G AuthorizationRes
2026-08-03 16:04:16.342900 [INFO] evse_manager:Ev  ::                                     CAR ISO V2G AuthorizationReq
2026-08-03 16:04:16.345652 [INFO] evse_manager:Ev  :: EVSE ISO V2G AuthorizationRes
2026-08-03 16:04:16.396985 [INFO] evse_manager:Ev  ::                                     CAR ISO V2G AuthorizationReq
2026-08-03 16:04:16.400667 [INFO] evse_manager:Ev  :: EVSE ISO V2G AuthorizationRes
2026-08-03 16:04:16.451233 [INFO] evse_manager:Ev  ::                                     CAR ISO V2G AuthorizationReq
2026-08-03 16:04:16.455125 [INFO] evse_manager:Ev  :: EVSE ISO V2G AuthorizationRes
2026-08-03 16:04:16.505342 [INFO] evse_manager:Ev  ::                                     CAR ISO V2G AuthorizationReq
2026-08-03 16:04:16.508245 [INFO] evse_manager:Ev  :: EVSE ISO V2G AuthorizationRes
2026-08-03 16:04:16.562263 [INFO] evse_manager:Ev  ::                                     CAR ISO V2G AuthorizationReq
2026-08-03 16:04:16.565435 [INFO] evse_manager:Ev  :: EVSE ISO V2G AuthorizationRes
2026-08-03 16:04:16.620910 [INFO] evse_manager:Ev  ::                                     CAR ISO V2G AuthorizationReq
2026-08-03 16:04:16.626220 [INFO] evse_manager:Ev  :: EVSE ISO V2G AuthorizationRes
2026-08-03 16:04:16.674865 [INFO] evse_manager:Ev  ::                                     CAR ISO V2G AuthorizationReq
2026-08-03 16:04:16.678001 [INFO] evse_manager:Ev  :: EVSE ISO V2G AuthorizationRes
2026-08-03 16:04:16.730299 [INFO] evse_manager:Ev  ::                                     CAR ISO V2G AuthorizationReq
2026-08-03 16:04:16.771704 [INFO] evse_manager:Ev  :: EVSE ISO V2G AuthorizationRes
2026-08-03 16:04:16.785338 [INFO] evse_manager:Ev  ::                                     CAR ISO V2G AuthorizationReq
2026-08-03 16:04:16.788577 [INFO] evse_manager:Ev  :: EVSE ISO V2G AuthorizationRes
2026-08-03 16:04:16.861850 [INFO] evse_manager:Ev  ::                                     CAR ISO V2G AuthorizationReq
2026-08-03 16:04:16.864448 [INFO] evse_manager:Ev  :: EVSE ISO V2G AuthorizationRes
2026-08-03 16:04:16.894491 [INFO] evse_manager:Ev  ::                                     CAR ISO V2G AuthorizationReq
2026-08-03 16:04:16.897447 [INFO] evse_manager:Ev  :: EVSE ISO V2G AuthorizationRes
2026-08-03 16:04:16.949068 [INFO] evse_manager:Ev  ::                                     CAR ISO V2G AuthorizationReq
2026-08-03 16:04:16.952863 [INFO] evse_manager:Ev  :: EVSE ISO V2G AuthorizationRes
2026-08-03 16:04:17.016981 [INFO] evse_manager:Ev  ::                                     CAR ISO V2G AuthorizationReq
2026-08-03 16:04:17.020246 [INFO] evse_manager:Ev  :: EVSE ISO V2G AuthorizationRes
2026-08-03 16:04:17.059237 [INFO] evse_manager:Ev  ::                                     CAR ISO V2G AuthorizationReq
2026-08-03 16:04:17.062106 [INFO] evse_manager:Ev  :: EVSE ISO V2G AuthorizationRes
2026-08-03 16:04:17.121188 [INFO] evse_manager:Ev  ::                                     CAR ISO V2G AuthorizationReq
2026-08-03 16:04:17.123986 [INFO] evse_manager:Ev  :: EVSE ISO V2G AuthorizationRes
2026-08-03 16:04:17.171172 [INFO] evse_manager:Ev  ::                                     CAR ISO V2G AuthorizationReq
2026-08-03 16:04:17.173824 [INFO] evse_manager:Ev  :: EVSE ISO V2G AuthorizationRes
2026-08-03 16:04:17.225744 [INFO] evse_manager:Ev  ::                                     CAR ISO V2G AuthorizationReq
2026-08-03 16:04:17.228712 [INFO] evse_manager:Ev  :: EVSE ISO V2G AuthorizationRes
2026-08-03 16:04:17.280679 [INFO] evse_manager:Ev  ::                                     CAR ISO V2G AuthorizationReq
2026-08-03 16:04:17.283544 [INFO] evse_manager:Ev  :: EVSE ISO V2G AuthorizationRes
2026-08-03 16:04:17.373754 [INFO] evse_manager:Ev  ::                                     CAR ISO V2G AuthorizationReq
2026-08-03 16:04:17.376199 [INFO] evse_manager:Ev  :: EVSE ISO V2G AuthorizationRes
2026-08-03 16:04:17.392030 [INFO] evse_manager:Ev  ::                                     CAR ISO V2G AuthorizationReq
2026-08-03 16:04:17.394354 [INFO] evse_manager:Ev  :: EVSE ISO V2G AuthorizationRes
2026-08-03 16:04:17.447275 [INFO] evse_manager:Ev  ::                                     CAR ISO V2G AuthorizationReq
2026-08-03 16:04:17.450429 [INFO] evse_manager:Ev  :: EVSE ISO V2G AuthorizationRes
2026-08-03 16:04:17.504783 [INFO] evse_manager:Ev  ::                                     CAR ISO V2G AuthorizationReq
2026-08-03 16:04:17.509157 [INFO] evse_manager:Ev  :: EVSE ISO V2G AuthorizationRes
2026-08-03 16:04:17.587517 [INFO] evse_manager:Ev  ::                                     CAR ISO V2G AuthorizationReq
2026-08-03 16:04:17.595651 [INFO] evse_manager:Ev  :: EVSE ISO V2G AuthorizationRes
2026-08-03 16:04:17.616427 [INFO] evse_manager:Ev  ::                                     CAR ISO V2G AuthorizationReq
2026-08-03 16:04:17.624622 [INFO] evse_manager:Ev  :: EVSE ISO V2G AuthorizationRes
2026-08-03 16:04:17.667498 [INFO] evse_manager:Ev  ::                                     CAR ISO V2G AuthorizationReq
2026-08-03 16:04:17.671037 [INFO] evse_manager:Ev  :: EVSE ISO V2G AuthorizationRes
2026-08-03 16:04:17.722829 [INFO] evse_manager:Ev  ::                                     CAR ISO V2G AuthorizationReq
2026-08-03 16:04:17.726159 [INFO] evse_manager:Ev  :: EVSE ISO V2G AuthorizationRes
2026-08-03 16:04:17.776605 [INFO] evse_manager:Ev  ::                                     CAR ISO V2G AuthorizationReq
2026-08-03 16:04:17.779341 [INFO] evse_manager:Ev  :: EVSE ISO V2G AuthorizationRes
2026-08-03 16:04:17.830656 [INFO] evse_manager:Ev  ::                                     CAR ISO V2G AuthorizationReq
2026-08-03 16:04:17.834399 [INFO] evse_manager:Ev  :: EVSE ISO V2G AuthorizationRes
2026-08-03 16:04:17.889286 [INFO] evse_manager:Ev  ::                                     CAR ISO V2G AuthorizationReq
2026-08-03 16:04:17.891862 [INFO] evse_manager:Ev  :: EVSE ISO V2G AuthorizationRes
2026-08-03 16:04:17.937647 [INFO] evse_manager:Ev  ::                                     CAR ISO V2G AuthorizationReq
2026-08-03 16:04:17.980293 [INFO] evse_manager:Ev  :: EVSE ISO V2G AuthorizationRes
2026-08-03 16:04:18.025786 [INFO] evse_manager:Ev  ::                                     CAR ISO V2G AuthorizationReq
2026-08-03 16:04:18.028646 [INFO] evse_manager:Ev  :: EVSE ISO V2G AuthorizationRes
2026-08-03 16:04:18.046121 [INFO] evse_manager:Ev  ::                                     CAR ISO V2G AuthorizationReq
2026-08-03 16:04:18.048441 [INFO] evse_manager:Ev  :: EVSE ISO V2G AuthorizationRes
2026-08-03 16:04:18.125683 [INFO] evse_manager:Ev  ::                                     CAR ISO V2G AuthorizationReq
2026-08-03 16:04:18.131332 [INFO] evse_manager:Ev  :: EVSE ISO V2G AuthorizationRes
2026-08-03 16:04:18.176029 [INFO] evse_manager:Ev  ::                                     CAR ISO V2G AuthorizationReq
2026-08-03 16:04:18.178948 [INFO] evse_manager:Ev  :: EVSE ISO V2G AuthorizationRes
2026-08-03 16:04:18.211530 [INFO] evse_manager:Ev  ::                                     CAR ISO V2G AuthorizationReq
2026-08-03 16:04:18.214210 [INFO] evse_manager:Ev  :: EVSE ISO V2G AuthorizationRes
2026-08-03 16:04:18.265489 [INFO] evse_manager:Ev  ::                                     CAR ISO V2G AuthorizationReq
2026-08-03 16:04:18.268321 [INFO] evse_manager:Ev  :: EVSE ISO V2G AuthorizationRes
2026-08-03 16:04:18.318241 [INFO] evse_manager:Ev  ::                                     CAR ISO V2G AuthorizationReq
2026-08-03 16:04:18.320987 [INFO] evse_manager:Ev  :: EVSE ISO V2G AuthorizationRes
2026-08-03 16:04:18.404041 [INFO] evse_manager:Ev  ::                                     CAR ISO V2G AuthorizationReq
2026-08-03 16:04:18.406975 [INFO] evse_manager:Ev  :: EVSE ISO V2G AuthorizationRes
2026-08-03 16:04:18.431742 [INFO] evse_manager:Ev  ::                                     CAR ISO V2G AuthorizationReq
2026-08-03 16:04:18.434397 [INFO] evse_manager:Ev  :: EVSE ISO V2G AuthorizationRes
2026-08-03 16:04:18.482922 [INFO] evse_manager:Ev  ::                                     CAR ISO V2G AuthorizationReq
2026-08-03 16:04:18.486744 [INFO] evse_manager:Ev  :: EVSE ISO V2G AuthorizationRes
2026-08-03 16:04:18.538177 [INFO] evse_manager:Ev  ::                                     CAR ISO V2G AuthorizationReq
2026-08-03 16:04:18.540624 [INFO] evse_manager:Ev  :: EVSE ISO V2G AuthorizationRes
2026-08-03 16:04:18.628163 [INFO] evse_manager:Ev  ::                                     CAR ISO V2G AuthorizationReq
2026-08-03 16:04:18.631698 [INFO] evse_manager:Ev  :: EVSE ISO V2G AuthorizationRes
2026-08-03 16:04:18.681660 [INFO] evse_manager:Ev  ::                                     CAR ISO V2G AuthorizationReq
2026-08-03 16:04:18.684471 [INFO] evse_manager:Ev  :: EVSE ISO V2G AuthorizationRes
2026-08-03 16:04:18.707360 [INFO] evse_manager:Ev  ::                                     CAR ISO V2G AuthorizationReq
2026-08-03 16:04:18.713063 [INFO] evse_manager:Ev  :: EVSE ISO V2G AuthorizationRes
2026-08-03 16:04:18.781309 [INFO] evse_manager:Ev  ::                                     CAR ISO V2G AuthorizationReq
2026-08-03 16:04:18.787474 [INFO] evse_manager:Ev  :: EVSE ISO V2G AuthorizationRes
2026-08-03 16:04:18.816786 [INFO] evse_manager:Ev  ::                                     CAR ISO V2G AuthorizationReq
2026-08-03 16:04:18.819426 [INFO] evse_manager:Ev  :: EVSE ISO V2G AuthorizationRes
2026-08-03 16:04:18.872546 [INFO] evse_manager:Ev  ::                                     CAR ISO V2G AuthorizationReq
2026-08-03 16:04:18.876623 [INFO] evse_manager:Ev  :: EVSE ISO V2G AuthorizationRes
2026-08-03 16:04:18.925742 [INFO] evse_manager:Ev  ::                                     CAR ISO V2G AuthorizationReq
2026-08-03 16:04:18.928781 [INFO] evse_manager:Ev  :: EVSE ISO V2G AuthorizationRes
2026-08-03 16:04:18.979642 [INFO] evse_manager:Ev  ::                                     CAR ISO V2G AuthorizationReq
2026-08-03 16:04:18.982172 [INFO] evse_manager:Ev  :: EVSE ISO V2G AuthorizationRes
2026-08-03 16:04:19.034358 [INFO] evse_manager:Ev  ::                                     CAR ISO V2G AuthorizationReq
2026-08-03 16:04:19.036971 [INFO] evse_manager:Ev  :: EVSE ISO V2G AuthorizationRes
2026-08-03 16:04:19.131976 [INFO] evse_manager:Ev  ::                                     CAR ISO V2G AuthorizationReq
2026-08-03 16:04:19.138047 [INFO] evse_manager:Ev  :: EVSE ISO V2G AuthorizationRes
2026-08-03 16:04:19.152703 [INFO] evse_manager:Ev  ::                                     CAR ISO V2G AuthorizationReq
2026-08-03 16:04:19.155129 [INFO] evse_manager:Ev  :: EVSE ISO V2G AuthorizationRes
2026-08-03 16:04:19.200992 [INFO] evse_manager:Ev  ::                                     CAR ISO V2G AuthorizationReq
2026-08-03 16:04:19.203551 [INFO] evse_manager:Ev  :: EVSE ISO V2G AuthorizationRes
2026-08-03 16:04:19.255980 [INFO] evse_manager:Ev  ::                                     CAR ISO V2G AuthorizationReq
2026-08-03 16:04:19.259290 [INFO] evse_manager:Ev  :: EVSE ISO V2G AuthorizationRes
2026-08-03 16:04:19.310664 [INFO] evse_manager:Ev  ::                                     CAR ISO V2G AuthorizationReq
2026-08-03 16:04:19.313504 [INFO] evse_manager:Ev  :: EVSE ISO V2G AuthorizationRes
2026-08-03 16:04:19.364814 [INFO] evse_manager:Ev  ::                                     CAR ISO V2G AuthorizationReq
2026-08-03 16:04:19.368416 [INFO] evse_manager:Ev  :: EVSE ISO V2G AuthorizationRes
2026-08-03 16:04:19.438409 [INFO] evse_manager:Ev  ::                                     CAR ISO V2G AuthorizationReq
2026-08-03 16:04:19.441012 [INFO] evse_manager:Ev  :: EVSE ISO V2G AuthorizationRes
2026-08-03 16:04:19.476002 [INFO] evse_manager:Ev  ::                                     CAR ISO V2G AuthorizationReq
2026-08-03 16:04:19.478895 [INFO] evse_manager:Ev  :: EVSE ISO V2G AuthorizationRes
2026-08-03 16:04:19.529744 [INFO] evse_manager:Ev  ::                                     CAR ISO V2G AuthorizationReq
2026-08-03 16:04:19.532458 [INFO] evse_manager:Ev  :: EVSE ISO V2G AuthorizationRes
2026-08-03 16:04:19.583499 [INFO] evse_manager:Ev  ::                                     CAR ISO V2G AuthorizationReq
2026-08-03 16:04:19.586833 [INFO] evse_manager:Ev  :: EVSE ISO V2G AuthorizationRes
2026-08-03 16:04:19.647611 [INFO] evse_manager:Ev  ::                                     CAR ISO V2G AuthorizationReq
2026-08-03 16:04:19.650135 [INFO] evse_manager:Ev  :: EVSE ISO V2G AuthorizationRes
2026-08-03 16:04:19.694954 [INFO] evse_manager:Ev  ::                                     CAR ISO V2G AuthorizationReq
2026-08-03 16:04:19.697519 [INFO] evse_manager:Ev  :: EVSE ISO V2G AuthorizationRes
2026-08-03 16:04:19.749584 [INFO] evse_manager:Ev  ::                                     CAR ISO V2G AuthorizationReq
2026-08-03 16:04:19.752689 [INFO] evse_manager:Ev  :: EVSE ISO V2G AuthorizationRes
2026-08-03 16:04:19.804831 [INFO] evse_manager:Ev  ::                                     CAR ISO V2G AuthorizationReq
2026-08-03 16:04:19.807595 [INFO] evse_manager:Ev  :: EVSE ISO V2G AuthorizationRes
2026-08-03 16:04:19.859716 [INFO] evse_manager:Ev  ::                                     CAR ISO V2G AuthorizationReq
2026-08-03 16:04:19.863833 [INFO] evse_manager:Ev  :: EVSE ISO V2G AuthorizationRes
2026-08-03 16:04:19.925163 [INFO] evse_manager:Ev  ::                                     CAR ISO V2G AuthorizationReq
2026-08-03 16:04:19.934044 [INFO] evse_manager:Ev  :: EVSE ISO V2G AuthorizationRes
2026-08-03 16:04:19.967943 [INFO] evse_manager:Ev  ::                                     CAR ISO V2G AuthorizationReq
2026-08-03 16:04:19.971673 [INFO] evse_manager:Ev  :: EVSE ISO V2G AuthorizationRes
2026-08-03 16:04:20.042288 [INFO] evse_manager:Ev  ::                                     CAR ISO V2G AuthorizationReq
2026-08-03 16:04:20.066411 [INFO] evse_manager:Ev  :: EVSE ISO V2G AuthorizationRes
2026-08-03 16:04:20.079849 [INFO] evse_manager:Ev  ::                                     CAR ISO V2G AuthorizationReq
2026-08-03 16:04:20.082605 [INFO] evse_manager:Ev  :: EVSE ISO V2G AuthorizationRes
2026-08-03 16:04:20.140742 [INFO] evse_manager:Ev  ::                                     CAR ISO V2G AuthorizationReq
2026-08-03 16:04:20.143920 [INFO] evse_manager:Ev  :: EVSE ISO V2G AuthorizationRes
2026-08-03 16:04:20.233366 [INFO] evse_manager:Ev  ::                                     CAR ISO V2G AuthorizationReq
2026-08-03 16:04:20.236179 [INFO] evse_manager:Ev  :: EVSE ISO V2G AuthorizationRes
2026-08-03 16:04:20.245708 [INFO] evse_manager:Ev  ::                                     CAR ISO V2G AuthorizationReq
2026-08-03 16:04:20.248459 [INFO] evse_manager:Ev  :: EVSE ISO V2G AuthorizationRes
2026-08-03 16:04:20.300622 [INFO] evse_manager:Ev  ::                                     CAR ISO V2G AuthorizationReq
2026-08-03 16:04:20.303850 [INFO] evse_manager:Ev  :: EVSE ISO V2G AuthorizationRes
2026-08-03 16:04:20.353964 [INFO] evse_manager:Ev  ::                                     CAR ISO V2G AuthorizationReq
2026-08-03 16:04:20.357186 [INFO] evse_manager:Ev  :: EVSE ISO V2G AuthorizationRes
2026-08-03 16:04:20.408871 [INFO] evse_manager:Ev  ::                                     CAR ISO V2G AuthorizationReq
2026-08-03 16:04:20.412343 [INFO] evse_manager:Ev  :: EVSE ISO V2G AuthorizationRes
2026-08-03 16:04:20.468481 [INFO] evse_manager:Ev  ::                                     CAR ISO V2G AuthorizationReq
2026-08-03 16:04:20.471232 [INFO] evse_manager:Ev  :: EVSE ISO V2G AuthorizationRes
2026-08-03 16:04:20.518204 [INFO] evse_manager:Ev  ::                                     CAR ISO V2G AuthorizationReq
2026-08-03 16:04:20.520948 [INFO] evse_manager:Ev  :: EVSE ISO V2G AuthorizationRes
2026-08-03 16:04:20.568764 [INFO] evse_manager:Ev  ::                                     CAR ISO V2G AuthorizationReq
2026-08-03 16:04:20.571735 [INFO] evse_manager:Ev  :: EVSE ISO V2G AuthorizationRes
2026-08-03 16:04:20.651965 [INFO] evse_manager:Ev  ::                                     CAR ISO V2G AuthorizationReq
2026-08-03 16:04:20.654931 [INFO] evse_manager:Ev  :: EVSE ISO V2G AuthorizationRes
2026-08-03 16:04:20.700447 [INFO] evse_manager:Ev  ::                                     CAR ISO V2G AuthorizationReq
2026-08-03 16:04:20.703592 [INFO] evse_manager:Ev  :: EVSE ISO V2G AuthorizationRes
2026-08-03 16:04:20.731395 [INFO] evse_manager:Ev  ::                                     CAR ISO V2G AuthorizationReq
2026-08-03 16:04:20.734659 [INFO] evse_manager:Ev  :: EVSE ISO V2G AuthorizationRes
2026-08-03 16:04:20.785975 [INFO] evse_manager:Ev  ::                                     CAR ISO V2G AuthorizationReq
2026-08-03 16:04:20.788887 [INFO] evse_manager:Ev  :: EVSE ISO V2G AuthorizationRes
2026-08-03 16:04:20.841247 [INFO] evse_manager:Ev  ::                                     CAR ISO V2G AuthorizationReq
2026-08-03 16:04:20.844709 [INFO] evse_manager:Ev  :: EVSE ISO V2G AuthorizationRes
2026-08-03 16:04:20.895438 [INFO] evse_manager:Ev  ::                                     CAR ISO V2G AuthorizationReq
2026-08-03 16:04:20.898236 [INFO] evse_manager:Ev  :: EVSE ISO V2G AuthorizationRes
2026-08-03 16:04:20.978943 [INFO] evse_manager:Ev  ::                                     CAR ISO V2G AuthorizationReq
2026-08-03 16:04:20.981577 [INFO] evse_manager:Ev  :: EVSE ISO V2G AuthorizationRes
2026-08-03 16:04:21.051811 [INFO] evse_manager:Ev  ::                                     CAR ISO V2G AuthorizationReq
2026-08-03 16:04:21.061933 [INFO] evse_manager:Ev  :: EVSE ISO V2G AuthorizationRes
2026-08-03 16:04:21.066183 [INFO] evse_manager:Ev  ::                                     CAR ISO V2G AuthorizationReq
2026-08-03 16:04:21.072961 [INFO] evse_manager:Ev  :: EVSE ISO V2G AuthorizationRes
2026-08-03 16:04:21.125513 [INFO] evse_manager:Ev  ::                                     CAR ISO V2G AuthorizationReq
2026-08-03 16:04:21.133585 [INFO] evse_manager:Ev  :: EVSE ISO V2G AuthorizationRes
2026-08-03 16:04:21.184703 [INFO] evse_manager:Ev  ::                                     CAR ISO V2G AuthorizationReq
2026-08-03 16:04:21.187624 [INFO] evse_manager:Ev  :: EVSE ISO V2G AuthorizationRes
2026-08-03 16:04:21.230948 [INFO] evse_manager:Ev  ::                                     CAR ISO V2G AuthorizationReq
2026-08-03 16:04:21.233386 [INFO] evse_manager:Ev  :: EVSE ISO V2G AuthorizationRes
2026-08-03 16:04:21.286181 [INFO] evse_manager:Ev  ::                                     CAR ISO V2G AuthorizationReq
2026-08-03 16:04:21.289118 [INFO] evse_manager:Ev  :: EVSE ISO V2G AuthorizationRes
2026-08-03 16:04:21.340137 [INFO] evse_manager:Ev  ::                                     CAR ISO V2G AuthorizationReq
2026-08-03 16:04:21.343036 [INFO] evse_manager:Ev  :: EVSE ISO V2G AuthorizationRes
2026-08-03 16:04:21.395715 [INFO] evse_manager:Ev  ::                                     CAR ISO V2G AuthorizationReq
2026-08-03 16:04:21.399403 [INFO] evse_manager:Ev  :: EVSE ISO V2G AuthorizationRes
2026-08-03 16:04:21.451255 [INFO] evse_manager:Ev  ::                                     CAR ISO V2G AuthorizationReq
2026-08-03 16:04:21.454737 [INFO] evse_manager:Ev  :: EVSE ISO V2G AuthorizationRes
2026-08-03 16:04:21.504796 [INFO] evse_manager:Ev  ::                                     CAR ISO V2G AuthorizationReq
2026-08-03 16:04:21.508301 [INFO] evse_manager:Ev  :: EVSE ISO V2G AuthorizationRes
2026-08-03 16:04:21.558728 [INFO] evse_manager:Ev  ::                                     CAR ISO V2G AuthorizationReq
2026-08-03 16:04:21.562001 [INFO] evse_manager:Ev  :: EVSE ISO V2G AuthorizationRes
2026-08-03 16:04:21.659141 [INFO] evse_manager:Ev  ::                                     CAR ISO V2G AuthorizationReq
2026-08-03 16:04:21.663892 [INFO] evse_manager:Ev  :: EVSE ISO V2G AuthorizationRes
2026-08-03 16:04:21.714830 [INFO] evse_manager:Ev  ::                                     CAR ISO V2G AuthorizationReq
2026-08-03 16:04:21.717412 [INFO] evse_manager:Ev  :: EVSE ISO V2G AuthorizationRes
2026-08-03 16:04:21.725524 [INFO] evse_manager:Ev  ::                                     CAR ISO V2G AuthorizationReq
2026-08-03 16:04:21.728470 [INFO] evse_manager:Ev  :: EVSE ISO V2G AuthorizationRes
2026-08-03 16:04:21.781043 [INFO] evse_manager:Ev  ::                                     CAR ISO V2G AuthorizationReq
2026-08-03 16:04:21.784521 [INFO] evse_manager:Ev  :: EVSE ISO V2G AuthorizationRes
2026-08-03 16:04:21.835384 [INFO] evse_manager:Ev  ::                                     CAR ISO V2G AuthorizationReq
2026-08-03 16:04:21.838168 [INFO] evse_manager:Ev  :: EVSE ISO V2G AuthorizationRes
2026-08-03 16:04:21.889214 [INFO] evse_manager:Ev  ::                                     CAR ISO V2G AuthorizationReq
2026-08-03 16:04:21.892194 [INFO] evse_manager:Ev  :: EVSE ISO V2G AuthorizationRes
2026-08-03 16:04:21.945006 [INFO] evse_manager:Ev  ::                                     CAR ISO V2G AuthorizationReq
2026-08-03 16:04:21.947801 [INFO] evse_manager:Ev  :: EVSE ISO V2G AuthorizationRes
2026-08-03 16:04:22.001907 [INFO] evse_manager:Ev  ::                                     CAR ISO V2G AuthorizationReq
2026-08-03 16:04:22.004840 [INFO] evse_manager:Ev  :: EVSE ISO V2G AuthorizationRes
2026-08-03 16:04:22.055144 [INFO] evse_manager:Ev  ::                                     CAR ISO V2G AuthorizationReq
2026-08-03 16:04:22.057588 [INFO] evse_manager:Ev  :: EVSE ISO V2G AuthorizationRes
2026-08-03 16:04:22.113920 [INFO] evse_manager:Ev  ::                                     CAR ISO V2G AuthorizationReq
2026-08-03 16:04:22.118701 [INFO] evse_manager:Ev  :: EVSE ISO V2G AuthorizationRes
2026-08-03 16:04:22.178773 [INFO] evse_manager:Ev  ::                                     CAR ISO V2G AuthorizationReq
2026-08-03 16:04:22.182778 [INFO] evse_manager:Ev  :: EVSE ISO V2G AuthorizationRes
2026-08-03 16:04:22.255726 [INFO] evse_manager:Ev  ::                                     CAR ISO V2G AuthorizationReq
2026-08-03 16:04:22.259548 [INFO] evse_manager:Ev  :: EVSE ISO V2G AuthorizationRes
2026-08-03 16:04:22.279832 [INFO] evse_manager:Ev  ::                                     CAR ISO V2G AuthorizationReq
2026-08-03 16:04:22.282670 [INFO] evse_manager:Ev  :: EVSE ISO V2G AuthorizationRes
2026-08-03 16:04:22.334883 [INFO] evse_manager:Ev  ::                                     CAR ISO V2G AuthorizationReq
2026-08-03 16:04:22.337522 [INFO] evse_manager:Ev  :: EVSE ISO V2G AuthorizationRes
2026-08-03 16:04:22.388162 [INFO] evse_manager:Ev  ::                                     CAR ISO V2G AuthorizationReq
2026-08-03 16:04:22.391691 [INFO] evse_manager:Ev  :: EVSE ISO V2G AuthorizationRes
2026-08-03 16:04:22.440921 [INFO] evse_manager:Ev  ::                                     CAR ISO V2G AuthorizationReq
2026-08-03 16:04:22.443878 [INFO] evse_manager:Ev  :: EVSE ISO V2G AuthorizationRes
2026-08-03 16:04:22.516135 [INFO] evse_manager:Ev  ::                                     CAR ISO V2G AuthorizationReq
2026-08-03 16:04:22.518667 [INFO] evse_manager:Ev  :: EVSE ISO V2G AuthorizationRes
2026-08-03 16:04:22.550963 [INFO] evse_manager:Ev  ::                                     CAR ISO V2G AuthorizationReq
2026-08-03 16:04:22.553845 [INFO] evse_manager:Ev  :: EVSE ISO V2G AuthorizationRes
2026-08-03 16:04:22.605557 [INFO] evse_manager:Ev  ::                                     CAR ISO V2G AuthorizationReq
2026-08-03 16:04:22.609079 [INFO] evse_manager:Ev  :: EVSE ISO V2G AuthorizationRes
2026-08-03 16:04:22.667088 [INFO] evse_manager:Ev  ::                                     CAR ISO V2G AuthorizationReq
2026-08-03 16:04:22.671053 [INFO] evse_manager:Ev  :: EVSE ISO V2G AuthorizationRes
2026-08-03 16:04:22.717986 [INFO] evse_manager:Ev  ::                                     CAR ISO V2G AuthorizationReq
2026-08-03 16:04:22.721850 [INFO] evse_manager:Ev  :: EVSE ISO V2G AuthorizationRes
2026-08-03 16:04:22.768197 [INFO] evse_manager:Ev  ::                                     CAR ISO V2G AuthorizationReq
2026-08-03 16:04:22.771367 [INFO] evse_manager:Ev  :: EVSE ISO V2G AuthorizationRes
2026-08-03 16:04:22.823900 [INFO] evse_manager:Ev  ::                                     CAR ISO V2G AuthorizationReq
2026-08-03 16:04:22.827312 [INFO] evse_manager:Ev  :: EVSE ISO V2G AuthorizationRes
2026-08-03 16:04:22.878766 [INFO] evse_manager:Ev  ::                                     CAR ISO V2G AuthorizationReq
2026-08-03 16:04:22.881560 [INFO] evse_manager:Ev  :: EVSE ISO V2G AuthorizationRes
2026-08-03 16:04:22.933889 [INFO] evse_manager:Ev  ::                                     CAR ISO V2G AuthorizationReq
2026-08-03 16:04:22.937311 [INFO] evse_manager:Ev  :: EVSE ISO V2G AuthorizationRes
2026-08-03 16:04:23.019845 [INFO] evse_manager:Ev  ::                                     CAR ISO V2G AuthorizationReq
2026-08-03 16:04:23.022472 [INFO] evse_manager:Ev  :: EVSE ISO V2G AuthorizationRes
2026-08-03 16:04:23.045903 [INFO] evse_manager:Ev  ::                                     CAR ISO V2G AuthorizationReq
2026-08-03 16:04:23.048209 [INFO] evse_manager:Ev  :: EVSE ISO V2G AuthorizationRes
2026-08-03 16:04:23.097370 [INFO] evse_manager:Ev  ::                                     CAR ISO V2G AuthorizationReq
2026-08-03 16:04:23.099832 [INFO] evse_manager:Ev  :: EVSE ISO V2G AuthorizationRes
2026-08-03 16:04:23.172262 [INFO] evse_manager:Ev  ::                                     CAR ISO V2G AuthorizationReq
2026-08-03 16:04:23.175015 [INFO] evse_manager:Ev  :: EVSE ISO V2G AuthorizationRes
2026-08-03 16:04:23.222336 [INFO] evse_manager:Ev  ::                                     CAR ISO V2G AuthorizationReq
2026-08-03 16:04:23.225435 [INFO] evse_manager:Ev  :: EVSE ISO V2G AuthorizationRes
2026-08-03 16:04:23.261477 [INFO] evse_manager:Ev  ::                                     CAR ISO V2G AuthorizationReq
2026-08-03 16:04:23.264817 [INFO] evse_manager:Ev  :: EVSE ISO V2G AuthorizationRes
2026-08-03 16:04:23.317947 [INFO] evse_manager:Ev  ::                                     CAR ISO V2G AuthorizationReq
2026-08-03 16:04:23.321172 [INFO] evse_manager:Ev  :: EVSE ISO V2G AuthorizationRes
2026-08-03 16:04:23.372992 [INFO] evse_manager:Ev  ::                                     CAR ISO V2G AuthorizationReq
2026-08-03 16:04:23.380395 [INFO] evse_manager:Ev  :: EVSE ISO V2G AuthorizationRes
2026-08-03 16:04:23.432135 [INFO] evse_manager:Ev  ::                                     CAR ISO V2G AuthorizationReq
2026-08-03 16:04:23.436716 [INFO] evse_manager:Ev  :: EVSE ISO V2G AuthorizationRes
2026-08-03 16:04:23.483875 [INFO] evse_manager:Ev  ::                                     CAR ISO V2G AuthorizationReq
2026-08-03 16:04:23.486312 [INFO] evse_manager:Ev  :: EVSE ISO V2G AuthorizationRes
2026-08-03 16:04:23.539690 [INFO] evse_manager:Ev  ::                                     CAR ISO V2G AuthorizationReq
2026-08-03 16:04:23.542035 [INFO] evse_manager:Ev  :: EVSE ISO V2G AuthorizationRes
2026-08-03 16:04:23.593157 [INFO] evse_manager:Ev  ::                                     CAR ISO V2G AuthorizationReq
2026-08-03 16:04:23.596116 [INFO] evse_manager:Ev  :: EVSE ISO V2G AuthorizationRes
2026-08-03 16:04:23.653625 [INFO] evse_manager:Ev  ::                                     CAR ISO V2G AuthorizationReq
2026-08-03 16:04:23.658179 [INFO] evse_manager:Ev  :: EVSE ISO V2G AuthorizationRes
2026-08-03 16:04:23.703498 [INFO] evse_manager:Ev  ::                                     CAR ISO V2G AuthorizationReq
2026-08-03 16:04:23.705880 [INFO] evse_manager:Ev  :: EVSE ISO V2G AuthorizationRes
2026-08-03 16:04:23.757802 [INFO] evse_manager:Ev  ::                                     CAR ISO V2G AuthorizationReq
2026-08-03 16:04:23.760999 [INFO] evse_manager:Ev  :: EVSE ISO V2G AuthorizationRes
2026-08-03 16:04:23.811601 [INFO] evse_manager:Ev  ::                                     CAR ISO V2G AuthorizationReq
2026-08-03 16:04:23.814236 [INFO] evse_manager:Ev  :: EVSE ISO V2G AuthorizationRes
2026-08-03 16:04:23.865261 [INFO] evse_manager:Ev  ::                                     CAR ISO V2G AuthorizationReq
2026-08-03 16:04:23.868867 [INFO] evse_manager:Ev  :: EVSE ISO V2G AuthorizationRes
2026-08-03 16:04:23.920433 [INFO] evse_manager:Ev  ::                                     CAR ISO V2G AuthorizationReq
2026-08-03 16:04:23.923781 [INFO] evse_manager:Ev  :: EVSE ISO V2G AuthorizationRes
2026-08-03 16:04:23.973946 [INFO] evse_manager:Ev  ::                                     CAR ISO V2G AuthorizationReq
2026-08-03 16:04:23.976975 [INFO] evse_manager:Ev  :: EVSE ISO V2G AuthorizationRes
2026-08-03 16:04:24.032432 [INFO] evse_manager:Ev  ::                                     CAR ISO V2G AuthorizationReq
2026-08-03 16:04:24.035964 [INFO] evse_manager:Ev  :: EVSE ISO V2G AuthorizationRes
2026-08-03 16:04:24.084497 [INFO] evse_manager:Ev  ::                                     CAR ISO V2G AuthorizationReq
2026-08-03 16:04:24.087241 [INFO] evse_manager:Ev  :: EVSE ISO V2G AuthorizationRes
2026-08-03 16:04:24.144391 [INFO] evse_manager:Ev  ::                                     CAR ISO V2G AuthorizationReq
2026-08-03 16:04:24.146975 [INFO] evse_manager:Ev  :: EVSE ISO V2G AuthorizationRes
2026-08-03 16:04:24.201064 [INFO] evse_manager:Ev  ::                                     CAR ISO V2G AuthorizationReq
2026-08-03 16:04:24.203799 [INFO] evse_manager:Ev  :: EVSE ISO V2G AuthorizationRes
2026-08-03 16:04:24.251634 [INFO] evse_manager:Ev  ::                                     CAR ISO V2G AuthorizationReq
2026-08-03 16:04:24.254589 [INFO] evse_manager:Ev  :: EVSE ISO V2G AuthorizationRes
2026-08-03 16:04:24.304787 [INFO] evse_manager:Ev  ::                                     CAR ISO V2G AuthorizationReq
2026-08-03 16:04:24.308250 [INFO] evse_manager:Ev  :: EVSE ISO V2G AuthorizationRes
2026-08-03 16:04:24.359421 [INFO] evse_manager:Ev  ::                                     CAR ISO V2G AuthorizationReq
2026-08-03 16:04:24.362814 [INFO] evse_manager:Ev  :: EVSE ISO V2G AuthorizationRes
2026-08-03 16:04:24.414019 [INFO] evse_manager:Ev  ::                                     CAR ISO V2G AuthorizationReq
2026-08-03 16:04:24.416741 [INFO] evse_manager:Ev  :: EVSE ISO V2G AuthorizationRes
2026-08-03 16:04:24.468296 [INFO] evse_manager:Ev  ::                                     CAR ISO V2G AuthorizationReq
2026-08-03 16:04:24.472142 [INFO] evse_manager:Ev  :: EVSE ISO V2G AuthorizationRes
2026-08-03 16:04:24.522991 [INFO] evse_manager:Ev  ::                                     CAR ISO V2G AuthorizationReq
2026-08-03 16:04:24.528318 [INFO] evse_manager:Ev  :: EVSE ISO V2G AuthorizationRes
2026-08-03 16:04:24.591272 [INFO] evse_manager:Ev  ::                                     CAR ISO V2G AuthorizationReq
2026-08-03 16:04:24.594628 [INFO] evse_manager:Ev  :: EVSE ISO V2G AuthorizationRes
2026-08-03 16:04:24.674556 [INFO] evse_manager:Ev  ::                                     CAR ISO V2G AuthorizationReq
2026-08-03 16:04:24.681050 [INFO] evse_manager:Ev  :: EVSE ISO V2G AuthorizationRes
2026-08-03 16:04:24.689633 [INFO] evse_manager:Ev  ::                                     CAR ISO V2G AuthorizationReq
2026-08-03 16:04:24.695967 [INFO] evse_manager:Ev  :: EVSE ISO V2G AuthorizationRes
2026-08-03 16:04:24.745569 [INFO] evse_manager:Ev  ::                                     CAR ISO V2G AuthorizationReq
2026-08-03 16:04:24.748163 [INFO] evse_manager:Ev  :: EVSE ISO V2G AuthorizationRes
2026-08-03 16:04:24.799281 [INFO] evse_manager:Ev  ::                                     CAR ISO V2G AuthorizationReq
2026-08-03 16:04:24.802203 [INFO] evse_manager:Ev  :: EVSE ISO V2G AuthorizationRes
2026-08-03 16:04:24.853370 [INFO] evse_manager:Ev  ::                                     CAR ISO V2G AuthorizationReq
2026-08-03 16:04:24.856365 [INFO] evse_manager:Ev  :: EVSE ISO V2G AuthorizationRes
2026-08-03 16:04:24.908581 [INFO] evse_manager:Ev  ::                                     CAR ISO V2G AuthorizationReq
2026-08-03 16:04:24.912360 [INFO] evse_manager:Ev  :: EVSE ISO V2G AuthorizationRes
2026-08-03 16:04:24.964034 [INFO] evse_manager:Ev  ::                                     CAR ISO V2G AuthorizationReq
2026-08-03 16:04:24.967381 [INFO] evse_manager:Ev  :: EVSE ISO V2G AuthorizationRes
2026-08-03 16:04:25.019130 [INFO] evse_manager:Ev  ::                                     CAR ISO V2G AuthorizationReq
2026-08-03 16:04:25.022504 [INFO] evse_manager:Ev  :: EVSE ISO V2G AuthorizationRes
2026-08-03 16:04:25.084428 [INFO] evse_manager:Ev  ::                                     CAR ISO V2G AuthorizationReq
2026-08-03 16:04:25.089626 [INFO] evse_manager:Ev  :: EVSE ISO V2G AuthorizationRes
2026-08-03 16:04:25.130960 [INFO] evse_manager:Ev  ::                                     CAR ISO V2G AuthorizationReq
2026-08-03 16:04:25.133923 [INFO] evse_manager:Ev  :: EVSE ISO V2G AuthorizationRes
2026-08-03 16:04:25.192712 [INFO] evse_manager:Ev  ::                                     CAR ISO V2G AuthorizationReq
2026-08-03 16:04:25.196231 [INFO] evse_manager:Ev  :: EVSE ISO V2G AuthorizationRes
2026-08-03 16:04:25.240900 [INFO] evse_manager:Ev  ::                                     CAR ISO V2G AuthorizationReq
2026-08-03 16:04:25.243872 [INFO] evse_manager:Ev  :: EVSE ISO V2G AuthorizationRes
2026-08-03 16:04:25.297552 [INFO] evse_manager:Ev  ::                                     CAR ISO V2G AuthorizationReq
2026-08-03 16:04:25.300708 [INFO] evse_manager:Ev  :: EVSE ISO V2G AuthorizationRes
2026-08-03 16:04:25.352879 [INFO] evse_manager:Ev  ::                                     CAR ISO V2G AuthorizationReq
2026-08-03 16:04:25.355724 [INFO] evse_manager:Ev  :: EVSE ISO V2G AuthorizationRes
2026-08-03 16:04:25.406645 [INFO] evse_manager:Ev  ::                                     CAR ISO V2G AuthorizationReq
2026-08-03 16:04:25.410084 [INFO] evse_manager:Ev  :: EVSE ISO V2G AuthorizationRes
2026-08-03 16:04:25.459905 [INFO] evse_manager:Ev  ::                                     CAR ISO V2G AuthorizationReq
2026-08-03 16:04:25.462856 [INFO] evse_manager:Ev  :: EVSE ISO V2G AuthorizationRes
2026-08-03 16:04:25.514528 [INFO] evse_manager:Ev  ::                                     CAR ISO V2G AuthorizationReq
2026-08-03 16:04:25.517976 [INFO] evse_manager:Ev  :: EVSE ISO V2G AuthorizationRes
2026-08-03 16:04:25.570182 [INFO] evse_manager:Ev  ::                                     CAR ISO V2G AuthorizationReq
2026-08-03 16:04:25.572944 [INFO] evse_manager:Ev  :: EVSE ISO V2G AuthorizationRes
2026-08-03 16:04:25.621360 [INFO] evse_manager:Ev  ::                                     CAR ISO V2G AuthorizationReq
2026-08-03 16:04:25.624221 [INFO] evse_manager:Ev  :: EVSE ISO V2G AuthorizationRes
2026-08-03 16:04:25.698166 [INFO] evse_manager:Ev  ::                                     CAR ISO V2G AuthorizationReq
2026-08-03 16:04:25.700704 [INFO] evse_manager:Ev  :: EVSE ISO V2G AuthorizationRes
2026-08-03 16:04:25.765473 [INFO] evse_manager:Ev  ::                                     CAR ISO V2G AuthorizationReq
2026-08-03 16:04:25.769781 [INFO] evse_manager:Ev  :: EVSE ISO V2G AuthorizationRes
2026-08-03 16:04:25.818979 [INFO] evse_manager:Ev  ::                                     CAR ISO V2G AuthorizationReq
2026-08-03 16:04:25.822689 [INFO] evse_manager:Ev  :: EVSE ISO V2G AuthorizationRes
2026-08-03 16:04:25.841684 [INFO] evse_manager:Ev  ::                                     CAR ISO V2G AuthorizationReq
2026-08-03 16:04:25.844006 [INFO] evse_manager:Ev  :: EVSE ISO V2G AuthorizationRes
2026-08-03 16:04:25.896014 [INFO] evse_manager:Ev  ::                                     CAR ISO V2G AuthorizationReq
2026-08-03 16:04:25.898573 [INFO] evse_manager:Ev  :: EVSE ISO V2G AuthorizationRes
2026-08-03 16:04:25.951514 [INFO] evse_manager:Ev  ::                                     CAR ISO V2G AuthorizationReq
2026-08-03 16:04:25.955518 [INFO] evse_manager:Ev  :: EVSE ISO V2G AuthorizationRes
2026-08-03 16:04:26.004623 [INFO] evse_manager:Ev  ::                                     CAR ISO V2G AuthorizationReq
2026-08-03 16:04:26.008080 [INFO] evse_manager:Ev  :: EVSE ISO V2G AuthorizationRes
2026-08-03 16:04:26.095838 [INFO] evse_manager:Ev  ::                                     CAR ISO V2G AuthorizationReq
2026-08-03 16:04:26.104626 [INFO] evse_manager:Ev  :: EVSE ISO V2G AuthorizationRes
2026-08-03 16:04:26.117806 [INFO] evse_manager:Ev  ::                                     CAR ISO V2G AuthorizationReq
2026-08-03 16:04:26.120734 [INFO] evse_manager:Ev  :: EVSE ISO V2G AuthorizationRes
2026-08-03 16:04:26.197744 [INFO] evse_manager:Ev  ::                                     CAR ISO V2G AuthorizationReq
2026-08-03 16:04:26.200346 [INFO] evse_manager:Ev  :: EVSE ISO V2G AuthorizationRes
2026-08-03 16:04:26.267870 [INFO] evse_manager:Ev  ::                                     CAR ISO V2G AuthorizationReq
2026-08-03 16:04:26.270583 [INFO] evse_manager:Ev  :: EVSE ISO V2G AuthorizationRes
2026-08-03 16:04:26.280791 [INFO] evse_manager:Ev  ::                                     CAR ISO V2G AuthorizationReq
2026-08-03 16:04:26.283329 [INFO] evse_manager:Ev  :: EVSE ISO V2G AuthorizationRes
2026-08-03 16:04:26.337528 [INFO] evse_manager:Ev  ::                                     CAR ISO V2G AuthorizationReq
2026-08-03 16:04:26.340593 [INFO] evse_manager:Ev  :: EVSE ISO V2G AuthorizationRes
2026-08-03 16:04:26.391486 [INFO] evse_manager:Ev  ::                                     CAR ISO V2G AuthorizationReq
2026-08-03 16:04:26.394670 [INFO] evse_manager:Ev  :: EVSE ISO V2G AuthorizationRes
2026-08-03 16:04:26.445869 [INFO] evse_manager:Ev  ::                                     CAR ISO V2G AuthorizationReq
2026-08-03 16:04:26.448523 [INFO] evse_manager:Ev  :: EVSE ISO V2G AuthorizationRes
2026-08-03 16:04:26.501307 [INFO] evse_manager:Ev  ::                                     CAR ISO V2G AuthorizationReq
2026-08-03 16:04:26.504174 [INFO] evse_manager:Ev  :: EVSE ISO V2G AuthorizationRes
2026-08-03 16:04:26.555699 [INFO] evse_manager:Ev  ::                                     CAR ISO V2G AuthorizationReq
2026-08-03 16:04:26.559053 [INFO] evse_manager:Ev  :: EVSE ISO V2G AuthorizationRes
2026-08-03 16:04:26.612474 [INFO] evse_manager:Ev  ::                                     CAR ISO V2G AuthorizationReq
2026-08-03 16:04:26.616489 [INFO] evse_manager:Ev  :: EVSE ISO V2G AuthorizationRes
2026-08-03 16:04:26.706691 [INFO] evse_manager:Ev  ::                                     CAR ISO V2G AuthorizationReq
2026-08-03 16:04:26.709809 [INFO] evse_manager:Ev  :: EVSE ISO V2G AuthorizationRes
2026-08-03 16:04:26.723275 [INFO] evse_manager:Ev  ::                                     CAR ISO V2G AuthorizationReq
2026-08-03 16:04:26.730299 [INFO] evse_manager:Ev  :: EVSE ISO V2G AuthorizationRes
2026-08-03 16:04:26.775941 [INFO] evse_manager:Ev  ::                                     CAR ISO V2G AuthorizationReq
2026-08-03 16:04:26.778869 [INFO] evse_manager:Ev  :: EVSE ISO V2G AuthorizationRes
2026-08-03 16:04:26.833257 [INFO] evse_manager:Ev  ::                                     CAR ISO V2G AuthorizationReq
2026-08-03 16:04:26.839752 [INFO] evse_manager:Ev  :: EVSE ISO V2G AuthorizationRes
2026-08-03 16:04:26.906906 [INFO] evse_manager:Ev  ::                                     CAR ISO V2G AuthorizationReq
2026-08-03 16:04:26.912634 [INFO] evse_manager:Ev  :: EVSE ISO V2G AuthorizationRes
2026-08-03 16:04:26.940815 [INFO] evse_manager:Ev  ::                                     CAR ISO V2G AuthorizationReq
2026-08-03 16:04:26.943137 [INFO] evse_manager:Ev  :: EVSE ISO V2G AuthorizationRes
2026-08-03 16:04:26.996393 [INFO] evse_manager:Ev  ::                                     CAR ISO V2G AuthorizationReq
2026-08-03 16:04:26.998949 [INFO] evse_manager:Ev  :: EVSE ISO V2G AuthorizationRes
2026-08-03 16:04:27.050632 [INFO] evse_manager:Ev  ::                                     CAR ISO V2G AuthorizationReq
2026-08-03 16:04:27.054007 [INFO] evse_manager:Ev  :: EVSE ISO V2G AuthorizationRes
2026-08-03 16:04:27.105729 [INFO] evse_manager:Ev  ::                                     CAR ISO V2G AuthorizationReq
2026-08-03 16:04:27.108733 [INFO] evse_manager:Ev  :: EVSE ISO V2G AuthorizationRes
2026-08-03 16:04:27.165470 [INFO] evse_manager:Ev  ::                                     CAR ISO V2G AuthorizationReq
2026-08-03 16:04:27.170151 [INFO] evse_manager:Ev  :: EVSE ISO V2G AuthorizationRes
2026-08-03 16:04:27.220903 [INFO] evse_manager:Ev  ::                                     CAR ISO V2G AuthorizationReq
2026-08-03 16:04:27.223738 [INFO] evse_manager:Ev  :: EVSE ISO V2G AuthorizationRes
2026-08-03 16:04:27.273511 [INFO] evse_manager:Ev  ::                                     CAR ISO V2G AuthorizationReq
2026-08-03 16:04:27.276262 [INFO] evse_manager:Ev  :: EVSE ISO V2G AuthorizationRes
2026-08-03 16:04:27.328234 [INFO] evse_manager:Ev  ::                                     CAR ISO V2G AuthorizationReq
2026-08-03 16:04:27.331084 [INFO] evse_manager:Ev  :: EVSE ISO V2G AuthorizationRes
2026-08-03 16:04:27.381831 [INFO] evse_manager:Ev  ::                                     CAR ISO V2G AuthorizationReq
2026-08-03 16:04:27.384432 [INFO] evse_manager:Ev  :: EVSE ISO V2G AuthorizationRes
2026-08-03 16:04:27.436477 [INFO] evse_manager:Ev  ::                                     CAR ISO V2G AuthorizationReq
2026-08-03 16:04:27.439305 [INFO] evse_manager:Ev  :: EVSE ISO V2G AuthorizationRes
2026-08-03 16:04:27.491360 [INFO] evse_manager:Ev  ::                                     CAR ISO V2G AuthorizationReq
2026-08-03 16:04:27.493984 [INFO] evse_manager:Ev  :: EVSE ISO V2G AuthorizationRes
2026-08-03 16:04:27.545586 [INFO] evse_manager:Ev  ::                                     CAR ISO V2G AuthorizationReq
2026-08-03 16:04:27.587073 [INFO] evse_manager:Ev  :: EVSE ISO V2G AuthorizationRes
2026-08-03 16:04:27.599711 [INFO] evse_manager:Ev  ::                                     CAR ISO V2G AuthorizationReq
2026-08-03 16:04:27.602611 [INFO] evse_manager:Ev  :: EVSE ISO V2G AuthorizationRes
2026-08-03 16:04:27.677451 [INFO] evse_manager:Ev  ::                                     CAR ISO V2G AuthorizationReq
2026-08-03 16:04:27.682367 [INFO] evse_manager:Ev  :: EVSE ISO V2G AuthorizationRes
2026-08-03 16:04:27.712929 [INFO] evse_manager:Ev  ::                                     CAR ISO V2G AuthorizationReq
2026-08-03 16:04:27.716692 [INFO] evse_manager:Ev  :: EVSE ISO V2G AuthorizationRes
2026-08-03 16:04:27.766800 [INFO] evse_manager:Ev  ::                                     CAR ISO V2G AuthorizationReq
2026-08-03 16:04:27.769620 [INFO] evse_manager:Ev  :: EVSE ISO V2G AuthorizationRes
2026-08-03 16:04:27.822266 [INFO] evse_manager:Ev  ::                                     CAR ISO V2G AuthorizationReq
2026-08-03 16:04:27.863240 [INFO] evse_manager:Ev  :: EVSE ISO V2G AuthorizationRes
2026-08-03 16:04:27.877063 [INFO] evse_manager:Ev  ::                                     CAR ISO V2G AuthorizationReq
2026-08-03 16:04:27.881541 [INFO] evse_manager:Ev  :: EVSE ISO V2G AuthorizationRes
2026-08-03 16:04:27.930479 [INFO] evse_manager:Ev  ::                                     CAR ISO V2G AuthorizationReq
2026-08-03 16:04:27.937671 [INFO] evse_manager:Ev  :: EVSE ISO V2G AuthorizationRes
2026-08-03 16:04:27.986070 [INFO] evse_manager:Ev  ::                                     CAR ISO V2G AuthorizationReq
2026-08-03 16:04:27.990634 [INFO] evse_manager:Ev  :: EVSE ISO V2G AuthorizationRes
2026-08-03 16:04:28.050548 [INFO] evse_manager:Ev  ::                                     CAR ISO V2G AuthorizationReq
2026-08-03 16:04:28.055937 [INFO] evse_manager:Ev  :: EVSE ISO V2G AuthorizationRes
2026-08-03 16:04:28.108683 [INFO] evse_manager:Ev  ::                                     CAR ISO V2G AuthorizationReq
2026-08-03 16:04:28.111526 [INFO] evse_manager:Ev  :: EVSE ISO V2G AuthorizationRes
2026-08-03 16:04:28.186681 [INFO] evse_manager:Ev  ::                                     CAR ISO V2G AuthorizationReq
2026-08-03 16:04:28.190939 [INFO] evse_manager:Ev  :: EVSE ISO V2G AuthorizationRes
2026-08-03 16:04:28.205626 [INFO] evse_manager:Ev  ::                                     CAR ISO V2G AuthorizationReq
2026-08-03 16:04:28.210772 [INFO] evse_manager:Ev  :: EVSE ISO V2G AuthorizationRes
2026-08-03 16:04:28.259014 [INFO] evse_manager:Ev  ::                                     CAR ISO V2G AuthorizationReq
2026-08-03 16:04:28.261793 [INFO] evse_manager:Ev  :: EVSE ISO V2G AuthorizationRes
2026-08-03 16:04:28.313892 [INFO] evse_manager:Ev  ::                                     CAR ISO V2G AuthorizationReq
2026-08-03 16:04:28.316858 [INFO] evse_manager:Ev  :: EVSE ISO V2G AuthorizationRes
2026-08-03 16:04:28.367247 [INFO] evse_manager:Ev  ::                                     CAR ISO V2G AuthorizationReq
2026-08-03 16:04:28.370231 [INFO] evse_manager:Ev  :: EVSE ISO V2G AuthorizationRes
2026-08-03 16:04:28.423846 [INFO] evse_manager:Ev  ::                                     CAR ISO V2G AuthorizationReq
2026-08-03 16:04:28.426927 [INFO] evse_manager:Ev  :: EVSE ISO V2G AuthorizationRes
2026-08-03 16:04:28.476897 [INFO] evse_manager:Ev  ::                                     CAR ISO V2G AuthorizationReq
2026-08-03 16:04:28.480468 [INFO] evse_manager:Ev  :: EVSE ISO V2G AuthorizationRes
2026-08-03 16:04:28.530547 [INFO] evse_manager:Ev  ::                                     CAR ISO V2G AuthorizationReq
2026-08-03 16:04:28.533830 [INFO] evse_manager:Ev  :: EVSE ISO V2G AuthorizationRes
2026-08-03 16:04:28.584980 [INFO] evse_manager:Ev  ::                                     CAR ISO V2G AuthorizationReq
2026-08-03 16:04:28.587448 [INFO] evse_manager:Ev  :: EVSE ISO V2G AuthorizationRes
2026-08-03 16:04:28.638515 [INFO] evse_manager:Ev  ::                                     CAR ISO V2G AuthorizationReq
2026-08-03 16:04:28.640915 [INFO] evse_manager:Ev  :: EVSE ISO V2G AuthorizationRes
2026-08-03 16:04:28.705676 [INFO] evse_manager:Ev  ::                                     CAR ISO V2G AuthorizationReq
2026-08-03 16:04:28.709699 [INFO] evse_manager:Ev  :: EVSE ISO V2G AuthorizationRes
2026-08-03 16:04:28.748218 [INFO] evse_manager:Ev  ::                                     CAR ISO V2G AuthorizationReq
2026-08-03 16:04:28.754727 [INFO] evse_manager:Ev  :: EVSE ISO V2G AuthorizationRes
2026-08-03 16:04:28.802817 [INFO] evse_manager:Ev  ::                                     CAR ISO V2G AuthorizationReq
2026-08-03 16:04:28.805410 [INFO] evse_manager:Ev  :: EVSE ISO V2G AuthorizationRes
2026-08-03 16:04:28.856440 [INFO] evse_manager:Ev  ::                                     CAR ISO V2G AuthorizationReq
2026-08-03 16:04:28.858922 [INFO] evse_manager:Ev  :: EVSE ISO V2G AuthorizationRes
2026-08-03 16:04:28.910091 [INFO] evse_manager:Ev  ::                                     CAR ISO V2G AuthorizationReq
2026-08-03 16:04:28.912734 [INFO] evse_manager:Ev  :: EVSE ISO V2G AuthorizationRes
2026-08-03 16:04:28.965714 [INFO] evse_manager:Ev  ::                                     CAR ISO V2G AuthorizationReq
2026-08-03 16:04:28.968202 [INFO] evse_manager:Ev  :: EVSE ISO V2G AuthorizationRes
2026-08-03 16:04:29.018947 [INFO] evse_manager:Ev  ::                                     CAR ISO V2G AuthorizationReq
2026-08-03 16:04:29.021965 [INFO] evse_manager:Ev  :: EVSE ISO V2G AuthorizationRes
2026-08-03 16:04:29.118162 [INFO] evse_manager:Ev  ::                                     CAR ISO V2G AuthorizationReq
2026-08-03 16:04:29.121689 [INFO] evse_manager:Ev  :: EVSE ISO V2G AuthorizationRes
2026-08-03 16:04:29.143020 [INFO] evse_manager:Ev  ::                                     CAR ISO V2G AuthorizationReq
2026-08-03 16:04:29.148525 [INFO] evse_manager:Ev  :: EVSE ISO V2G AuthorizationRes
2026-08-03 16:04:29.196875 [INFO] evse_manager:Ev  ::                                     CAR ISO V2G AuthorizationReq
2026-08-03 16:04:29.203493 [INFO] evse_manager:Ev  :: EVSE ISO V2G AuthorizationRes
2026-08-03 16:04:29.252246 [INFO] evse_manager:Ev  ::                                     CAR ISO V2G AuthorizationReq
2026-08-03 16:04:29.256798 [INFO] evse_manager:Ev  :: EVSE ISO V2G AuthorizationRes
2026-08-03 16:04:29.305799 [INFO] evse_manager:Ev  ::                                     CAR ISO V2G AuthorizationReq
2026-08-03 16:04:29.309043 [INFO] evse_manager:Ev  :: EVSE ISO V2G AuthorizationRes
2026-08-03 16:04:29.358786 [INFO] evse_manager:Ev  ::                                     CAR ISO V2G AuthorizationReq
2026-08-03 16:04:29.362199 [INFO] evse_manager:Ev  :: EVSE ISO V2G AuthorizationRes
2026-08-03 16:04:29.414091 [INFO] evse_manager:Ev  ::                                     CAR ISO V2G AuthorizationReq
2026-08-03 16:04:29.416698 [INFO] evse_manager:Ev  :: EVSE ISO V2G AuthorizationRes
2026-08-03 16:04:29.470016 [INFO] evse_manager:Ev  ::                                     CAR ISO V2G AuthorizationReq
2026-08-03 16:04:29.472670 [INFO] evse_manager:Ev  :: EVSE ISO V2G AuthorizationRes
2026-08-03 16:04:29.522577 [INFO] evse_manager:Ev  ::                                     CAR ISO V2G AuthorizationReq
2026-08-03 16:04:29.525566 [INFO] evse_manager:Ev  :: EVSE ISO V2G AuthorizationRes
2026-08-03 16:04:29.578082 [INFO] evse_manager:Ev  ::                                     CAR ISO V2G AuthorizationReq
2026-08-03 16:04:29.580425 [INFO] evse_manager:Ev  :: EVSE ISO V2G AuthorizationRes
2026-08-03 16:04:29.631524 [INFO] evse_manager:Ev  ::                                     CAR ISO V2G AuthorizationReq
2026-08-03 16:04:29.634674 [INFO] evse_manager:Ev  :: EVSE ISO V2G AuthorizationRes
2026-08-03 16:04:29.725863 [INFO] evse_manager:Ev  ::                                     CAR ISO V2G AuthorizationReq
2026-08-03 16:04:29.730541 [INFO] evse_manager:Ev  :: EVSE ISO V2G AuthorizationRes
2026-08-03 16:04:29.777785 [INFO] evse_manager:Ev  ::                                     CAR ISO V2G AuthorizationReq
2026-08-03 16:04:29.781348 [INFO] evse_manager:Ev  :: EVSE ISO V2G AuthorizationRes
2026-08-03 16:04:29.833232 [INFO] evse_manager:Ev  ::                                     CAR ISO V2G AuthorizationReq
2026-08-03 16:04:29.836357 [INFO] evse_manager:Ev  :: EVSE ISO V2G AuthorizationRes
2026-08-03 16:04:29.851081 [INFO] evse_manager:Ev  ::                                     CAR ISO V2G AuthorizationReq
2026-08-03 16:04:29.853810 [INFO] evse_manager:Ev  :: EVSE ISO V2G AuthorizationRes
2026-08-03 16:04:29.906242 [INFO] evse_manager:Ev  ::                                     CAR ISO V2G AuthorizationReq
2026-08-03 16:04:29.909562 [INFO] evse_manager:Ev  :: EVSE ISO V2G AuthorizationRes
2026-08-03 16:04:29.958763 [INFO] evse_manager:Ev  ::                                     CAR ISO V2G AuthorizationReq
2026-08-03 16:04:29.961520 [INFO] evse_manager:Ev  :: EVSE ISO V2G AuthorizationRes
2026-08-03 16:04:30.012953 [INFO] evse_manager:Ev  ::                                     CAR ISO V2G AuthorizationReq
2026-08-03 16:04:30.015904 [INFO] evse_manager:Ev  :: EVSE ISO V2G AuthorizationRes
2026-08-03 16:04:30.067712 [INFO] evse_manager:Ev  ::                                     CAR ISO V2G AuthorizationReq
2026-08-03 16:04:30.070956 [INFO] evse_manager:Ev  :: EVSE ISO V2G AuthorizationRes
2026-08-03 16:04:30.125929 [INFO] evse_manager:Ev  ::                                     CAR ISO V2G AuthorizationReq
2026-08-03 16:04:30.128654 [INFO] evse_manager:Ev  :: EVSE ISO V2G AuthorizationRes
2026-08-03 16:04:30.175792 [INFO] evse_manager:Ev  ::                                     CAR ISO V2G AuthorizationReq
2026-08-03 16:04:30.178660 [INFO] evse_manager:Ev  :: EVSE ISO V2G AuthorizationRes
2026-08-03 16:04:30.245331 [INFO] evse_manager:Ev  ::                                     CAR ISO V2G AuthorizationReq
2026-08-03 16:04:30.248616 [INFO] evse_manager:Ev  :: EVSE ISO V2G AuthorizationRes
2026-08-03 16:04:30.290506 [INFO] evse_manager:Ev  ::                                     CAR ISO V2G AuthorizationReq
2026-08-03 16:04:30.293339 [INFO] evse_manager:Ev  :: EVSE ISO V2G AuthorizationRes
2026-08-03 16:04:30.348700 [INFO] evse_manager:Ev  ::                                     CAR ISO V2G AuthorizationReq
2026-08-03 16:04:30.410307 [INFO] evse_manager:Ev  :: EVSE ISO V2G AuthorizationRes
2026-08-03 16:04:30.413467 [INFO] evse_manager:Ev  ::                                     CAR ISO V2G AuthorizationReq
2026-08-03 16:04:30.415406 [INFO] evse_manager:Ev  :: EVSE ISO V2G AuthorizationRes
2026-08-03 16:04:30.454867 [INFO] evse_manager:Ev  ::                                     CAR ISO V2G AuthorizationReq
2026-08-03 16:04:30.457381 [INFO] evse_manager:Ev  :: EVSE ISO V2G AuthorizationRes
2026-08-03 16:04:30.508747 [INFO] evse_manager:Ev  ::                                     CAR ISO V2G AuthorizationReq
2026-08-03 16:04:30.511612 [INFO] evse_manager:Ev  :: EVSE ISO V2G AuthorizationRes
2026-08-03 16:04:30.563246 [INFO] evse_manager:Ev  ::                                     CAR ISO V2G AuthorizationReq
2026-08-03 16:04:30.566590 [INFO] evse_manager:Ev  :: EVSE ISO V2G AuthorizationRes
2026-08-03 16:04:30.617146 [INFO] evse_manager:Ev  ::                                     CAR ISO V2G AuthorizationReq
2026-08-03 16:04:30.620776 [INFO] evse_manager:Ev  :: EVSE ISO V2G AuthorizationRes
2026-08-03 16:04:30.672941 [INFO] evse_manager:Ev  ::                                     CAR ISO V2G AuthorizationReq
2026-08-03 16:04:30.676017 [INFO] evse_manager:Ev  :: EVSE ISO V2G AuthorizationRes
2026-08-03 16:04:30.757283 [INFO] evse_manager:Ev  ::                                     CAR ISO V2G AuthorizationReq
2026-08-03 16:04:30.765497 [INFO] evse_manager:Ev  :: EVSE ISO V2G AuthorizationRes
2026-08-03 16:04:30.781439 [INFO] evse_manager:Ev  ::                                     CAR ISO V2G AuthorizationReq
2026-08-03 16:04:30.784274 [INFO] evse_manager:Ev  :: EVSE ISO V2G AuthorizationRes
2026-08-03 16:04:30.836254 [INFO] evse_manager:Ev  ::                                     CAR ISO V2G AuthorizationReq
2026-08-03 16:04:30.839204 [INFO] evse_manager:Ev  :: EVSE ISO V2G AuthorizationRes
2026-08-03 16:04:30.891502 [INFO] evse_manager:Ev  ::                                     CAR ISO V2G AuthorizationReq
2026-08-03 16:04:30.894783 [INFO] evse_manager:Ev  :: EVSE ISO V2G AuthorizationRes
2026-08-03 16:04:30.945923 [INFO] evse_manager:Ev  ::                                     CAR ISO V2G AuthorizationReq
2026-08-03 16:04:30.949086 [INFO] evse_manager:Ev  :: EVSE ISO V2G AuthorizationRes
2026-08-03 16:04:31.000246 [INFO] evse_manager:Ev  ::                                     CAR ISO V2G AuthorizationReq
2026-08-03 16:04:31.003494 [INFO] evse_manager:Ev  :: EVSE ISO V2G AuthorizationRes
2026-08-03 16:04:31.055650 [INFO] evse_manager:Ev  ::                                     CAR ISO V2G AuthorizationReq
2026-08-03 16:04:31.059527 [INFO] evse_manager:Ev  :: EVSE ISO V2G AuthorizationRes
2026-08-03 16:04:31.131979 [INFO] evse_manager:Ev  ::                                     CAR ISO V2G AuthorizationReq
2026-08-03 16:04:31.134244 [INFO] evse_manager:Ev  :: EVSE ISO V2G AuthorizationRes
2026-08-03 16:04:31.165265 [INFO] evse_manager:Ev  ::                                     CAR ISO V2G AuthorizationReq
2026-08-03 16:04:31.168140 [INFO] evse_manager:Ev  :: EVSE ISO V2G AuthorizationRes
2026-08-03 16:04:31.222612 [INFO] evse_manager:Ev  ::                                     CAR ISO V2G AuthorizationReq
2026-08-03 16:04:31.225579 [INFO] evse_manager:Ev  :: EVSE ISO V2G AuthorizationRes
2026-08-03 16:04:31.284268 [INFO] evse_manager:Ev  ::                                     CAR ISO V2G AuthorizationReq
2026-08-03 16:04:31.288586 [INFO] evse_manager:Ev  :: EVSE ISO V2G AuthorizationRes
2026-08-03 16:04:31.331591 [INFO] evse_manager:Ev  ::                                     CAR ISO V2G AuthorizationReq
2026-08-03 16:04:31.334031 [INFO] evse_manager:Ev  :: EVSE ISO V2G AuthorizationRes
2026-08-03 16:04:31.385536 [INFO] evse_manager:Ev  ::                                     CAR ISO V2G AuthorizationReq
2026-08-03 16:04:31.388457 [INFO] evse_manager:Ev  :: EVSE ISO V2G AuthorizationRes
2026-08-03 16:04:31.441593 [INFO] evse_manager:Ev  ::                                     CAR ISO V2G AuthorizationReq
2026-08-03 16:04:31.444357 [INFO] evse_manager:Ev  :: EVSE ISO V2G AuthorizationRes
2026-08-03 16:04:31.496567 [INFO] evse_manager:Ev  ::                                     CAR ISO V2G AuthorizationReq
2026-08-03 16:04:31.502989 [INFO] evse_manager:Ev  :: EVSE ISO V2G AuthorizationRes
2026-08-03 16:04:31.563224 [INFO] evse_manager:Ev  ::                                     CAR ISO V2G AuthorizationReq
2026-08-03 16:04:31.571426 [INFO] evse_manager:Ev  :: EVSE ISO V2G AuthorizationRes
2026-08-03 16:04:31.606236 [INFO] evse_manager:Ev  ::                                     CAR ISO V2G AuthorizationReq
2026-08-03 16:04:31.609317 [INFO] evse_manager:Ev  :: EVSE ISO V2G AuthorizationRes
2026-08-03 16:05:31.605309 [ERRO] iso15118_charge module::charger::ISO15118_chargerImpl::init()::<lambda(const iso15118::LogLevel&, const std::string&)> :: Sequence Timeout 40secs is reached. Stopping the session
2026-08-03 16:05:36.606422 [INFO] iso15118_charge  :: Closing TCP connection
2026-08-03 16:05:38.607159 [INFO] iso15118_charge  :: TCP connection closed gracefully
2026-08-03 16:05:38.607430 [INFO] iso15118_charge  :: Connection is closed
2026-08-03 16:05:38.612714 [INFO] evse_manager:Ev  :: EVSE ISO D-LINK_TERMINATE.req
2026-08-03 16:05:38.613686 [INFO] evse_manager:Ev  :: EVSE IEC Set PWM Off
2026-08-03 16:05:38.691932 [INFO] evse_manager:Ev  :: EVSE ISO SLAC UNMATCHED
2026-08-03 16:05:38.693404 [INFO] evse_manager:Ev  :: EVSE ISO D-LINK_READY (false)
2026-08-03 16:05:44.686951 [WARN] evse_manager:Ev std::queue<module::CPEvent> module::IECStateMachine::state_machine() :: Timeout of 6 seconds reached, EV did not go back to state B after PWM was switched off. Powering off under load.
