2026-08-05 05:09:07.462349 [[1;37mINFO[0m] [1;32mmanager        [0m [1;36m[0m [1;30m:[0m[1;32m[0m:   [0;1;35;95m_[0;1;31;91m__[0;1;33;93m__[0;1;32;92m__[0;1;36;96m_[0m      [0;1;31;91m_[0;1;33;93m_[0m                [0;1;36;96m_[0m   
2026-08-05 05:09:07.462585 [[1;37mINFO[0m] [1;32mmanager        [0m [1;36m[0m [1;30m:[0m[1;32m[0m:  [0;1;31;91m|[0m  [0;1;33;93m_[0;1;32;92m__[0;1;36;96m_\[0m [0;1;34;94m\[0m    [0;1;33;93m/[0m [0;1;32;92m/[0m               [0;1;34;94m|[0m [0;1;35;95m|[0m
2026-08-05 05:09:07.462596 [[1;37mINFO[0m] [1;32mmanager        [0m [1;36m[0m [1;30m:[0m[1;32m[0m:  [0;1;33;93m|[0m [0;1;32;92m|_[0;1;36;96m_[0m   [0;1;35;95m\[0m [0;1;31;91m\[0m  [0;1;33;93m/[0m [0;1;32;92m/[0;1;36;96m__[0m [0;1;34;94m_[0m [0;1;35;95m_[0;1;31;91m_[0m [0;1;33;93m__[0;1;32;92m_[0m  [0;1;36;96m_[0;1;34;94m__[0;1;35;95m|[0m [0;1;31;91m|_[0m
2026-08-05 05:09:07.462602 [[1;37mINFO[0m] [1;32mmanager        [0m [1;36m[0m [1;30m:[0m[1;32m[0m:  [0;1;32;92m|[0m  [0;1;36;96m_[0;1;34;94m_|[0m   [0;1;31;91m\[0m [0;1;33;93m\[0;1;32;92m/[0m [0;1;36;96m/[0m [0;1;34;94m_[0m [0;1;35;95m\[0m [0;1;31;91m'_[0;1;33;93m_/[0m [0;1;32;92m_[0m [0;1;36;96m\[0;1;34;94m/[0m [0;1;35;95m__[0;1;31;91m|[0m [0;1;33;93m__[0;1;32;92m|[0m
2026-08-05 05:09:07.462608 [[1;37mINFO[0m] [1;32mmanager        [0m [1;36m[0m [1;30m:[0m[1;32m[0m:  [0;1;36;96m|[0m [0;1;34;94m|_[0;1;35;95m__[0;1;31;91m_[0m   [0;1;32;92m\[0m  [0;1;36;96m/[0m  [0;1;35;95m__[0;1;31;91m/[0m [0;1;33;93m|[0m [0;1;32;92m|[0m  [0;1;36;96m_[0;1;34;94m_/[0;1;35;95m\_[0;1;31;91m_[0m [0;1;33;93m\[0m [0;1;32;92m|_[0m
2026-08-05 05:09:07.462614 [[1;37mINFO[0m] [1;32mmanager        [0m [1;36m[0m [1;30m:[0m[1;32m[0m:  [0;1;34;94m|_[0;1;35;95m__[0;1;31;91m__[0;1;33;93m_|[0m   [0;1;36;96m\[0;1;34;94m/[0m [0;1;35;95m\_[0;1;31;91m__[0;1;33;93m|_[0;1;32;92m|[0m  [0;1;36;96m\[0;1;34;94m__[0;1;35;95m_|[0;1;31;91m|_[0;1;33;93m__[0;1;32;92m/\[0;1;36;96m__[0;1;34;94m|[0m
2026-08-05 05:09:07.462620 [[1;37mINFO[0m] [1;32mmanager        [0m [1;36m[0m [1;30m:[0m[1;32m[0m: 
2026-08-05 05:09:07.462626 [[1;37mINFO[0m] [1;32mmanager        [0m [1;36m[0m [1;30m:[0m[1;32m[0m: everest-framework 0.25.0-dev 2026.02.1
2026-08-05 05:09:07.462632 [[1;37mINFO[0m] [1;32mmanager        [0m [1;36m[0m [1;30m:[0m[1;32m[0m: everest-core 2026.02.1-dev 2026.02.1
2026-08-05 05:09:07.462639 [[1;37mINFO[0m] [1;32mmanager        [0m [1;36m[0m [1;30m:[0m[1;32m[0m: 
2026-08-05 05:09:07.462646 [[1;37mINFO[0m] [1;32mmanager        [0m [1;36m[0m [1;30m:[0m[1;32m[0m: Using MQTT broker localhost:1883
2026-08-05 05:09:07.483452 [[1;37mINFO[0m] [1;32mmanager        [0m [1;36m[0m [1;30m:[0m[1;32m[0m: Boot mode is set to YamlFile, loading module configs from YAML file
2026-08-05 05:09:07.483512 [[1;37mINFO[0m] [1;32mmanager        [0m [1;36m[0m [1;30m:[0m[1;32m[0m: Loading config file at: /home/ahzf/everest/configs-ours/config-mux-ours.yaml
2026-08-05 05:09:07.656985 [[1;37mINFO[0m] [1;32mmanager        [0m [1;36m[0m [1;30m:[0m[1;32m[0m: Config loading completed in 194ms
2026-08-05 05:09:07.659295 [[1;37mINFO[0m] [1;32mmanager        [0m [1;36m[0m [1;30m:[0m[1;32m[0m: Starting 19 modules
2026-08-05 05:09:09.926852 [[1;37mINFO[0m] [1;32mapi:API        [0m [1;36m[0m [1;30m:[0m[1;32m[0m: Module [1m[34mapi[0m initialized [2242ms]
2026-08-05 05:09:09.942680 [[1;37mINFO[0m] [1;32menergy_manager:[0m [1;36m[0m [1;30m:[0m[1;32m[0m: Module [1m[34menergy_manager[0m initialized [2258ms]
2026-08-05 05:09:09.954348 [[1;37mINFO[0m] [1;32mimd:IMDSimulato[0m [1;36m[0m [1;30m:[0m[1;32m[0m: Module [1m[34mimd[0m initialized [2257ms]
2026-08-05 05:09:09.954823 [[1;37mINFO[0m] [1;32mev_api:EvAPI   [0m [1;36m[0m [1;30m:[0m[1;32m[0m: Module [1m[34mev_api[0m initialized [2265ms]
2026-08-05 05:09:09.955388 [[1;37mINFO[0m] [1;32mgrid_connection[0m [1;36m[0m [1;30m:[0m[1;32m[0m: Module [1m[34mgrid_connection_point[0m initialized [2262ms]
2026-08-05 05:09:09.956130 [[1;37mINFO[0m] [1;32merror_history:E[0m [1;36m[0m [1;30m:[0m[1;32m[0m: Using database at "/tmp/error_history.db"
2026-08-05 05:09:09.956247 [[1;37mINFO[0m] [1;32merror_history:E[0m [1;36m[0m [1;30m:[0m[1;32m[0m: Checking database
2026-08-05 05:09:09.957284 [[1;37mINFO[0m] [1;32merror_history:E[0m [1;36m[0m [1;30m:[0m[1;32m[0m: Module [1m[34merror_history[0m initialized [2271ms]
2026-08-05 05:09:09.957546 [[1;37mINFO[0m] [1;32mauth:Auth      [0m [1;36m[0m [1;30m:[0m[1;32m[0m: Module [1m[34mauth[0m initialized [2272ms]
2026-08-05 05:09:09.967517 [[1;37mINFO[0m] [1;32mtoken_validator[0m [1;36m[0m [1;30m:[0m[1;32m[0m: Module [1m[34mtoken_validator[0m initialized [2260ms]
2026-08-05 05:09:09.968265 [[1;37mINFO[0m] [1;32mpowersupply_dc:[0m [1;36m[0m [1;30m:[0m[1;32m[0m: Module [1m[34mpowersupply_dc[0m initialized [2265ms]
2026-08-05 05:09:09.969991 [[1;37mINFO[0m] [1;32mevse_security:E[0m [1;36m[0m [1;30m:[0m[1;32m[0m: Module [1m[34mevse_security[0m initialized [2275ms]
2026-08-05 05:09:09.970076 [[1;37mINFO[0m] [1;32mslac:SlacSimula[0m [1;36m[0m [1;30m:[0m[1;32m[0m: Module [1m[34mslac[0m initialized [2265ms]
2026-08-05 05:09:09.970192 [[1;37mINFO[0m] [1;32mtoken_provider:[0m [1;36m[0m [1;30m:[0m[1;32m[0m: Module [1m[34mtoken_provider[0m initialized [2262ms]
2026-08-05 05:09:09.971630 [[1;37mINFO[0m] [1;32miso15118_2:Evse[0m [1;36m[0m [1;30m:[0m[1;32m[0m: Module [1m[34miso15118_2[0m initialized [2273ms]
2026-08-05 05:09:09.992035 [[1;37mINFO[0m] [1;32myeti_driver:Yet[0m [1;36m[0m [1;30m:[0m[1;32m[0m: Module [1m[34myeti_driver[0m initialized [2283ms]
2026-08-05 05:09:09.992461 [[1;37mINFO[0m] [1;32mev_manager:EvMa[0m [1;36m[0m [1;30m:[0m[1;32m[0m: Module [1m[34mev_manager[0m initialized [2302ms]
2026-08-05 05:09:09.992918 [[1;37mINFO[0m] [1;32miso15118_20:Evs[0m [1;36m[0m [1;30m:[0m[1;32m[0m: Module [1m[34miso15118_20[0m initialized [2293ms]
2026-08-05 05:09:09.995853 [[1;37mINFO[0m] [1;32miso_mux:IsoMux [0m [1;36m[0m [1;30m:[0m[1;32m[0m: Module [1m[34miso_mux[0m initialized [2293ms]
2026-08-05 05:09:10.004412 [[1;37mINFO[0m] [1;32mevse_manager:Ev[0m [1;36m[0m [1;30m:[0m[1;32m[0m: Module [1m[34mevse_manager[0m initialized [2309ms]
2026-08-05 05:09:10.350028 [[1;37mINFO[0m] [1;32miso15118_car   [0m [1;36m[0m [1;30m:[0m[1;32m[0m: Module [1m[34miso15118_car[0m initialized [2277ms]
2026-08-05 05:09:10.350706 [[1;37mINFO[0m] [1;32mmanager        [0m [1;36m[0m [1;30m:[0m[1;32m[0m: Clearing retained topics published by manager during startup
2026-08-05 05:09:10.352162 [[1;37mINFO[0m] [1;32mmanager        [0m [1;36m[0m [1;30m:[0m[1;32m[0m: [1m[32m🚙🚙🚙 All modules are initialized. EVerest up and running [2895ms] 🚙🚙🚙[0m


2026-08-05 05:09:10.353688 [[1;37mINFO[0m] [1;32miso_mux:IsoMux [0m [1;36m[0m [1;30m:[0m[1;32m[0m: TCP server on eth0 is listening on port [fe80::215:5dff:feca:a645%2]:61342
2026-08-05 05:09:10.353735 [[1;37mINFO[0m] [1;32miso15118_2:Evse[0m [1;36m[0m [1;30m:[0m[1;32m[0m: TCP server on lo is listening on port [::1%0]:61341

2026-08-05 05:09:10.353790 [[1;37mINFO[0m] [1;32miso_mux:IsoMux [0m [1;36m[0m [1;30m:[0m[1;32m[0m: TLS server on eth0 is listening on port [fe80::215:5dff:feca:a645%2]:64110

2026-08-05 05:09:10.353853 [[1;37mINFO[0m] [1;32miso15118_2:Evse[0m [1;36m[0m [1;30m:[0m[1;32m[0m: TLS server on lo is listening on port [::1%0]:64109
2026-08-05 05:09:10.397801 [[1;37mINFO[0m] [1;32mevse_security:E[0m [1;36m[0m [1;30m:[0m[1;32m[0m: Requesting leaf certificate info: V2G
2026-08-05 05:09:10.398897 [[1;33mWARN[0m] [1;32miso15118_20:Evs[0m [1;36mvirtual void module::charger::ISO15118_chargerImpl::handle_session_setup(std::vector<types::iso15118::PaymentOption>&, bool&, bool&)[0m [1;30m:[0m[1;32m[0m: Currently Plug&Charge is not supported and ignored
2026-08-05 05:09:10.402059 [[1;37mINFO[0m] [1;32mevse_security:E[0m [1;36m[0m [1;30m:[0m[1;32m[0m: Found valid leaf: ["/home/ahzf/everest/dist/etc/everest/certs/client/cso/CPO_CERT_CHAIN.pem"]
2026-08-05 05:09:10.402353 [[1;37mINFO[0m] [1;32mevse_security:E[0m [1;36m[0m [1;30m:[0m[1;32m[0m: Found valid leaf: ["/home/ahzf/everest/dist/etc/everest/certs/client/cso/SECC_LEAF.pem"]
2026-08-05 05:09:10.428661 [[1;37mINFO[0m] [1;32mevse_security:E[0m [1;36m[0m [1;30m:[0m[1;32m[0m: Requesting leaf certificate info: V2G
2026-08-05 05:09:10.429855 [[1;37mINFO[0m] [1;32mevse_security:E[0m [1;36m[0m [1;30m:[0m[1;32m[0m: Found valid leaf: ["/home/ahzf/everest/dist/etc/everest/certs/client/cso/CPO_CERT_CHAIN.pem"]
2026-08-05 05:09:10.429904 [[1;37mINFO[0m] [1;32mevse_security:E[0m [1;36m[0m [1;30m:[0m[1;32m[0m: Not requiring all valid leafs, returning
2026-08-05 05:09:10.449384 [[1;33mWARN[0m] [1;32miso15118_2:Evse[0m [1;36mvoid {anonymous}::log_handler(openssl::log_level_t, const std::string&)[0m [1;30m:[0m[1;32m[0m: <n> certificates != <n> OCSP responses
2026-08-05 05:09:10.449674 [[1;33mWARN[0m] [1;32miso_mux:IsoMux [0m [1;36mvoid {anonymous}::log_handler(openssl::log_level_t, const std::string&)[0m [1;30m:[0m[1;32m[0m: <n> certificates != <n> OCSP responses
2026-08-05 05:09:10.449758 [[1;33mWARN[0m] [1;32miso_mux:IsoMux [0m [1;36mvoid {anonymous}::log_handler(openssl::log_level_t, const std::string&)[0m [1;30m:[0m[1;32m[0m: No trust anchors for certificate: C:DE CN:SECCCert DC:CPO O:EVerest
2026-08-05 05:09:10.449801 [[1;33mWARN[0m] [1;32miso_mux:IsoMux [0m [1;36mvoid {anonymous}::log_handler(openssl::log_level_t, const std::string&)[0m [1;30m:[0m[1;32m[0m: trusted_ca_keys support disabled

2026-08-05 05:09:10.460192 [[1;37mINFO[0m] [1;32miso_mux:IsoMux [0m [1;36m[0m [1;30m:[0m[1;32m[0m: SDP socket setup succeeded
2026-08-05 05:09:10.498787 [[1;33mWARN[0m] [1;32mauth:Auth      [0m [1;36mvoid module::ReservationHandler::load_reservations()[0m [1;30m:[0m[1;32m[0m: Can not load reservations because no storage was configured.
2026-08-05 05:09:10.889295 [[1;37mINFO[0m] [1;32mevse_manager:Ev[0m [1;36m[0m [1;30m:[0m[1;32m[0m: Ignoring BSP Event, BSP is not enabled yet.

2026-08-05 05:09:11.026736 [[1;37mINFO[0m] [1;32miso15118_2:Evse[0m [1;36m[0m [1;30m:[0m[1;32m[0m: Ignoring bidirectional SupportedEnergyTransferMode
2026-08-05 05:09:11.756227 [[1;37mINFO[0m] [1;32mevse_security:E[0m [1;36m[0m [1;30m:[0m[1;32m[0m: Requesting leaf certificate info: V2G
2026-08-05 05:09:11.757221 [[1;37mINFO[0m] [1;32mevse_security:E[0m [1;36m[0m [1;30m:[0m[1;32m[0m: Found valid leaf: ["/home/ahzf/everest/dist/etc/everest/certs/client/cso/CPO_CERT_CHAIN.pem"]
2026-08-05 05:09:11.757252 [[1;37mINFO[0m] [1;32mevse_security:E[0m [1;36m[0m [1;30m:[0m[1;32m[0m: Not requiring all valid leafs, returning
2026-08-05 05:09:11.841589 [[1;37mINFO[0m] [1;32mevse_security:E[0m [1;36m[0m [1;30m:[0m[1;32m[0m: Requesting certificate file: [V2G] file:"/home/ahzf/everest/dist/etc/everest/certs/ca/v2g/V2G_ROOT_CA.pem"
2026-08-05 05:09:11.886403 [[1;37mINFO[0m] [1;32mevse_security:E[0m [1;36m[0m [1;30m:[0m[1;32m[0m: Requesting certificate file: [MO] file:"/home/ahzf/everest/dist/etc/everest/certs/ca/mo/MO_ROOT_CA.pem"

2026-08-05 05:09:11.922258 [[1;37mINFO[0m] [1;32miso15118_2:Evse[0m [1;36m[0m [1;30m:[0m[1;32m[0m: Ignoring bidirectional SupportedEnergyTransferMode
2026-08-05 05:09:11.929528 [[1;37mINFO[0m] [1;32miso15118_20:Evs[0m [1;36m[0m [1;30m:[0m[1;32m[0m: Using ethernet interface: lo
2026-08-05 05:09:11.929749 [[1;33mWARN[0m] [1;32miso15118_20:Evs[0m [1;36mmodule::charger::ISO15118_chargerImpl::init()::<lambda(const iso15118::LogLevel&, const std::string&)>[0m [1;30m:[0m[1;32m[0m: The supported energy services contain DC_BPT or MCS_BPT, but dc limits does not contain BPT limits. This can lead to session shutdowns.
2026-08-05 05:09:11.931302 [[1;37mINFO[0m] [1;32miso15118_20:Evs[0m [1;36m[0m [1;30m:[0m[1;32m[0m: Created logfile at: /mnt/d/Coding/OpenChargingCloud/ISO15118ConformanceTests/./260805_03-09-11.yaml
2026-08-05 05:09:12.730592 [[1;37mINFO[0m] [1;32mevse_manager:Ev[0m [1;36m[0m [1;30m:[0m[1;32m[0m: Cleaning up any other transaction on start up
2026-08-05 05:09:12.911559 [[1;37mINFO[0m] [1;32mevse_manager:Ev[0m [1;36m[0m [1;30m:[0m[1;32m[0m: [1m[32m🌀🌀🌀 Ready to start charging 🌀🌀🌀[0m
2026-08-05 05:09:13.002408 [[1;33mWARN[0m] [1;32mapi:API        [0m [1;36mvoid module::API::ready()[0m [1;30m:[0m[1;32m[0m: No evse energy sink configured for evse_id: 1. API module does therefore not allow control of amps or power limits for this EVSE
2026-08-05 05:09:40.385264 [[1;37mINFO[0m] [1;32mev_manager:EvMa[0m [1;36m[0m [1;30m:[0m[1;32m[0m: Finished simulation.
2026-08-05 05:09:47.273592 [[1;33mWARN[0m] [1;32miso15118_20:Evs[0m [1;36mvirtual void module::charger::ISO15118_chargerImpl::handle_session_setup(std::vector<types::iso15118::PaymentOption>&, bool&, bool&)[0m [1;30m:[0m[1;32m[0m: Currently Plug&Charge is not supported and ignored
2026-08-05 05:09:47.370659 [[1;37mINFO[0m] [1;32mevse_manager:Ev[0m [1;36m[0m [1;30m:[0m[1;32m[0m: SYS  Session logging started.
2026-08-05 05:09:47.370822 [[1;37mINFO[0m] [1;32mevse_manager:Ev[0m [1;36m[0m [1;30m:[0m[1;32m[0m: [1;34mEVSE IEC Session Started: EVConnected[1;0m
2026-08-05 05:09:47.371829 [[1;37mINFO[0m] [1;32mauth:Auth      [0m [1;36m[0m [1;30m:[0m[1;32m[0m: Plug In event for evse#1, starting auth
2026-08-05 05:09:47.371972 [[1;37mINFO[0m] [1;32mtoken_provider:[0m [1;36m[0m [1;30m:[0m[1;32m[0m: Publishing new dummy token: {
    "authorization_type": "RFID",
    "id_token": {
        "type": "ISO14443",
        "value": "[redacted] hash: CE55F71752B68164"
    },
    "parent_id_token": {
        "type": "ISO14443",
        "value": "[redacted] hash: CE55F71752B68164"
    }
}
2026-08-05 05:09:47.372786 [[1;37mINFO[0m] [1;32mauth:Auth      [0m [1;36m[0m [1;30m:[0m[1;32m[0m: Received new token: {
    "authorization_type": "RFID",
    "id_token": {
        "type": "ISO14443",
        "value": "[redacted] hash: CE55F71752B68164"
    },
    "parent_id_token": {
        "type": "ISO14443",
        "value": "[redacted] hash: CE55F71752B68164"
    }
}
2026-08-05 05:09:47.373928 [[1;37mINFO[0m] [1;32mtoken_validator[0m [1;36m[0m [1;30m:[0m[1;32m[0m: Got validation request for token: [redacted] hash: CE55F71752B68164
2026-08-05 05:09:47.624115 [[1;37mINFO[0m] [1;32mtoken_validator[0m [1;36m[0m [1;30m:[0m[1;32m[0m: Returning validation status: Accepted
2026-08-05 05:09:47.625429 [[1;37mINFO[0m] [1;32mauth:Auth      [0m [1;36m[0m [1;30m:[0m[1;32m[0m: Providing authorization to evse#1
2026-08-05 05:09:47.871739 [[1;37mINFO[0m] [1;32mevse_manager:Ev[0m [1;36m[0m [1;30m:[0m[1;32m[0m: [1;34mEVSE IEC Set PWM On (5.0%) took 0 ms[1;0m
2026-08-05 05:09:48.013688 [[1;37mINFO[0m] [1;32mevse_manager:Ev[0m [1;36m[0m [1;30m:[0m[1;32m[0m: [1;34mEVSE IEC EIM Authorization received[1;0m
2026-08-05 05:09:48.015293 [[1;37mINFO[0m] [1;32mauth:Auth      [0m [1;36m[0m [1;30m:[0m[1;32m[0m: Result for token: [redacted] hash: CE55F71752B68164: USED_TO_START_TRANSACTION
2026-08-05 05:09:48.091126 [[1;37mINFO[0m] [1;32mevse_manager:Ev[0m [1;36m[0m [1;30m:[0m[1;32m[0m: [1;34mEVSE IEC Transaction Started (0 kWh)[1;0m
2026-08-05 05:09:48.091878 [[1;37mINFO[0m] [1;32mevse_manager:Ev[0m [1;36m[0m [1;30m:[0m[1;32m[0m: [1;34mEVSE IEC DC mode. We are in 5percent mode so we can continue without further action.[1;0m
2026-08-05 05:09:48.092024 [[1;37mINFO[0m] [1;32mevse_manager:Ev[0m [1;36m[0m [1;30m:[0m[1;32m[0m: [1;34mEVSE IEC Charger state: Wait for Auth->PrepareCharging[1;0m
2026-08-05 05:09:49.161352 [[1;37mINFO[0m] [1;32mevse_manager:Ev[0m [1;36m[0m [1;30m:[0m[1;32m[0m: [1;34mEVSE ISO D-LINK_READY (true)[1;0m
2026-08-05 05:09:49.161352 [[1;37mINFO[0m] [1;32mevse_manager:Ev[0m [1;36m[0m [1;30m:[0m[1;32m[0m: [1;34mEVSE ISO SLAC MATCHED[1;0m
2026-08-05 05:09:49.785609 [[1;37mINFO[0m] [1;32mevse_manager:Ev[0m [1;36m[0m [1;30m:[0m[1;32m[0m:                                     [1;33mCAR IEC Event CarRequestedPower[1;0m

2026-08-05 05:09:59.399978 [[1;37mINFO[0m] [1;32miso_mux:IsoMux [0m [1;36m[0m [1;30m:[0m[1;32m[0m: Incoming connection on eth0 from [a00:9e1a:0:0:fe80::]:40474

2026-08-05 05:09:59.405999 [[1;37mINFO[0m] [1;32miso_mux:IsoMux [0m [1;36m[0m [1;30m:[0m[1;32m[0m: Handling SupportedAppProtocolReq

2026-08-05 05:09:59.406066 [[1;37mINFO[0m] [1;32miso_mux:IsoMux [0m [1;36m[0m [1;30m:[0m[1;32m[0m: handshake_req: Namespace: urn:iso:15118:2:2013:MsgDef, Version: 2.0, SchemaID: 1, Priority: 1
2026-08-05 05:09:59.406362 [[1;37mINFO[0m] [1;32miso_mux:IsoMux [0m [1;36m[0m [1;30m:[0m[1;32m[0m: Connected to proxy module for ISO-2/DIN

2026-08-05 05:09:59.406384 [[1;37mINFO[0m] [1;32miso_mux:IsoMux [0m [1;36m[0m [1;30m:[0m[1;32m[0m: Multiplexer: Proxy TCP->TCP

2026-08-05 05:09:59.406415 [[1;37mINFO[0m] [1;32miso15118_2:Evse[0m [1;36m[0m [1;30m:[0m[1;32m[0m: Incoming connection on lo from [a00:b6f0::]:46832

2026-08-05 05:09:59.406669 [[1;37mINFO[0m] [1;32miso15118_2:Evse[0m [1;36m[0m [1;30m:[0m[1;32m[0m: Started new TCP connection thread

2026-08-05 05:09:59.406720 [[1;37mINFO[0m] [1;32miso15118_2:Evse[0m [1;36m[0m [1;30m:[0m[1;32m[0m: Handling SupportedAppProtocolReq

2026-08-05 05:09:59.407083 [[1;37mINFO[0m] [1;32miso15118_2:Evse[0m [1;36m[0m [1;30m:[0m[1;32m[0m: Protocol negotiation was successful. Selected protocol is ISO15118
2026-08-05 05:09:59.408772 [[1;37mINFO[0m] [1;32mevse_manager:Ev[0m [1;36m[0m [1;30m:[0m[1;32m[0m:                                     [1;33mCAR ISO V2G SupportedAppProtocolReq[1;0m

2026-08-05 05:09:59.422003 [[1;37mINFO[0m] [1;32miso15118_2:Evse[0m [1;36m[0m [1;30m:[0m[1;32m[0m: SessionSetupReq.EVCCID: AB:CD:EF:01:02:03

2026-08-05 05:09:59.422094 [[1;37mINFO[0m] [1;32miso15118_2:Evse[0m [1;36m[0m [1;30m:[0m[1;32m[0m: No session_id found or not equal to the id from the preceding v2g session. Generating random session id.

2026-08-05 05:09:59.422103 [[1;37mINFO[0m] [1;32miso15118_2:Evse[0m [1;36m[0m [1;30m:[0m[1;32m[0m: Created new session with id 0x4735e01b86e767c3
2026-08-05 05:09:59.450564 [[1;37mINFO[0m] [1;32mevse_manager:Ev[0m [1;36m[0m [1;30m:[0m[1;32m[0m: [1;34mEVSE ISO V2G SupportedAppProtocolRes[1;0m
2026-08-05 05:09:59.494515 [[1;37mINFO[0m] [1;32mevse_manager:Ev[0m [1;36m[0m [1;30m:[0m[1;32m[0m:                                     [1;33mCAR ISO V2G SessionSetupReq[1;0m
2026-08-05 05:09:59.625392 [[1;37mINFO[0m] [1;32mevse_manager:Ev[0m [1;36m[0m [1;30m:[0m[1;32m[0m: [1;34mEVSE ISO V2G SessionSetupRes[1;0m

2026-08-05 05:09:59.634204 [[1;37mINFO[0m] [1;32miso15118_2:Evse[0m [1;36m[0m [1;30m:[0m[1;32m[0m: SelectedPaymentOption: ExternalPayment
2026-08-05 05:09:59.669392 [[1;37mINFO[0m] [1;32mevse_manager:Ev[0m [1;36m[0m [1;30m:[0m[1;32m[0m:                                     [1;33mCAR ISO V2G ServiceDiscoveryReq[1;0m
2026-08-05 05:09:59.669704 [[1;37mINFO[0m] [1;32mevse_manager:Ev[0m [1;36m[0m [1;30m:[0m[1;32m[0m: [1;34mEVSE ISO V2G ServiceDiscoveryRes[1;0m
2026-08-05 05:09:59.674088 [[1;37mINFO[0m] [1;32mevse_manager:Ev[0m [1;36m[0m [1;30m:[0m[1;32m[0m:                                     [1;33mCAR ISO V2G PaymentServiceSelectionReq[1;0m
2026-08-05 05:09:59.734591 [[1;37mINFO[0m] [1;32mevse_manager:Ev[0m [1;36m[0m [1;30m:[0m[1;32m[0m: [1;34mEVSE ISO V2G PaymentServiceSelectionRes[1;0m
2026-08-05 05:09:59.782369 [[1;37mINFO[0m] [1;32mevse_manager:Ev[0m [1;36m[0m [1;30m:[0m[1;32m[0m:                                     [1;33mCAR ISO V2G AuthorizationReq[1;0m
2026-08-05 05:09:59.889335 [[1;37mINFO[0m] [1;32mevse_manager:Ev[0m [1;36m[0m [1;30m:[0m[1;32m[0m: [1;34mEVSE ISO V2G AuthorizationRes[1;0m
2026-08-05 05:09:59.918337 [[1;37mINFO[0m] [1;32mevse_manager:Ev[0m [1;36m[0m [1;30m:[0m[1;32m[0m:                                     [1;33mCAR ISO V2G AuthorizationReq[1;0m

2026-08-05 05:10:00.001094 [[1;37mINFO[0m] [1;32miso15118_2:Evse[0m [1;36m[0m [1;30m:[0m[1;32m[0m: Parameter-phase started

2026-08-05 05:10:00.001914 [[1;37mINFO[0m] [1;32miso15118_2:Evse[0m [1;36m[0m [1;30m:[0m[1;32m[0m: Selected energy transfer mode: DC_extended
2026-08-05 05:10:00.049580 [[1;37mINFO[0m] [1;32mevse_manager:Ev[0m [1;36m[0m [1;30m:[0m[1;32m[0m: [1;34mEVSE ISO V2G AuthorizationRes[1;0m
2026-08-05 05:10:00.093215 [[1;37mINFO[0m] [1;32mevse_manager:Ev[0m [1;36m[0m [1;30m:[0m[1;32m[0m: Received EV maximum limits: {
    "dc_ev_maximum_current_limit": 200.0,
    "dc_ev_maximum_voltage_limit": 500.0
}
2026-08-05 05:10:00.189376 [[1;37mINFO[0m] [1;32mevse_manager:Ev[0m [1;36m[0m [1;30m:[0m[1;32m[0m:                                     [1;33mCAR ISO V2G ChargeParameterDiscoveryReq[1;0m
2026-08-05 05:10:00.189507 [[1;37mINFO[0m] [1;32mevse_manager:Ev[0m [1;36m[0m [1;30m:[0m[1;32m[0m: [1;34mEVSE ISO Start cable check...[1;0m
2026-08-05 05:10:00.189618 [[1;37mINFO[0m] [1;32mevse_manager:Ev[0m [1;36m[0m [1;30m:[0m[1;32m[0m:                                     [1;33mCAR ISO DC HLC Close contactor (in CableCheck)[1;0m
2026-08-05 05:10:00.189648 [[1;37mINFO[0m] [1;32mevse_manager:Ev[0m [1;36m[0m [1;30m:[0m[1;32m[0m: [1;34mEVSE ISO V2G ChargeParameterDiscoveryRes[1;0m
2026-08-05 05:10:00.245600 [[1;37mINFO[0m] [1;32mevse_manager:Ev[0m [1;36m[0m [1;30m:[0m[1;32m[0m:                                     [1;33mCAR ISO V2G CableCheckReq[1;0m
2026-08-05 05:10:00.245983 [[1;37mINFO[0m] [1;32mevse_manager:Ev[0m [1;36m[0m [1;30m:[0m[1;32m[0m: [1;34mEVSE ISO V2G CableCheckRes[1;0m
2026-08-05 05:10:00.274540 [[1;37mINFO[0m] [1;32mevse_manager:Ev[0m [1;36m[0m [1;30m:[0m[1;32m[0m:                                     [1;33mCAR ISO V2G CableCheckReq[1;0m
2026-08-05 05:10:00.348172 [[1;37mINFO[0m] [1;32mevse_manager:Ev[0m [1;36m[0m [1;30m:[0m[1;32m[0m: [1;34mEVSE IEC Event PowerOn[1;0m
2026-08-05 05:10:00.389989 [[1;37mINFO[0m] [1;32mevse_manager:Ev[0m [1;36m[0m [1;30m:[0m[1;32m[0m: EV reports 500 V as maximum voltage
2026-08-05 05:10:00.390203 [[1;37mINFO[0m] [1;32mevse_manager:Ev[0m [1;36m[0m [1;30m:[0m[1;32m[0m: [1;34mEVSE IEC DC power supply set: 500.00V/2.00A, requested was 500.00V/2.00A.[1;0m
2026-08-05 05:10:00.433566 [[1;37mINFO[0m] [1;32mevse_manager:Ev[0m [1;36m[0m [1;30m:[0m[1;32m[0m: [1;34mEVSE ISO V2G CableCheckRes[1;0m
2026-08-05 05:10:00.433535 [[1;37mINFO[0m] [1;32mevse_manager:Ev[0m [1;36m[0m [1;30m:[0m[1;32m[0m: CableCheck: Using 500 V
2026-08-05 05:10:00.433697 [[1;37mINFO[0m] [1;32mevse_manager:Ev[0m [1;36m[0m [1;30m:[0m[1;32m[0m: [1;34mEVSE IEC DC power supply: switch ON called, ChargingPhase: CableCheck[1;0m
2026-08-05 05:10:00.434754 [[1;37mINFO[0m] [1;32mpowersupply_dc:[0m [1;36m[0m [1;30m:[0m[1;32m[0m: Set mode: Export ChargingPhase: CableCheck
2026-08-05 05:10:00.481682 [[1;37mINFO[0m] [1;32mevse_manager:Ev[0m [1;36m[0m [1;30m:[0m[1;32m[0m:                                     [1;33mCAR ISO V2G CableCheckReq[1;0m
2026-08-05 05:10:00.609323 [[1;37mINFO[0m] [1;32mevse_manager:Ev[0m [1;36m[0m [1;30m:[0m[1;32m[0m: CableCheck: IMD self test started.
2026-08-05 05:10:00.609449 [[1;37mINFO[0m] [1;32mevse_manager:Ev[0m [1;36m[0m [1;30m:[0m[1;32m[0m: [1;34mEVSE ISO V2G CableCheckRes[1;0m
2026-08-05 05:10:00.653337 [[1;37mINFO[0m] [1;32mevse_manager:Ev[0m [1;36m[0m [1;30m:[0m[1;32m[0m:                                     [1;33mCAR ISO V2G CableCheckReq[1;0m
2026-08-05 05:10:00.706114 [[1;37mINFO[0m] [1;32mevse_manager:Ev[0m [1;36m[0m [1;30m:[0m[1;32m[0m: [1;34mEVSE ISO V2G CableCheckRes[1;0m
2026-08-05 05:10:00.750152 [[1;37mINFO[0m] [1;32mevse_manager:Ev[0m [1;36m[0m [1;30m:[0m[1;32m[0m:                                     [1;33mCAR ISO V2G CableCheckReq[1;0m
2026-08-05 05:10:00.840401 [[1;37mINFO[0m] [1;32mevse_manager:Ev[0m [1;36m[0m [1;30m:[0m[1;32m[0m: [1;34mEVSE ISO V2G CableCheckRes[1;0m
2026-08-05 05:10:00.899609 [[1;37mINFO[0m] [1;32mevse_manager:Ev[0m [1;36m[0m [1;30m:[0m[1;32m[0m:                                     [1;33mCAR ISO V2G CableCheckReq[1;0m
2026-08-05 05:10:00.998661 [[1;37mINFO[0m] [1;32mevse_manager:Ev[0m [1;36m[0m [1;30m:[0m[1;32m[0m: [1;34mEVSE ISO V2G CableCheckRes[1;0m
2026-08-05 05:10:01.097428 [[1;37mINFO[0m] [1;32mevse_manager:Ev[0m [1;36m[0m [1;30m:[0m[1;32m[0m:                                     [1;33mCAR ISO V2G CableCheckReq[1;0m
2026-08-05 05:10:01.145618 [[1;37mINFO[0m] [1;32mevse_manager:Ev[0m [1;36m[0m [1;30m:[0m[1;32m[0m: [1;34mEVSE ISO Change HLC Limits: 22080W/200A, target_voltage 0, actual_voltage 500, bpt_active false[1;0m
2026-08-05 05:10:01.265693 [[1;37mINFO[0m] [1;32mevse_manager:Ev[0m [1;36m[0m [1;30m:[0m[1;32m[0m: [1;34mEVSE ISO V2G CableCheckRes[1;0m
2026-08-05 05:10:01.266013 [[1;37mINFO[0m] [1;32mevse_manager:Ev[0m [1;36m[0m [1;30m:[0m[1;32m[0m:                                     [1;33mCAR ISO V2G CableCheckReq[1;0m
2026-08-05 05:10:01.310211 [[1;37mINFO[0m] [1;32mevse_manager:Ev[0m [1;36m[0m [1;30m:[0m[1;32m[0m: [1;34mEVSE ISO V2G CableCheckRes[1;0m
2026-08-05 05:10:01.354100 [[1;37mINFO[0m] [1;32mevse_manager:Ev[0m [1;36m[0m [1;30m:[0m[1;32m[0m:                                     [1;33mCAR ISO V2G CableCheckReq[1;0m
2026-08-05 05:10:01.450654 [[1;37mINFO[0m] [1;32mevse_manager:Ev[0m [1;36m[0m [1;30m:[0m[1;32m[0m: [1;34mEVSE ISO V2G CableCheckRes[1;0m
2026-08-05 05:10:01.501658 [[1;37mINFO[0m] [1;32mevse_manager:Ev[0m [1;36m[0m [1;30m:[0m[1;32m[0m:                                     [1;33mCAR ISO V2G CableCheckReq[1;0m
2026-08-05 05:10:01.653276 [[1;37mINFO[0m] [1;32mevse_manager:Ev[0m [1;36m[0m [1;30m:[0m[1;32m[0m: [1;34mEVSE ISO V2G CableCheckRes[1;0m
2026-08-05 05:10:01.678112 [[1;37mINFO[0m] [1;32mevse_manager:Ev[0m [1;36m[0m [1;30m:[0m[1;32m[0m:                                     [1;33mCAR ISO V2G CableCheckReq[1;0m
2026-08-05 05:10:01.749077 [[1;37mINFO[0m] [1;32mevse_manager:Ev[0m [1;36m[0m [1;30m:[0m[1;32m[0m: [1;34mEVSE ISO V2G CableCheckRes[1;0m
2026-08-05 05:10:01.801539 [[1;37mINFO[0m] [1;32mevse_manager:Ev[0m [1;36m[0m [1;30m:[0m[1;32m[0m:                                     [1;33mCAR ISO V2G CableCheckReq[1;0m
2026-08-05 05:10:01.899925 [[1;37mINFO[0m] [1;32mevse_manager:Ev[0m [1;36m[0m [1;30m:[0m[1;32m[0m: [1;34mEVSE ISO V2G CableCheckRes[1;0m
2026-08-05 05:10:01.951286 [[1;37mINFO[0m] [1;32mevse_manager:Ev[0m [1;36m[0m [1;30m:[0m[1;32m[0m:                                     [1;33mCAR ISO V2G CableCheckReq[1;0m
2026-08-05 05:10:02.105113 [[1;37mINFO[0m] [1;32mevse_manager:Ev[0m [1;36m[0m [1;30m:[0m[1;32m[0m: [1;34mEVSE ISO V2G CableCheckRes[1;0m
2026-08-05 05:10:02.149429 [[1;37mINFO[0m] [1;32mevse_manager:Ev[0m [1;36m[0m [1;30m:[0m[1;32m[0m:                                     [1;33mCAR ISO V2G CableCheckReq[1;0m
2026-08-05 05:10:02.205864 [[1;37mINFO[0m] [1;32mevse_manager:Ev[0m [1;36m[0m [1;30m:[0m[1;32m[0m: [1;34mEVSE ISO V2G CableCheckRes[1;0m
2026-08-05 05:10:02.250992 [[1;37mINFO[0m] [1;32mevse_manager:Ev[0m [1;36m[0m [1;30m:[0m[1;32m[0m:                                     [1;33mCAR ISO V2G CableCheckReq[1;0m
2026-08-05 05:10:02.349045 [[1;37mINFO[0m] [1;32mevse_manager:Ev[0m [1;36m[0m [1;30m:[0m[1;32m[0m: [1;34mEVSE ISO V2G CableCheckRes[1;0m
2026-08-05 05:10:02.401374 [[1;37mINFO[0m] [1;32mevse_manager:Ev[0m [1;36m[0m [1;30m:[0m[1;32m[0m:                                     [1;33mCAR ISO V2G CableCheckReq[1;0m
2026-08-05 05:10:02.569413 [[1;37mINFO[0m] [1;32mevse_manager:Ev[0m [1;36m[0m [1;30m:[0m[1;32m[0m: [1;34mEVSE ISO V2G CableCheckRes[1;0m
2026-08-05 05:10:02.657373 [[1;37mINFO[0m] [1;32mevse_manager:Ev[0m [1;36m[0m [1;30m:[0m[1;32m[0m:                                     [1;33mCAR ISO V2G CableCheckReq[1;0m
2026-08-05 05:10:02.666162 [[1;37mINFO[0m] [1;32mevse_manager:Ev[0m [1;36m[0m [1;30m:[0m[1;32m[0m: [1;34mEVSE ISO V2G CableCheckRes[1;0m
2026-08-05 05:10:02.717104 [[1;37mINFO[0m] [1;32mevse_manager:Ev[0m [1;36m[0m [1;30m:[0m[1;32m[0m:                                     [1;33mCAR ISO V2G CableCheckReq[1;0m
2026-08-05 05:10:02.815773 [[1;37mINFO[0m] [1;32mevse_manager:Ev[0m [1;36m[0m [1;30m:[0m[1;32m[0m: [1;34mEVSE ISO V2G CableCheckRes[1;0m
2026-08-05 05:10:02.866906 [[1;37mINFO[0m] [1;32mevse_manager:Ev[0m [1;36m[0m [1;30m:[0m[1;32m[0m:                                     [1;33mCAR ISO V2G CableCheckReq[1;0m
2026-08-05 05:10:02.965557 [[1;37mINFO[0m] [1;32mevse_manager:Ev[0m [1;36m[0m [1;30m:[0m[1;32m[0m: [1;34mEVSE ISO V2G CableCheckRes[1;0m
2026-08-05 05:10:03.153407 [[1;37mINFO[0m] [1;32mevse_manager:Ev[0m [1;36m[0m [1;30m:[0m[1;32m[0m:                                     [1;33mCAR ISO V2G CableCheckReq[1;0m
2026-08-05 05:10:03.157808 [[1;37mINFO[0m] [1;32mevse_manager:Ev[0m [1;36m[0m [1;30m:[0m[1;32m[0m: [1;34mEVSE ISO V2G CableCheckRes[1;0m
2026-08-05 05:10:03.201911 [[1;37mINFO[0m] [1;32mevse_manager:Ev[0m [1;36m[0m [1;30m:[0m[1;32m[0m:                                     [1;33mCAR ISO V2G CableCheckReq[1;0m
2026-08-05 05:10:03.280030 [[1;37mINFO[0m] [1;32mevse_manager:Ev[0m [1;36m[0m [1;30m:[0m[1;32m[0m: [1;34mEVSE ISO V2G CableCheckRes[1;0m
2026-08-05 05:10:03.335431 [[1;37mINFO[0m] [1;32mevse_manager:Ev[0m [1;36m[0m [1;30m:[0m[1;32m[0m:                                     [1;33mCAR ISO V2G CableCheckReq[1;0m
2026-08-05 05:10:03.434097 [[1;37mINFO[0m] [1;32mevse_manager:Ev[0m [1;36m[0m [1;30m:[0m[1;32m[0m: [1;34mEVSE ISO V2G CableCheckRes[1;0m
2026-08-05 05:10:03.491199 [[1;37mINFO[0m] [1;32mevse_manager:Ev[0m [1;36m[0m [1;30m:[0m[1;32m[0m:                                     [1;33mCAR ISO V2G CableCheckReq[1;0m
2026-08-05 05:10:03.570841 [[1;37mINFO[0m] [1;32mevse_manager:Ev[0m [1;36m[0m [1;30m:[0m[1;32m[0m: [1;34mEVSE IEC Isolation monitor self test result: true[1;0m
2026-08-05 05:10:03.613339 [[1;37mINFO[0m] [1;32mimd:IMDSimulato[0m [1;36m[0m [1;30m:[0m[1;32m[0m: Started simulated isolation monitoring with 1000 ms interval
2026-08-05 05:10:03.614225 [[1;37mINFO[0m] [1;32mevse_manager:Ev[0m [1;36m[0m [1;30m:[0m[1;32m[0m: CableCheck: Waiting for 1 isolation measurement sample(s)
2026-08-05 05:10:03.657533 [[1;37mINFO[0m] [1;32mevse_manager:Ev[0m [1;36m[0m [1;30m:[0m[1;32m[0m: [1;34mEVSE IEC Isolation measurement Ok R_F 900000.[1;0m
2026-08-05 05:10:03.701238 [[1;37mINFO[0m] [1;32mevse_manager:Ev[0m [1;36m[0m [1;30m:[0m[1;32m[0m: [1;34mEVSE ISO V2G CableCheckRes[1;0m
2026-08-05 05:10:03.701475 [[1;37mINFO[0m] [1;32mevse_manager:Ev[0m [1;36m[0m [1;30m:[0m[1;32m[0m:                                     [1;33mCAR ISO V2G CableCheckReq[1;0m
2026-08-05 05:10:03.709973 [[1;37mINFO[0m] [1;32mevse_manager:Ev[0m [1;36m[0m [1;30m:[0m[1;32m[0m: [1;34mEVSE IEC DC power supply OFF[1;0m
2026-08-05 05:10:03.710699 [[1;37mINFO[0m] [1;32mpowersupply_dc:[0m [1;36m[0m [1;30m:[0m[1;32m[0m: Set mode: Off ChargingPhase: CableCheck
2026-08-05 05:10:03.754138 [[1;37mINFO[0m] [1;32mevse_manager:Ev[0m [1;36m[0m [1;30m:[0m[1;32m[0m: [1;34mEVSE ISO V2G CableCheckRes[1;0m
2026-08-05 05:10:03.800750 [[1;37mINFO[0m] [1;32mevse_manager:Ev[0m [1;36m[0m [1;30m:[0m[1;32m[0m:                                     [1;33mCAR ISO V2G CableCheckReq[1;0m
2026-08-05 05:10:03.899505 [[1;37mINFO[0m] [1;32mevse_manager:Ev[0m [1;36m[0m [1;30m:[0m[1;32m[0m: [1;34mEVSE ISO V2G CableCheckRes[1;0m
2026-08-05 05:10:03.955894 [[1;37mINFO[0m] [1;32mevse_manager:Ev[0m [1;36m[0m [1;30m:[0m[1;32m[0m:                                     [1;33mCAR ISO V2G CableCheckReq[1;0m
2026-08-05 05:10:04.026199 [[1;37mINFO[0m] [1;32mevse_manager:Ev[0m [1;36m[0m [1;30m:[0m[1;32m[0m: CableCheck done, output is below 60V
2026-08-05 05:10:04.069266 [[1;37mINFO[0m] [1;32mevse_manager:Ev[0m [1;36m[0m [1;30m:[0m[1;32m[0m: [1;34mEVSE ISO V2G CableCheckRes[1;0m
2026-08-05 05:10:04.193305 [[1;37mINFO[0m] [1;32mevse_manager:Ev[0m [1;36m[0m [1;30m:[0m[1;32m[0m:                                     [1;33mCAR ISO V2G CableCheckReq[1;0m

2026-08-05 05:10:04.209438 [[1;37mINFO[0m] [1;32miso15118_2:Evse[0m [1;36m[0m [1;30m:[0m[1;32m[0m: Precharge-phase started
2026-08-05 05:10:04.230381 [[1;37mINFO[0m] [1;32mevse_manager:Ev[0m [1;36m[0m [1;30m:[0m[1;32m[0m: [1;34mEVSE ISO V2G CableCheckRes[1;0m
2026-08-05 05:10:04.277667 [[1;37mINFO[0m] [1;32mevse_manager:Ev[0m [1;36m[0m [1;30m:[0m[1;32m[0m:                                     [1;33mCAR ISO V2G PreChargeReq[1;0m
2026-08-05 05:10:04.325652 [[1;37mINFO[0m] [1;32mevse_manager:Ev[0m [1;36m[0m [1;30m:[0m[1;32m[0m: [1;34mEVSE IEC DC power supply set: 400.00V/2.00A, requested was 400.00V/2.00A.[1;0m
2026-08-05 05:10:04.326193 [[1;37mINFO[0m] [1;32mevse_manager:Ev[0m [1;36m[0m [1;30m:[0m[1;32m[0m: [1;34mEVSE ISO V2G PreChargeRes[1;0m
2026-08-05 05:10:04.327073 [[1;37mINFO[0m] [1;32mevse_manager:Ev[0m [1;36m[0m [1;30m:[0m[1;32m[0m: [1;34mEVSE IEC DC power supply: switch ON called, ChargingPhase: PreCharge[1;0m
2026-08-05 05:10:04.369189 [[1;37mINFO[0m] [1;32mpowersupply_dc:[0m [1;36m[0m [1;30m:[0m[1;32m[0m: Set mode: Export ChargingPhase: PreCharge
2026-08-05 05:10:04.369365 [[1;37mINFO[0m] [1;32mevse_manager:Ev[0m [1;36m[0m [1;30m:[0m[1;32m[0m:                                     [1;33mCAR ISO V2G PowerDeliveryReq[1;0m
2026-08-05 05:10:04.414101 [[1;37mINFO[0m] [1;32mevse_manager:Ev[0m [1;36m[0m [1;30m:[0m[1;32m[0m: VoltagePlausibilityMonitor, start monitoring
2026-08-05 05:10:04.414186 [[1;37mINFO[0m] [1;32mevse_manager:Ev[0m [1;36m[0m [1;30m:[0m[1;32m[0m: [1;34mEVSE ISO V2G PowerDeliveryRes[1;0m
2026-08-05 05:10:04.414247 [[1;37mINFO[0m] [1;32mevse_manager:Ev[0m [1;36m[0m [1;30m:[0m[1;32m[0m: [1;34mEVSE IEC DC power supply: switch ON in export mode[1;0m
2026-08-05 05:10:04.420882 [[1;37mINFO[0m] [1;32mpowersupply_dc:[0m [1;36m[0m [1;30m:[0m[1;32m[0m: Set mode: Export ChargingPhase: Charging
2026-08-05 05:10:04.455011 [[1;37mINFO[0m] [1;32mevse_manager:Ev[0m [1;36m[0m [1;30m:[0m[1;32m[0m: [1;34mEVSE IEC Charger state: PrepareCharging->Charging[1;0m
2026-08-05 05:10:04.455735 [[1;37mINFO[0m] [1;32mevse_manager:Ev[0m [1;36m[0m [1;30m:[0m[1;32m[0m: [1;34mEVSE IEC DC power supply set: 400.00V/120.00A, requested was 400.00V/120.00A.[1;0m
2026-08-05 05:10:04.455905 [[1;37mINFO[0m] [1;32mevse_manager:Ev[0m [1;36m[0m [1;30m:[0m[1;32m[0m: Timing statistics (Plugin to CurrentDemand)
2026-08-05 05:10:04.455923 [[1;37mINFO[0m] [1;32mevse_manager:Ev[0m [1;36m[0m [1;30m:[0m[1;32m[0m: -------------------------------------------
2026-08-05 05:10:04.455930 [[1;37mINFO[0m] [1;32mevse_manager:Ev[0m [1;36m[0m [1;30m:[0m[1;32m[0m: ConnSetup | HLC_PWM_5%_ON: 820 ms | D-LINK_READY: 1324 ms | Auth EIM Done: 10651 ms | Total: 13096 ms
2026-08-05 05:10:04.455936 [[1;37mINFO[0m] [1;32mevse_manager:Ev[0m [1;36m[0m [1;30m:[0m[1;32m[0m: CableCheck | <60V: 0 ms | Relay On: 200 ms | EVInfo: 0 ms | VRampUp: 133 ms | Self test: 3047 ms | Measure: 86 ms | VRampDown: 368 ms | Total: 3959 ms
2026-08-05 05:10:04.455942 [[1;37mINFO[0m] [1;32mevse_manager:Ev[0m [1;36m[0m [1;30m:[0m[1;32m[0m: PrepareCharging | Charging started: 306 ms | Total: 306 ms
2026-08-05 05:10:04.455947 [[1;37mINFO[0m] [1;32mevse_manager:Ev[0m [1;36m[0m [1;30m:[0m[1;32m[0m: Total duration all phases: 17362 ms
2026-08-05 05:10:04.497337 [[1;37mINFO[0m] [1;32mevse_manager:Ev[0m [1;36m[0m [1;30m:[0m[1;32m[0m:                                     [1;33mCAR ISO V2G CurrentDemandReq[1;0m
2026-08-05 05:10:04.545291 [[1;37mINFO[0m] [1;32mevse_manager:Ev[0m [1;36m[0m [1;30m:[0m[1;32m[0m: [1;34mEVSE ISO V2G CurrentDemandRes[1;0m
2026-08-05 05:10:04.637228 [[1;37mINFO[0m] [1;32mevse_manager:Ev[0m [1;36m[0m [1;30m:[0m[1;32m[0m:                                     [1;33mCAR ISO V2G CurrentDemandReq[1;0m
2026-08-05 05:10:04.637470 [[1;37mINFO[0m] [1;32mevse_manager:Ev[0m [1;36m[0m [1;30m:[0m[1;32m[0m: [1;34mEVSE IEC Isolation measurement Ok R_F 900000.[1;0m
2026-08-05 05:10:04.729731 [[1;37mINFO[0m] [1;32mevse_manager:Ev[0m [1;36m[0m [1;30m:[0m[1;32m[0m: [1;34mEVSE ISO V2G CurrentDemandRes[1;0m
2026-08-05 05:10:04.805264 [[1;37mINFO[0m] [1;32mevse_manager:Ev[0m [1;36m[0m [1;30m:[0m[1;32m[0m:                                     [1;33mCAR ISO V2G CurrentDemandReq[1;0m
2026-08-05 05:10:04.862205 [[1;37mINFO[0m] [1;32mevse_manager:Ev[0m [1;36m[0m [1;30m:[0m[1;32m[0m: [1;34mEVSE ISO V2G CurrentDemandRes[1;0m
2026-08-05 05:10:04.862464 [[1;37mINFO[0m] [1;32mevse_manager:Ev[0m [1;36m[0m [1;30m:[0m[1;32m[0m: [1;34mEVSE ISO Change HLC Limits: 22080W/55.2A, target_voltage 400, actual_voltage 400, bpt_active false[1;0m
2026-08-05 05:10:04.906182 [[1;37mINFO[0m] [1;32mevse_manager:Ev[0m [1;36m[0m [1;30m:[0m[1;32m[0m: VoltagePlausibilityMonitor, stop monitoring
2026-08-05 05:10:04.906238 [[1;37mINFO[0m] [1;32mevse_manager:Ev[0m [1;36m[0m [1;30m:[0m[1;32m[0m: [1;34mEVSE IEC DC power supply OFF[1;0m
2026-08-05 05:10:04.906268 [[1;37mINFO[0m] [1;32mevse_manager:Ev[0m [1;36m[0m [1;30m:[0m[1;32m[0m: [1;34mEVSE IEC DC power supply OFF[1;0m
2026-08-05 05:10:04.907084 [[1;37mINFO[0m] [1;32mpowersupply_dc:[0m [1;36m[0m [1;30m:[0m[1;32m[0m: Set mode: Off ChargingPhase: Charging
2026-08-05 05:10:04.907358 [[1;37mINFO[0m] [1;32mpowersupply_dc:[0m [1;36m[0m [1;30m:[0m[1;32m[0m: Set mode: Off ChargingPhase: Charging
2026-08-05 05:10:04.950128 [[1;37mINFO[0m] [1;32mevse_manager:Ev[0m [1;36m[0m [1;30m:[0m[1;32m[0m:                                     [1;33mCAR ISO V2G PowerDeliveryReq[1;0m
2026-08-05 05:10:04.950303 [[1;37mINFO[0m] [1;32mimd:IMDSimulato[0m [1;36m[0m [1;30m:[0m[1;32m[0m: Stopped simulated isolation monitoring

2026-08-05 05:10:04.984458 [[1;37mINFO[0m] [1;32miso15118_2:Evse[0m [1;36m[0m [1;30m:[0m[1;32m[0m: Welding-phase started
2026-08-05 05:10:04.998261 [[1;37mINFO[0m] [1;32mevse_manager:Ev[0m [1;36m[0m [1;30m:[0m[1;32m[0m: [1;34mEVSE ISO V2G PowerDeliveryRes[1;0m
2026-08-05 05:10:05.073388 [[1;37mINFO[0m] [1;32mevse_manager:Ev[0m [1;36m[0m [1;30m:[0m[1;32m[0m:                                     [1;33mCAR ISO V2G WeldingDetectionReq[1;0m
2026-08-05 05:10:05.149566 [[1;37mINFO[0m] [1;32mevse_manager:Ev[0m [1;36m[0m [1;30m:[0m[1;32m[0m: [1;34mEVSE ISO V2G WeldingDetectionRes[1;0m
2026-08-05 05:10:05.177432 [[1;37mINFO[0m] [1;32mevse_manager:Ev[0m [1;36m[0m [1;30m:[0m[1;32m[0m:                                     [1;33mCAR ISO V2G SessionStopReq[1;0m

2026-08-05 05:10:05.183257 [[1;37mINFO[0m] [1;32miso15118_2:Evse[0m [1;36m[0m [1;30m:[0m[1;32m[0m: Closing TCP connection
2026-08-05 05:10:05.226218 [[1;37mINFO[0m] [1;32mevse_manager:Ev[0m [1;36m[0m [1;30m:[0m[1;32m[0m: [1;34mEVSE ISO V2G SessionStopRes[1;0m
2026-08-05 05:10:05.226340 [[1;37mINFO[0m] [1;32mevse_manager:Ev[0m [1;36m[0m [1;30m:[0m[1;32m[0m: [1;34mEVSE IEC DC power supply set: 400.00V/120.00A, requested was 400.00V/120.00A.[1;0m

2026-08-05 05:10:05.268088 [[1;37mINFO[0m] [1;32miso_mux:IsoMux [0m [1;36m[0m [1;30m:[0m[1;32m[0m: Multiplexer: Closing TCP connection
2026-08-05 05:10:06.370324 [[1;37mINFO[0m] [1;32mevse_manager:Ev[0m [1;36m[0m [1;30m:[0m[1;32m[0m: [1;34mEVSE ISO Change HLC Limits: 22080W/55.2A, target_voltage 400, actual_voltage 0, bpt_active false[1;0m

2026-08-05 05:10:07.183639 [[1;37mINFO[0m] [1;32miso15118_2:Evse[0m [1;36m[0m [1;30m:[0m[1;32m[0m: TCP connection closed gracefully
2026-08-05 05:10:07.185171 [[1;37mINFO[0m] [1;32mevse_manager:Ev[0m [1;36m[0m [1;30m:[0m[1;32m[0m: [1;34mEVSE ISO D-LINK_TERMINATE.req[1;0m
2026-08-05 05:10:07.185311 [[1;37mINFO[0m] [1;32mevse_manager:Ev[0m [1;36m[0m [1;30m:[0m[1;32m[0m: [1;34mEVSE IEC Set PWM Off[1;0m

2026-08-05 05:10:07.268459 [[1;37mINFO[0m] [1;32miso_mux:IsoMux [0m [1;36m[0m [1;30m:[0m[1;32m[0m: Multiplexer: TCP connection closed gracefully
2026-08-05 05:10:07.317347 [[1;37mINFO[0m] [1;32mevse_manager:Ev[0m [1;36m[0m [1;30m:[0m[1;32m[0m: [1;34mEVSE ISO SLAC UNMATCHED[1;0m
2026-08-05 05:10:07.317347 [[1;37mINFO[0m] [1;32mevse_manager:Ev[0m [1;36m[0m [1;30m:[0m[1;32m[0m: [1;34mEVSE ISO D-LINK_READY (false)[1;0m
2026-08-05 05:10:11.764292 [[1;37mINFO[0m] [1;32mevse_manager:Ev[0m [1;36m[0m [1;30m:[0m[1;32m[0m: [1;34mEVSE IEC DC power supply set: 400.00V/55.20A, requested was 400.00V/55.20A.[1;0m
2026-08-05 05:10:11.809303 [[1;37mINFO[0m] [1;32mevse_manager:Ev[0m [1;36m[0m [1;30m:[0m[1;32m[0m: [1;34mEVSE IEC DC power supply: switch ON called, ChargingPhase: Other[1;0m
2026-08-05 05:10:11.810167 [[1;37mINFO[0m] [1;32mpowersupply_dc:[0m [1;36m[0m [1;30m:[0m[1;32m[0m: Set mode: Export ChargingPhase: Other
2026-08-05 05:10:11.853220 [[1;33mWARN[0m] [1;32mevse_manager:Ev[0m [1;36mvoid module::EvseManager::process_dc_ev_target_voltage_current(const types::iso15118::DcEvseMaximumLimits&)[0m [1;30m:[0m[1;32m[0m: EV ignores new EVSE max limits. Setting target current to new EVSE max limits
2026-08-05 05:10:12.394549 [[1;37mINFO[0m] [1;32mevse_manager:Ev[0m [1;36m[0m [1;30m:[0m[1;32m[0m: [1;34mEVSE ISO Change HLC Limits: 22080W/55.2A, target_voltage 400, actual_voltage 400, bpt_active false[1;0m
2026-08-05 05:10:13.230709 [[1;33mWARN[0m] [1;32mevse_manager:Ev[0m [1;36mstd::queue<module::CPEvent> module::IECStateMachine::state_machine(std::optional<module::RawCPState>)[0m [1;30m:[0m[1;32m[0m: Timeout of 6 seconds reached, EV did not go back to state B after PWM was switched off. Powering off under load.
2026-08-05 05:10:13.414317 [[1;37mINFO[0m] [1;32mevse_manager:Ev[0m [1;36m[0m [1;30m:[0m[1;32m[0m: [1;34mEVSE IEC Event PowerOff[1;0m
2026-08-05 05:10:17.720258 [[1;37mINFO[0m] [1;32mevse_manager:Ev[0m [1;36m[0m [1;30m:[0m[1;32m[0m: [1;34mEVSE IEC DC power supply set: 400.00V/55.20A, requested was 400.00V/55.20A.[1;0m
2026-08-05 05:10:17.721730 [[1;33mWARN[0m] [1;32mevse_manager:Ev[0m [1;36mvoid module::EvseManager::process_dc_ev_target_voltage_current(const types::iso15118::DcEvseMaximumLimits&)[0m [1;30m:[0m[1;32m[0m: EV ignores new EVSE max limits. Setting target current to new EVSE max limits
2026-08-05 05:10:20.393325 [[1;37mINFO[0m] [1;32mev_manager:EvMa[0m [1;36m[0m [1;30m:[0m[1;32m[0m: Finished simulation.
2026-08-05 05:10:20.789446 [[1;37mINFO[0m] [1;32mevse_manager:Ev[0m [1;36m[0m [1;30m:[0m[1;32m[0m:                                     [1;33mCAR IEC Event CarUnplugged[1;0m
2026-08-05 05:10:20.789590 [[1;37mINFO[0m] [1;32mevse_manager:Ev[0m [1;36m[0m [1;30m:[0m[1;32m[0m: [1;34mEVSE IEC Stop in Charging: [EV unplugged][1;0m
2026-08-05 05:10:20.789658 [[1;37mINFO[0m] [1;32mevse_manager:Ev[0m [1;36m[0m [1;30m:[0m[1;32m[0m: [1;34mEVSE IEC Charger state: Charging->StoppingCharging[1;0m
2026-08-05 05:10:20.930029 [[1;37mINFO[0m] [1;32mevse_manager:Ev[0m [1;36m[0m [1;30m:[0m[1;32m[0m: [1;34mEVSE IEC Charger state: StoppingCharging->Finished[1;0m
2026-08-05 05:10:20.973653 [[1;37mINFO[0m] [1;32mevse_manager:Ev[0m [1;36m[0m [1;30m:[0m[1;32m[0m: [1;34mEVSE IEC Transaction Finished: EVDisconnected (0.06283889007568359 kWh)[1;0m
2026-08-05 05:10:20.973996 [[1;37mINFO[0m] [1;32mevse_manager:Ev[0m [1;36m[0m [1;30m:[0m[1;32m[0m: [1;34mEVSE IEC DC power supply OFF[1;0m
2026-08-05 05:10:21.017513 [[1;37mINFO[0m] [1;32mpowersupply_dc:[0m [1;36m[0m [1;30m:[0m[1;32m[0m: Set mode: Off ChargingPhase: Other
2026-08-05 05:10:21.150800 [[1;33mWARN[0m] [1;32miso15118_20:Evs[0m [1;36mvirtual void module::charger::ISO15118_chargerImpl::handle_session_setup(std::vector<types::iso15118::PaymentOption>&, bool&, bool&)[0m [1;30m:[0m[1;32m[0m: Currently Plug&Charge is not supported and ignored
2026-08-05 05:10:21.207594 [[1;37mINFO[0m] [1;32mevse_manager:Ev[0m [1;36m[0m [1;30m:[0m[1;32m[0m: [1;34mEVSE IEC Session Finished[1;0m
2026-08-05 05:10:21.207739 [[1;37mINFO[0m] [1;32mevse_manager:Ev[0m [1;36m[0m [1;30m:[0m[1;32m[0m: SYS  Session logging stopped.
2026-08-05 05:10:21.253466 [[1;37mINFO[0m] [1;32mevse_manager:Ev[0m [1;36m[0m [1;30m:[0m[1;32m[0m: All errors cleared
2026-08-05 05:10:21.253633 [[1;37mINFO[0m] [1;32mevse_manager:Ev[0m [1;36m[0m [1;30m:[0m[1;32m[0m: All errors cleared
2026-08-05 05:10:27.201346 [[1;33mWARN[0m] [1;32miso15118_20:Evs[0m [1;36mvirtual void module::charger::ISO15118_chargerImpl::handle_session_setup(std::vector<types::iso15118::PaymentOption>&, bool&, bool&)[0m [1;30m:[0m[1;32m[0m: Currently Plug&Charge is not supported and ignored
2026-08-05 05:10:27.273782 [[1;37mINFO[0m] [1;32mevse_manager:Ev[0m [1;36m[0m [1;30m:[0m[1;32m[0m: SYS  Session logging started.
2026-08-05 05:10:27.273940 [[1;37mINFO[0m] [1;32mevse_manager:Ev[0m [1;36m[0m [1;30m:[0m[1;32m[0m: [1;34mEVSE IEC Session Started: EVConnected[1;0m
2026-08-05 05:10:27.274961 [[1;37mINFO[0m] [1;32mauth:Auth      [0m [1;36m[0m [1;30m:[0m[1;32m[0m: Plug In event for evse#1, starting auth
2026-08-05 05:10:27.274943 [[1;37mINFO[0m] [1;32mtoken_provider:[0m [1;36m[0m [1;30m:[0m[1;32m[0m: Publishing new dummy token: {
    "authorization_type": "RFID",
    "id_token": {
        "type": "ISO14443",
        "value": "[redacted] hash: CE55F71752B68164"
    },
    "parent_id_token": {
        "type": "ISO14443",
        "value": "[redacted] hash: CE55F71752B68164"
    }
}
2026-08-05 05:10:27.275628 [[1;37mINFO[0m] [1;32mauth:Auth      [0m [1;36m[0m [1;30m:[0m[1;32m[0m: Received new token: {
    "authorization_type": "RFID",
    "id_token": {
        "type": "ISO14443",
        "value": "[redacted] hash: CE55F71752B68164"
    },
    "parent_id_token": {
        "type": "ISO14443",
        "value": "[redacted] hash: CE55F71752B68164"
    }
}
2026-08-05 05:10:27.276503 [[1;37mINFO[0m] [1;32mtoken_validator[0m [1;36m[0m [1;30m:[0m[1;32m[0m: Got validation request for token: [redacted] hash: CE55F71752B68164
2026-08-05 05:10:27.526658 [[1;37mINFO[0m] [1;32mtoken_validator[0m [1;36m[0m [1;30m:[0m[1;32m[0m: Returning validation status: Accepted
2026-08-05 05:10:27.527980 [[1;37mINFO[0m] [1;32mauth:Auth      [0m [1;36m[0m [1;30m:[0m[1;32m[0m: Providing authorization to evse#1
2026-08-05 05:10:27.774707 [[1;37mINFO[0m] [1;32mevse_manager:Ev[0m [1;36m[0m [1;30m:[0m[1;32m[0m: [1;34mEVSE IEC Set PWM On (5.0%) took 0 ms[1;0m
2026-08-05 05:10:27.917585 [[1;37mINFO[0m] [1;32mevse_manager:Ev[0m [1;36m[0m [1;30m:[0m[1;32m[0m: [1;34mEVSE IEC EIM Authorization received[1;0m
2026-08-05 05:10:27.961617 [[1;37mINFO[0m] [1;32mauth:Auth      [0m [1;36m[0m [1;30m:[0m[1;32m[0m: Result for token: [redacted] hash: CE55F71752B68164: USED_TO_START_TRANSACTION
2026-08-05 05:10:28.005266 [[1;37mINFO[0m] [1;32mevse_manager:Ev[0m [1;36m[0m [1;30m:[0m[1;32m[0m: [1;34mEVSE IEC Transaction Started (0.06283889007568359 kWh)[1;0m
2026-08-05 05:10:28.005671 [[1;37mINFO[0m] [1;32mevse_manager:Ev[0m [1;36m[0m [1;30m:[0m[1;32m[0m: [1;34mEVSE IEC DC mode. We are in 5percent mode so we can continue without further action.[1;0m
2026-08-05 05:10:28.005825 [[1;37mINFO[0m] [1;32mevse_manager:Ev[0m [1;36m[0m [1;30m:[0m[1;32m[0m: [1;34mEVSE IEC Charger state: Wait for Auth->PrepareCharging[1;0m
2026-08-05 05:10:29.217385 [[1;37mINFO[0m] [1;32mevse_manager:Ev[0m [1;36m[0m [1;30m:[0m[1;32m[0m: [1;34mEVSE ISO D-LINK_READY (true)[1;0m
2026-08-05 05:10:29.217385 [[1;37mINFO[0m] [1;32mevse_manager:Ev[0m [1;36m[0m [1;30m:[0m[1;32m[0m: [1;34mEVSE ISO SLAC MATCHED[1;0m
2026-08-05 05:10:29.742234 [[1;37mINFO[0m] [1;32mevse_manager:Ev[0m [1;36m[0m [1;30m:[0m[1;32m[0m:                                     [1;33mCAR IEC Event CarRequestedPower[1;0m

2026-08-05 05:10:37.384008 [[1;37mINFO[0m] [1;32miso_mux:IsoMux [0m [1;36m[0m [1;30m:[0m[1;32m[0m: Incoming connection on eth0 from [a00:e626:0:0:fe80::]:58918

2026-08-05 05:10:37.388762 [[1;37mINFO[0m] [1;32miso_mux:IsoMux [0m [1;36m[0m [1;30m:[0m[1;32m[0m: Handling SupportedAppProtocolReq

2026-08-05 05:10:37.388869 [[1;37mINFO[0m] [1;32miso_mux:IsoMux [0m [1;36m[0m [1;30m:[0m[1;32m[0m: handshake_req: Namespace: urn:iso:std:iso:15118:-20:DC, Version: 1.0, SchemaID: 1, Priority: 1
2026-08-05 05:10:37.389085 [[1;37mINFO[0m] [1;32miso_mux:IsoMux [0m [1;36m[0m [1;30m:[0m[1;32m[0m: Connected to proxy module for ISO-20

2026-08-05 05:10:37.389114 [[1;37mINFO[0m] [1;32miso_mux:IsoMux [0m [1;36m[0m [1;30m:[0m[1;32m[0m: Multiplexer: Proxy TCP->TCP
2026-08-05 05:10:37.389179 [[1;37mINFO[0m] [1;32miso15118_20:Evs[0m [1;36m[0m [1;30m:[0m[1;32m[0m: Incoming connection from [::1]:44384
2026-08-05 05:10:37.392821 [[1;37mINFO[0m] [1;32mevse_manager:Ev[0m [1;36m[0m [1;30m:[0m[1;32m[0m:                                     [1;33mCAR ISO V2G SupportedAppProtocolReq[1;0m
2026-08-05 05:10:37.411405 [[1;37mINFO[0m] [1;32miso15118_20:Evs[0m [1;36m[0m [1;30m:[0m[1;32m[0m: Received session setup with evccid: EVCC01
2026-08-05 05:10:37.411791 [[1;37mINFO[0m] [1;32miso15118_20:Evs[0m [1;36m[0m [1;30m:[0m[1;32m[0m: New session created with session_id: 0x72, 0x94, 0x80, 0x76, 0x1B, 0x9A, 0xB0, 0x95
2026-08-05 05:10:37.434841 [[1;37mINFO[0m] [1;32mevse_manager:Ev[0m [1;36m[0m [1;30m:[0m[1;32m[0m: [1;34mEVSE ISO V2G SupportedAppProtocolRes[1;0m
2026-08-05 05:10:37.435159 [[1;37mINFO[0m] [1;32mevse_manager:Ev[0m [1;36m[0m [1;30m:[0m[1;32m[0m:                                     [1;33mCAR ISO V2G SessionSetupReq[1;0m
2026-08-05 05:10:37.501645 [[1;37mINFO[0m] [1;32miso15118_20:Evs[0m [1;36m[0m [1;30m:[0m[1;32m[0m: Timestamp: 1785899437
2026-08-05 05:10:37.538162 [[1;37mINFO[0m] [1;32mevse_manager:Ev[0m [1;36m[0m [1;30m:[0m[1;32m[0m: [1;34mEVSE ISO V2G SessionSetupRes[1;0m
2026-08-05 05:10:37.538402 [[1;37mINFO[0m] [1;32mevse_manager:Ev[0m [1;36m[0m [1;30m:[0m[1;32m[0m:                                     [1;33mCAR ISO V2G AuthorizationSetupReq[1;0m
2026-08-05 05:10:37.653333 [[1;37mINFO[0m] [1;32mevse_manager:Ev[0m [1;36m[0m [1;30m:[0m[1;32m[0m: [1;34mEVSE ISO V2G AuthorizationSetupRes[1;0m
2026-08-05 05:10:37.653550 [[1;37mINFO[0m] [1;32mevse_manager:Ev[0m [1;36m[0m [1;30m:[0m[1;32m[0m:                                     [1;33mCAR ISO V2G AuthorizationReq[1;0m
2026-08-05 05:10:37.769573 [[1;37mINFO[0m] [1;32mevse_manager:Ev[0m [1;36m[0m [1;30m:[0m[1;32m[0m: [1;34mEVSE ISO V2G AuthorizationRes[1;0m
2026-08-05 05:10:37.770040 [[1;37mINFO[0m] [1;32mevse_manager:Ev[0m [1;36m[0m [1;30m:[0m[1;32m[0m:                                     [1;33mCAR ISO V2G AuthorizationReq[1;0m
2026-08-05 05:10:37.833543 [[1;37mINFO[0m] [1;32mevse_manager:Ev[0m [1;36m[0m [1;30m:[0m[1;32m[0m: [1;34mEVSE ISO V2G AuthorizationRes[1;0m
2026-08-05 05:10:37.833892 [[1;37mINFO[0m] [1;32mevse_manager:Ev[0m [1;36m[0m [1;30m:[0m[1;32m[0m:                                     [1;33mCAR ISO V2G ServiceDiscoveryReq[1;0m
2026-08-05 05:10:37.894604 [[1;37mINFO[0m] [1;32mevse_manager:Ev[0m [1;36m[0m [1;30m:[0m[1;32m[0m: [1;34mEVSE ISO V2G ServiceDiscoveryRes[1;0m
2026-08-05 05:10:37.895933 [[1;37mINFO[0m] [1;32miso15118_20:Evs[0m [1;36m[0m [1;30m:[0m[1;32m[0m: Requested info about ServiceID: 2
2026-08-05 05:10:37.938140 [[1;37mINFO[0m] [1;32mevse_manager:Ev[0m [1;36m[0m [1;30m:[0m[1;32m[0m:                                     [1;33mCAR ISO V2G ServiceDetailReq[1;0m
2026-08-05 05:10:37.994656 [[1;37mINFO[0m] [1;32mevse_manager:Ev[0m [1;36m[0m [1;30m:[0m[1;32m[0m: [1;34mEVSE ISO V2G ServiceDetailRes[1;0m
2026-08-05 05:10:37.996250 [[1;37mINFO[0m] [1;32miso15118_20:Evs[0m [1;36m[0m [1;30m:[0m[1;32m[0m: Selected DC service parameters: control mode: Scheduled, mobility needs mode: ProvidedByEvcc
2026-08-05 05:10:38.038182 [[1;37mINFO[0m] [1;32mevse_manager:Ev[0m [1;36m[0m [1;30m:[0m[1;32m[0m:                                     [1;33mCAR ISO V2G ServiceSelectionReq[1;0m
2026-08-05 05:10:38.038263 [[1;37mINFO[0m] [1;32mevse_manager:Ev[0m [1;36m[0m [1;30m:[0m[1;32m[0m:                                     [1;33mCAR ISO EV selected service: DC[1;0m
2026-08-05 05:10:38.096905 [[1;37mINFO[0m] [1;32miso15118_20:Evs[0m [1;36m[0m [1;30m:[0m[1;32m[0m: Max charge current 200.000000A
2026-08-05 05:10:38.135895 [[1;37mINFO[0m] [1;32mevse_manager:Ev[0m [1;36m[0m [1;30m:[0m[1;32m[0m: [1;34mEVSE ISO V2G ServiceSelectionRes[1;0m
2026-08-05 05:10:38.135931 [[1;37mINFO[0m] [1;32mevse_manager:Ev[0m [1;36m[0m [1;30m:[0m[1;32m[0m: Received EV maximum limits: {
    "dc_ev_maximum_current_limit": 200.0,
    "dc_ev_maximum_power_limit": 50000.0,
    "dc_ev_maximum_voltage_limit": 500.0
}
2026-08-05 05:10:38.177144 [[1;37mINFO[0m] [1;32mevse_manager:Ev[0m [1;36m[0m [1;30m:[0m[1;32m[0m:                                     [1;33mCAR ISO V2G DcChargeParameterDiscoveryReq[1;0m
2026-08-05 05:10:38.229438 [[1;37mINFO[0m] [1;32mevse_manager:Ev[0m [1;36m[0m [1;30m:[0m[1;32m[0m: [1;34mEVSE ISO V2G DcChargeParameterDiscoveryRes[1;0m
2026-08-05 05:10:38.261504 [[1;37mINFO[0m] [1;32mevse_manager:Ev[0m [1;36m[0m [1;30m:[0m[1;32m[0m:                                     [1;33mCAR ISO V2G ScheduleExchangeReq[1;0m
2026-08-05 05:10:38.333522 [[1;37mINFO[0m] [1;32mevse_manager:Ev[0m [1;36m[0m [1;30m:[0m[1;32m[0m: [1;34mEVSE ISO V2G ScheduleExchangeRes[1;0m
2026-08-05 05:10:38.333646 [[1;37mINFO[0m] [1;32mevse_manager:Ev[0m [1;36m[0m [1;30m:[0m[1;32m[0m: [1;34mEVSE ISO Start cable check...[1;0m
2026-08-05 05:10:38.333764 [[1;37mINFO[0m] [1;32mevse_manager:Ev[0m [1;36m[0m [1;30m:[0m[1;32m[0m:                                     [1;33mCAR ISO DC HLC Close contactor (in CableCheck)[1;0m
2026-08-05 05:10:38.333804 [[1;37mINFO[0m] [1;32mevse_manager:Ev[0m [1;36m[0m [1;30m:[0m[1;32m[0m:                                     [1;33mCAR ISO V2G DcCableCheckReq[1;0m
2026-08-05 05:10:38.441958 [[1;37mINFO[0m] [1;32mevse_manager:Ev[0m [1;36m[0m [1;30m:[0m[1;32m[0m: [1;34mEVSE ISO V2G DcCableCheckRes[1;0m
2026-08-05 05:10:38.486029 [[1;37mINFO[0m] [1;32mevse_manager:Ev[0m [1;36m[0m [1;30m:[0m[1;32m[0m:                                     [1;33mCAR ISO V2G DcCableCheckReq[1;0m
2026-08-05 05:10:38.530002 [[1;37mINFO[0m] [1;32mevse_manager:Ev[0m [1;36m[0m [1;30m:[0m[1;32m[0m: [1;34mEVSE ISO V2G DcCableCheckRes[1;0m
2026-08-05 05:10:38.541544 [[1;37mINFO[0m] [1;32mevse_manager:Ev[0m [1;36m[0m [1;30m:[0m[1;32m[0m: [1;34mEVSE IEC Event PowerOn[1;0m
2026-08-05 05:10:38.585540 [[1;37mINFO[0m] [1;32mevse_manager:Ev[0m [1;36m[0m [1;30m:[0m[1;32m[0m:                                     [1;33mCAR ISO V2G DcCableCheckReq[1;0m
2026-08-05 05:10:38.634435 [[1;37mINFO[0m] [1;32mevse_manager:Ev[0m [1;36m[0m [1;30m:[0m[1;32m[0m: EV reports 500 V as maximum voltage
2026-08-05 05:10:38.634634 [[1;37mINFO[0m] [1;32mevse_manager:Ev[0m [1;36m[0m [1;30m:[0m[1;32m[0m: [1;34mEVSE IEC DC power supply set: 500.00V/2.00A, requested was 500.00V/2.00A.[1;0m
2026-08-05 05:10:38.677315 [[1;37mINFO[0m] [1;32mevse_manager:Ev[0m [1;36m[0m [1;30m:[0m[1;32m[0m: CableCheck: Using 500 V
2026-08-05 05:10:38.677400 [[1;37mINFO[0m] [1;32mevse_manager:Ev[0m [1;36m[0m [1;30m:[0m[1;32m[0m: [1;34mEVSE ISO V2G DcCableCheckRes[1;0m
2026-08-05 05:10:38.677423 [[1;37mINFO[0m] [1;32mevse_manager:Ev[0m [1;36m[0m [1;30m:[0m[1;32m[0m: [1;34mEVSE IEC DC power supply: switch ON called, ChargingPhase: CableCheck[1;0m
2026-08-05 05:10:38.678333 [[1;37mINFO[0m] [1;32mpowersupply_dc:[0m [1;36m[0m [1;30m:[0m[1;32m[0m: Set mode: Export ChargingPhase: CableCheck
2026-08-05 05:10:38.725387 [[1;37mINFO[0m] [1;32mevse_manager:Ev[0m [1;36m[0m [1;30m:[0m[1;32m[0m:                                     [1;33mCAR ISO V2G DcCableCheckReq[1;0m
2026-08-05 05:10:38.725652 [[1;37mINFO[0m] [1;32mevse_manager:Ev[0m [1;36m[0m [1;30m:[0m[1;32m[0m: [1;34mEVSE ISO V2G DcCableCheckRes[1;0m
2026-08-05 05:10:38.762103 [[1;37mINFO[0m] [1;32mevse_manager:Ev[0m [1;36m[0m [1;30m:[0m[1;32m[0m:                                     [1;33mCAR ISO V2G DcCableCheckReq[1;0m
2026-08-05 05:10:38.837346 [[1;37mINFO[0m] [1;32mevse_manager:Ev[0m [1;36m[0m [1;30m:[0m[1;32m[0m: [1;34mEVSE ISO V2G DcCableCheckRes[1;0m
2026-08-05 05:10:38.881540 [[1;37mINFO[0m] [1;32mevse_manager:Ev[0m [1;36m[0m [1;30m:[0m[1;32m[0m:                                     [1;33mCAR ISO V2G DcCableCheckReq[1;0m
2026-08-05 05:10:38.942015 [[1;37mINFO[0m] [1;32mevse_manager:Ev[0m [1;36m[0m [1;30m:[0m[1;32m[0m: [1;34mEVSE ISO V2G DcCableCheckRes[1;0m
2026-08-05 05:10:38.986045 [[1;37mINFO[0m] [1;32mevse_manager:Ev[0m [1;36m[0m [1;30m:[0m[1;32m[0m:                                     [1;33mCAR ISO V2G DcCableCheckReq[1;0m
2026-08-05 05:10:39.034352 [[1;37mINFO[0m] [1;32mevse_manager:Ev[0m [1;36m[0m [1;30m:[0m[1;32m[0m: [1;34mEVSE ISO V2G DcCableCheckRes[1;0m
2026-08-05 05:10:39.109362 [[1;37mINFO[0m] [1;32mevse_manager:Ev[0m [1;36m[0m [1;30m:[0m[1;32m[0m: CableCheck: IMD self test started.
2026-08-05 05:10:39.109421 [[1;37mINFO[0m] [1;32mevse_manager:Ev[0m [1;36m[0m [1;30m:[0m[1;32m[0m:                                     [1;33mCAR ISO V2G DcCableCheckReq[1;0m
2026-08-05 05:10:39.122207 [[1;37mINFO[0m] [1;32mevse_manager:Ev[0m [1;36m[0m [1;30m:[0m[1;32m[0m: [1;34mEVSE ISO V2G DcCableCheckRes[1;0m
2026-08-05 05:10:39.210412 [[1;37mINFO[0m] [1;32mevse_manager:Ev[0m [1;36m[0m [1;30m:[0m[1;32m[0m:                                     [1;33mCAR ISO V2G DcCableCheckReq[1;0m
2026-08-05 05:10:39.236635 [[1;37mINFO[0m] [1;32mevse_manager:Ev[0m [1;36m[0m [1;30m:[0m[1;32m[0m: [1;34mEVSE ISO Change HLC Limits: 22080W/200A, target_voltage 0, actual_voltage 500, bpt_active false[1;0m
2026-08-05 05:10:39.281416 [[1;37mINFO[0m] [1;32mevse_manager:Ev[0m [1;36m[0m [1;30m:[0m[1;32m[0m: [1;34mEVSE ISO V2G DcCableCheckRes[1;0m
2026-08-05 05:10:39.281667 [[1;37mINFO[0m] [1;32mevse_manager:Ev[0m [1;36m[0m [1;30m:[0m[1;32m[0m:                                     [1;33mCAR ISO V2G DcCableCheckReq[1;0m
2026-08-05 05:10:39.325392 [[1;37mINFO[0m] [1;32mevse_manager:Ev[0m [1;36m[0m [1;30m:[0m[1;32m[0m: [1;34mEVSE ISO V2G DcCableCheckRes[1;0m
2026-08-05 05:10:39.394324 [[1;37mINFO[0m] [1;32mevse_manager:Ev[0m [1;36m[0m [1;30m:[0m[1;32m[0m:                                     [1;33mCAR ISO V2G DcCableCheckReq[1;0m
2026-08-05 05:10:39.438058 [[1;37mINFO[0m] [1;32mevse_manager:Ev[0m [1;36m[0m [1;30m:[0m[1;32m[0m: [1;34mEVSE ISO V2G DcCableCheckRes[1;0m
2026-08-05 05:10:39.481640 [[1;37mINFO[0m] [1;32mevse_manager:Ev[0m [1;36m[0m [1;30m:[0m[1;32m[0m:                                     [1;33mCAR ISO V2G DcCableCheckReq[1;0m
2026-08-05 05:10:39.526209 [[1;37mINFO[0m] [1;32mevse_manager:Ev[0m [1;36m[0m [1;30m:[0m[1;32m[0m: [1;34mEVSE ISO V2G DcCableCheckRes[1;0m
2026-08-05 05:10:39.569901 [[1;37mINFO[0m] [1;32mevse_manager:Ev[0m [1;36m[0m [1;30m:[0m[1;32m[0m:                                     [1;33mCAR ISO V2G DcCableCheckReq[1;0m
2026-08-05 05:10:39.614306 [[1;37mINFO[0m] [1;32mevse_manager:Ev[0m [1;36m[0m [1;30m:[0m[1;32m[0m: [1;34mEVSE ISO V2G DcCableCheckRes[1;0m
2026-08-05 05:10:39.658029 [[1;37mINFO[0m] [1;32mevse_manager:Ev[0m [1;36m[0m [1;30m:[0m[1;32m[0m:                                     [1;33mCAR ISO V2G DcCableCheckReq[1;0m
2026-08-05 05:10:39.702138 [[1;37mINFO[0m] [1;32mevse_manager:Ev[0m [1;36m[0m [1;30m:[0m[1;32m[0m: [1;34mEVSE ISO V2G DcCableCheckRes[1;0m
2026-08-05 05:10:39.794041 [[1;37mINFO[0m] [1;32mevse_manager:Ev[0m [1;36m[0m [1;30m:[0m[1;32m[0m:                                     [1;33mCAR ISO V2G DcCableCheckReq[1;0m
2026-08-05 05:10:39.841297 [[1;37mINFO[0m] [1;32mevse_manager:Ev[0m [1;36m[0m [1;30m:[0m[1;32m[0m: [1;34mEVSE ISO V2G DcCableCheckRes[1;0m
2026-08-05 05:10:39.886119 [[1;37mINFO[0m] [1;32mevse_manager:Ev[0m [1;36m[0m [1;30m:[0m[1;32m[0m:                                     [1;33mCAR ISO V2G DcCableCheckReq[1;0m
2026-08-05 05:10:39.929889 [[1;37mINFO[0m] [1;32mevse_manager:Ev[0m [1;36m[0m [1;30m:[0m[1;32m[0m: [1;34mEVSE ISO V2G DcCableCheckRes[1;0m
2026-08-05 05:10:39.973963 [[1;37mINFO[0m] [1;32mevse_manager:Ev[0m [1;36m[0m [1;30m:[0m[1;32m[0m:                                     [1;33mCAR ISO V2G DcCableCheckReq[1;0m
2026-08-05 05:10:40.018094 [[1;37mINFO[0m] [1;32mevse_manager:Ev[0m [1;36m[0m [1;30m:[0m[1;32m[0m: [1;34mEVSE ISO V2G DcCableCheckRes[1;0m
2026-08-05 05:10:40.061995 [[1;37mINFO[0m] [1;32mevse_manager:Ev[0m [1;36m[0m [1;30m:[0m[1;32m[0m:                                     [1;33mCAR ISO V2G DcCableCheckReq[1;0m
2026-08-05 05:10:40.109136 [[1;37mINFO[0m] [1;32mevse_manager:Ev[0m [1;36m[0m [1;30m:[0m[1;32m[0m: [1;34mEVSE ISO V2G DcCableCheckRes[1;0m
2026-08-05 05:10:40.237460 [[1;37mINFO[0m] [1;32mevse_manager:Ev[0m [1;36m[0m [1;30m:[0m[1;32m[0m:                                     [1;33mCAR ISO V2G DcCableCheckReq[1;0m
2026-08-05 05:10:40.237930 [[1;37mINFO[0m] [1;32mevse_manager:Ev[0m [1;36m[0m [1;30m:[0m[1;32m[0m: [1;34mEVSE ISO V2G DcCableCheckRes[1;0m
2026-08-05 05:10:40.238140 [[1;37mINFO[0m] [1;32mevse_manager:Ev[0m [1;36m[0m [1;30m:[0m[1;32m[0m:                                     [1;33mCAR ISO V2G DcCableCheckReq[1;0m
2026-08-05 05:10:40.345289 [[1;37mINFO[0m] [1;32mevse_manager:Ev[0m [1;36m[0m [1;30m:[0m[1;32m[0m: [1;34mEVSE ISO V2G DcCableCheckRes[1;0m
2026-08-05 05:10:40.370036 [[1;37mINFO[0m] [1;32mevse_manager:Ev[0m [1;36m[0m [1;30m:[0m[1;32m[0m:                                     [1;33mCAR ISO V2G DcCableCheckReq[1;0m
2026-08-05 05:10:40.413963 [[1;37mINFO[0m] [1;32mevse_manager:Ev[0m [1;36m[0m [1;30m:[0m[1;32m[0m: [1;34mEVSE ISO V2G DcCableCheckRes[1;0m
2026-08-05 05:10:40.457839 [[1;37mINFO[0m] [1;32mevse_manager:Ev[0m [1;36m[0m [1;30m:[0m[1;32m[0m:                                     [1;33mCAR ISO V2G DcCableCheckReq[1;0m
2026-08-05 05:10:40.502284 [[1;37mINFO[0m] [1;32mevse_manager:Ev[0m [1;36m[0m [1;30m:[0m[1;32m[0m: [1;34mEVSE ISO V2G DcCableCheckRes[1;0m
2026-08-05 05:10:40.577423 [[1;37mINFO[0m] [1;32mevse_manager:Ev[0m [1;36m[0m [1;30m:[0m[1;32m[0m:                                     [1;33mCAR ISO V2G DcCableCheckReq[1;0m
2026-08-05 05:10:40.665231 [[1;37mINFO[0m] [1;32mevse_manager:Ev[0m [1;36m[0m [1;30m:[0m[1;32m[0m: [1;34mEVSE ISO V2G DcCableCheckRes[1;0m
2026-08-05 05:10:40.665496 [[1;37mINFO[0m] [1;32mevse_manager:Ev[0m [1;36m[0m [1;30m:[0m[1;32m[0m:                                     [1;33mCAR ISO V2G DcCableCheckReq[1;0m
2026-08-05 05:10:40.730062 [[1;37mINFO[0m] [1;32mevse_manager:Ev[0m [1;36m[0m [1;30m:[0m[1;32m[0m: [1;34mEVSE ISO V2G DcCableCheckRes[1;0m
2026-08-05 05:10:40.774062 [[1;37mINFO[0m] [1;32mevse_manager:Ev[0m [1;36m[0m [1;30m:[0m[1;32m[0m:                                     [1;33mCAR ISO V2G DcCableCheckReq[1;0m
2026-08-05 05:10:40.861257 [[1;37mINFO[0m] [1;32mevse_manager:Ev[0m [1;36m[0m [1;30m:[0m[1;32m[0m: [1;34mEVSE ISO V2G DcCableCheckRes[1;0m
2026-08-05 05:10:40.866236 [[1;37mINFO[0m] [1;32mevse_manager:Ev[0m [1;36m[0m [1;30m:[0m[1;32m[0m:                                     [1;33mCAR ISO V2G DcCableCheckReq[1;0m
2026-08-05 05:10:40.913982 [[1;37mINFO[0m] [1;32mevse_manager:Ev[0m [1;36m[0m [1;30m:[0m[1;32m[0m: [1;34mEVSE ISO V2G DcCableCheckRes[1;0m
2026-08-05 05:10:40.957790 [[1;37mINFO[0m] [1;32mevse_manager:Ev[0m [1;36m[0m [1;30m:[0m[1;32m[0m:                                     [1;33mCAR ISO V2G DcCableCheckReq[1;0m
2026-08-05 05:10:41.002147 [[1;37mINFO[0m] [1;32mevse_manager:Ev[0m [1;36m[0m [1;30m:[0m[1;32m[0m: [1;34mEVSE ISO V2G DcCableCheckRes[1;0m
2026-08-05 05:10:41.058892 [[1;37mINFO[0m] [1;32mevse_manager:Ev[0m [1;36m[0m [1;30m:[0m[1;32m[0m:                                     [1;33mCAR ISO V2G DcCableCheckReq[1;0m
2026-08-05 05:10:41.113259 [[1;37mINFO[0m] [1;32mevse_manager:Ev[0m [1;36m[0m [1;30m:[0m[1;32m[0m: [1;34mEVSE ISO V2G DcCableCheckRes[1;0m
2026-08-05 05:10:41.190207 [[1;37mINFO[0m] [1;32mevse_manager:Ev[0m [1;36m[0m [1;30m:[0m[1;32m[0m:                                     [1;33mCAR ISO V2G DcCableCheckReq[1;0m
2026-08-05 05:10:41.234175 [[1;37mINFO[0m] [1;32mevse_manager:Ev[0m [1;36m[0m [1;30m:[0m[1;32m[0m: [1;34mEVSE ISO V2G DcCableCheckRes[1;0m
2026-08-05 05:10:41.278303 [[1;37mINFO[0m] [1;32mevse_manager:Ev[0m [1;36m[0m [1;30m:[0m[1;32m[0m:                                     [1;33mCAR ISO V2G DcCableCheckReq[1;0m
2026-08-05 05:10:41.345260 [[1;37mINFO[0m] [1;32mevse_manager:Ev[0m [1;36m[0m [1;30m:[0m[1;32m[0m: [1;34mEVSE ISO V2G DcCableCheckRes[1;0m
2026-08-05 05:10:41.366129 [[1;37mINFO[0m] [1;32mevse_manager:Ev[0m [1;36m[0m [1;30m:[0m[1;32m[0m:                                     [1;33mCAR ISO V2G DcCableCheckReq[1;0m
2026-08-05 05:10:41.410053 [[1;37mINFO[0m] [1;32mevse_manager:Ev[0m [1;36m[0m [1;30m:[0m[1;32m[0m: [1;34mEVSE ISO V2G DcCableCheckRes[1;0m
2026-08-05 05:10:41.458856 [[1;37mINFO[0m] [1;32mevse_manager:Ev[0m [1;36m[0m [1;30m:[0m[1;32m[0m:                                     [1;33mCAR ISO V2G DcCableCheckReq[1;0m
2026-08-05 05:10:41.502036 [[1;37mINFO[0m] [1;32mevse_manager:Ev[0m [1;36m[0m [1;30m:[0m[1;32m[0m: [1;34mEVSE ISO V2G DcCableCheckRes[1;0m
2026-08-05 05:10:41.552907 [[1;37mINFO[0m] [1;32mevse_manager:Ev[0m [1;36m[0m [1;30m:[0m[1;32m[0m:                                     [1;33mCAR ISO V2G DcCableCheckReq[1;0m
2026-08-05 05:10:41.657253 [[1;37mINFO[0m] [1;32mevse_manager:Ev[0m [1;36m[0m [1;30m:[0m[1;32m[0m: [1;34mEVSE ISO V2G DcCableCheckRes[1;0m
2026-08-05 05:10:41.682309 [[1;37mINFO[0m] [1;32mevse_manager:Ev[0m [1;36m[0m [1;30m:[0m[1;32m[0m:                                     [1;33mCAR ISO V2G DcCableCheckReq[1;0m
2026-08-05 05:10:41.726151 [[1;37mINFO[0m] [1;32mevse_manager:Ev[0m [1;36m[0m [1;30m:[0m[1;32m[0m: [1;34mEVSE ISO V2G DcCableCheckRes[1;0m
2026-08-05 05:10:41.770156 [[1;37mINFO[0m] [1;32mevse_manager:Ev[0m [1;36m[0m [1;30m:[0m[1;32m[0m:                                     [1;33mCAR ISO V2G DcCableCheckReq[1;0m
2026-08-05 05:10:41.861314 [[1;37mINFO[0m] [1;32mevse_manager:Ev[0m [1;36m[0m [1;30m:[0m[1;32m[0m: [1;34mEVSE ISO V2G DcCableCheckRes[1;0m
2026-08-05 05:10:41.861949 [[1;37mINFO[0m] [1;32mevse_manager:Ev[0m [1;36m[0m [1;30m:[0m[1;32m[0m:                                     [1;33mCAR ISO V2G DcCableCheckReq[1;0m
2026-08-05 05:10:41.905949 [[1;37mINFO[0m] [1;32mevse_manager:Ev[0m [1;36m[0m [1;30m:[0m[1;32m[0m: [1;34mEVSE ISO V2G DcCableCheckRes[1;0m
2026-08-05 05:10:41.958506 [[1;37mINFO[0m] [1;32mevse_manager:Ev[0m [1;36m[0m [1;30m:[0m[1;32m[0m:                                     [1;33mCAR ISO V2G DcCableCheckReq[1;0m
2026-08-05 05:10:42.002036 [[1;37mINFO[0m] [1;32mevse_manager:Ev[0m [1;36m[0m [1;30m:[0m[1;32m[0m: [1;34mEVSE ISO V2G DcCableCheckRes[1;0m
2026-08-05 05:10:42.051720 [[1;37mINFO[0m] [1;32mevse_manager:Ev[0m [1;36m[0m [1;30m:[0m[1;32m[0m:                                     [1;33mCAR ISO V2G DcCableCheckReq[1;0m
2026-08-05 05:10:42.068756 [[1;37mINFO[0m] [1;32mevse_manager:Ev[0m [1;36m[0m [1;30m:[0m[1;32m[0m: [1;34mEVSE IEC Isolation monitor self test result: true[1;0m
2026-08-05 05:10:42.109245 [[1;37mINFO[0m] [1;32mimd:IMDSimulato[0m [1;36m[0m [1;30m:[0m[1;32m[0m: Started simulated isolation monitoring with 1000 ms interval
2026-08-05 05:10:42.117394 [[1;37mINFO[0m] [1;32mevse_manager:Ev[0m [1;36m[0m [1;30m:[0m[1;32m[0m: CableCheck: Waiting for 1 isolation measurement sample(s)
2026-08-05 05:10:42.117421 [[1;37mINFO[0m] [1;32mevse_manager:Ev[0m [1;36m[0m [1;30m:[0m[1;32m[0m: [1;34mEVSE ISO V2G DcCableCheckRes[1;0m
2026-08-05 05:10:42.165398 [[1;37mINFO[0m] [1;32mevse_manager:Ev[0m [1;36m[0m [1;30m:[0m[1;32m[0m: [1;34mEVSE IEC Isolation measurement Ok R_F 900000.[1;0m
2026-08-05 05:10:42.209175 [[1;37mINFO[0m] [1;32mevse_manager:Ev[0m [1;36m[0m [1;30m:[0m[1;32m[0m:                                     [1;33mCAR ISO V2G DcCableCheckReq[1;0m
2026-08-05 05:10:42.230092 [[1;37mINFO[0m] [1;32mevse_manager:Ev[0m [1;36m[0m [1;30m:[0m[1;32m[0m: [1;34mEVSE ISO V2G DcCableCheckRes[1;0m
2026-08-05 05:10:42.278098 [[1;37mINFO[0m] [1;32mevse_manager:Ev[0m [1;36m[0m [1;30m:[0m[1;32m[0m: [1;34mEVSE IEC DC power supply OFF[1;0m
2026-08-05 05:10:42.278857 [[1;37mINFO[0m] [1;32mpowersupply_dc:[0m [1;36m[0m [1;30m:[0m[1;32m[0m: Set mode: Off ChargingPhase: CableCheck
2026-08-05 05:10:42.321876 [[1;37mINFO[0m] [1;32mevse_manager:Ev[0m [1;36m[0m [1;30m:[0m[1;32m[0m:                                     [1;33mCAR ISO V2G DcCableCheckReq[1;0m
2026-08-05 05:10:42.365519 [[1;37mINFO[0m] [1;32mevse_manager:Ev[0m [1;36m[0m [1;30m:[0m[1;32m[0m: [1;34mEVSE ISO V2G DcCableCheckRes[1;0m
2026-08-05 05:10:42.366255 [[1;37mINFO[0m] [1;32mevse_manager:Ev[0m [1;36m[0m [1;30m:[0m[1;32m[0m:                                     [1;33mCAR ISO V2G DcCableCheckReq[1;0m
2026-08-05 05:10:42.413995 [[1;37mINFO[0m] [1;32mevse_manager:Ev[0m [1;36m[0m [1;30m:[0m[1;32m[0m: [1;34mEVSE ISO V2G DcCableCheckRes[1;0m
2026-08-05 05:10:42.461920 [[1;37mINFO[0m] [1;32mevse_manager:Ev[0m [1;36m[0m [1;30m:[0m[1;32m[0m:                                     [1;33mCAR ISO V2G DcCableCheckReq[1;0m
2026-08-05 05:10:42.505929 [[1;37mINFO[0m] [1;32mevse_manager:Ev[0m [1;36m[0m [1;30m:[0m[1;32m[0m: [1;34mEVSE ISO V2G DcCableCheckRes[1;0m
2026-08-05 05:10:42.560483 [[1;37mINFO[0m] [1;32mevse_manager:Ev[0m [1;36m[0m [1;30m:[0m[1;32m[0m:                                     [1;33mCAR ISO V2G DcCableCheckReq[1;0m
2026-08-05 05:10:42.570337 [[1;37mINFO[0m] [1;32mevse_manager:Ev[0m [1;36m[0m [1;30m:[0m[1;32m[0m: CableCheck done, output is below 60V
2026-08-05 05:10:42.617333 [[1;37mINFO[0m] [1;32mevse_manager:Ev[0m [1;36m[0m [1;30m:[0m[1;32m[0m: [1;34mEVSE ISO V2G DcCableCheckRes[1;0m
2026-08-05 05:10:42.705346 [[1;37mINFO[0m] [1;32mevse_manager:Ev[0m [1;36m[0m [1;30m:[0m[1;32m[0m:                                     [1;33mCAR ISO V2G DcCableCheckReq[1;0m
2026-08-05 05:10:42.742160 [[1;37mINFO[0m] [1;32mevse_manager:Ev[0m [1;36m[0m [1;30m:[0m[1;32m[0m: [1;34mEVSE ISO V2G DcCableCheckRes[1;0m
2026-08-05 05:10:42.786119 [[1;37mINFO[0m] [1;32mevse_manager:Ev[0m [1;36m[0m [1;30m:[0m[1;32m[0m:                                     [1;33mCAR ISO V2G DcCableCheckReq[1;0m
2026-08-05 05:10:42.857308 [[1;37mINFO[0m] [1;32mevse_manager:Ev[0m [1;36m[0m [1;30m:[0m[1;32m[0m: [1;34mEVSE ISO V2G DcCableCheckRes[1;0m
2026-08-05 05:10:42.857405 [[1;37mINFO[0m] [1;32mevse_manager:Ev[0m [1;36m[0m [1;30m:[0m[1;32m[0m: [1;34mEVSE IEC DC power supply set: 400.00V/1.00A, requested was 400.00V/0.00A.[1;0m
2026-08-05 05:10:42.905240 [[1;37mINFO[0m] [1;32mevse_manager:Ev[0m [1;36m[0m [1;30m:[0m[1;32m[0m:                                     [1;33mCAR ISO V2G DcPreChargeReq[1;0m
2026-08-05 05:10:42.905238 [[1;37mINFO[0m] [1;32mevse_manager:Ev[0m [1;36m[0m [1;30m:[0m[1;32m[0m: [1;34mEVSE IEC DC power supply: switch ON called, ChargingPhase: PreCharge[1;0m
2026-08-05 05:10:42.906081 [[1;37mINFO[0m] [1;32mpowersupply_dc:[0m [1;36m[0m [1;30m:[0m[1;32m[0m: Set mode: Export ChargingPhase: PreCharge
2026-08-05 05:10:42.949467 [[1;37mINFO[0m] [1;32mevse_manager:Ev[0m [1;36m[0m [1;30m:[0m[1;32m[0m: [1;34mEVSE ISO V2G DcPreChargeRes[1;0m
2026-08-05 05:10:42.949776 [[1;37mINFO[0m] [1;32mevse_manager:Ev[0m [1;36m[0m [1;30m:[0m[1;32m[0m:                                     [1;33mCAR ISO V2G PowerDeliveryReq[1;0m
2026-08-05 05:10:42.997911 [[1;37mINFO[0m] [1;32mevse_manager:Ev[0m [1;36m[0m [1;30m:[0m[1;32m[0m: [1;34mEVSE ISO V2G PowerDeliveryRes[1;0m
2026-08-05 05:10:43.042007 [[1;37mINFO[0m] [1;32mevse_manager:Ev[0m [1;36m[0m [1;30m:[0m[1;32m[0m: [1;34mEVSE IEC DC power supply: switch ON in export mode[1;0m
2026-08-05 05:10:43.042031 [[1;37mINFO[0m] [1;32mevse_manager:Ev[0m [1;36m[0m [1;30m:[0m[1;32m[0m: [1;34mEVSE IEC DC power supply set: 400.00V/120.00A, requested was 400.00V/120.00A.[1;0m
2026-08-05 05:10:43.042988 [[1;37mINFO[0m] [1;32mpowersupply_dc:[0m [1;36m[0m [1;30m:[0m[1;32m[0m: Set mode: Export ChargingPhase: Charging
2026-08-05 05:10:43.085400 [[1;37mINFO[0m] [1;32mevse_manager:Ev[0m [1;36m[0m [1;30m:[0m[1;32m[0m:                                     [1;33mCAR ISO V2G DcChargeLoopReq[1;0m
2026-08-05 05:10:43.085400 [[1;37mINFO[0m] [1;32mevse_manager:Ev[0m [1;36m[0m [1;30m:[0m[1;32m[0m: [1;34mEVSE IEC DC power supply set: 400.00V/1.00A, requested was 400.00V/0.00A.[1;0m
2026-08-05 05:10:43.129347 [[1;37mINFO[0m] [1;32mevse_manager:Ev[0m [1;36m[0m [1;30m:[0m[1;32m[0m: VoltagePlausibilityMonitor, start monitoring
2026-08-05 05:10:43.129428 [[1;37mINFO[0m] [1;32mevse_manager:Ev[0m [1;36m[0m [1;30m:[0m[1;32m[0m: [1;34mEVSE IEC Isolation measurement Ok R_F 900000.[1;0m
2026-08-05 05:10:43.129803 [[1;37mINFO[0m] [1;32mevse_manager:Ev[0m [1;36m[0m [1;30m:[0m[1;32m[0m: [1;34mEVSE ISO V2G DcChargeLoopRes[1;0m
2026-08-05 05:10:43.147949 [[1;37mINFO[0m] [1;32mevse_manager:Ev[0m [1;36m[0m [1;30m:[0m[1;32m[0m: [1;34mEVSE IEC Charger state: PrepareCharging->Charging[1;0m
2026-08-05 05:10:43.148455 [[1;37mINFO[0m] [1;32mevse_manager:Ev[0m [1;36m[0m [1;30m:[0m[1;32m[0m: Timing statistics (Plugin to CurrentDemand)
2026-08-05 05:10:43.148477 [[1;37mINFO[0m] [1;32mevse_manager:Ev[0m [1;36m[0m [1;30m:[0m[1;32m[0m: -------------------------------------------
2026-08-05 05:10:43.148483 [[1;37mINFO[0m] [1;32mevse_manager:Ev[0m [1;36m[0m [1;30m:[0m[1;32m[0m: ConnSetup | HLC_PWM_5%_ON: 791 ms | D-LINK_READY: 1487 ms | Auth EIM Done: 8421 ms | Total: 11308 ms
2026-08-05 05:10:43.148490 [[1;37mINFO[0m] [1;32mevse_manager:Ev[0m [1;36m[0m [1;30m:[0m[1;32m[0m: CableCheck | <60V: 0 ms | Relay On: 300 ms | EVInfo: 0 ms | VRampUp: 431 ms | Self test: 3002 ms | Measure: 96 ms | VRampDown: 405 ms | Total: 4371 ms
2026-08-05 05:10:43.148496 [[1;37mINFO[0m] [1;32mevse_manager:Ev[0m [1;36m[0m [1;30m:[0m[1;32m[0m: PrepareCharging | Charging started: 443 ms | Total: 443 ms
2026-08-05 05:10:43.148501 [[1;37mINFO[0m] [1;32mevse_manager:Ev[0m [1;36m[0m [1;30m:[0m[1;32m[0m: Total duration all phases: 16123 ms
2026-08-05 05:10:43.265712 [[1;37mINFO[0m] [1;32mevse_manager:Ev[0m [1;36m[0m [1;30m:[0m[1;32m[0m:                                     [1;33mCAR ISO V2G DcChargeLoopReq[1;0m
2026-08-05 05:10:43.313383 [[1;37mINFO[0m] [1;32mevse_manager:Ev[0m [1;36m[0m [1;30m:[0m[1;32m[0m: [1;34mEVSE IEC DC power supply set: 400.00V/120.00A, requested was 400.00V/120.00A.[1;0m
2026-08-05 05:10:43.357538 [[1;37mINFO[0m] [1;32mevse_manager:Ev[0m [1;36m[0m [1;30m:[0m[1;32m[0m: [1;34mEVSE ISO V2G DcChargeLoopRes[1;0m
2026-08-05 05:10:43.405206 [[1;37mINFO[0m] [1;32mevse_manager:Ev[0m [1;36m[0m [1;30m:[0m[1;32m[0m:                                     [1;33mCAR ISO V2G DcChargeLoopReq[1;0m
2026-08-05 05:10:43.445406 [[1;37mINFO[0m] [1;32mevse_manager:Ev[0m [1;36m[0m [1;30m:[0m[1;32m[0m: [1;34mEVSE IEC DC power supply set: 400.00V/55.20A, requested was 400.00V/55.20A.[1;0m
2026-08-05 05:10:43.489240 [[1;33mWARN[0m] [1;32mevse_manager:Ev[0m [1;36mvoid module::EvseManager::process_dc_ev_target_voltage_current(const types::iso15118::DcEvseMaximumLimits&)[0m [1;30m:[0m[1;32m[0m: EV ignores new EVSE max limits. Setting target current to new EVSE max limits
2026-08-05 05:10:43.489374 [[1;37mINFO[0m] [1;32mevse_manager:Ev[0m [1;36m[0m [1;30m:[0m[1;32m[0m: [1;34mEVSE ISO V2G DcChargeLoopRes[1;0m
2026-08-05 05:10:43.489603 [[1;37mINFO[0m] [1;32mevse_manager:Ev[0m [1;36m[0m [1;30m:[0m[1;32m[0m:                                     [1;33mCAR ISO V2G PowerDeliveryReq[1;0m
2026-08-05 05:10:43.533595 [[1;37mINFO[0m] [1;32mevse_manager:Ev[0m [1;36m[0m [1;30m:[0m[1;32m[0m: VoltagePlausibilityMonitor, stop monitoring
2026-08-05 05:10:43.533656 [[1;37mINFO[0m] [1;32mevse_manager:Ev[0m [1;36m[0m [1;30m:[0m[1;32m[0m: [1;34mEVSE IEC DC power supply OFF[1;0m
2026-08-05 05:10:43.533735 [[1;37mINFO[0m] [1;32mevse_manager:Ev[0m [1;36m[0m [1;30m:[0m[1;32m[0m: [1;34mEVSE IEC DC power supply OFF[1;0m
2026-08-05 05:10:43.534656 [[1;37mINFO[0m] [1;32mpowersupply_dc:[0m [1;36m[0m [1;30m:[0m[1;32m[0m: Set mode: Off ChargingPhase: Charging
2026-08-05 05:10:43.534922 [[1;37mINFO[0m] [1;32mpowersupply_dc:[0m [1;36m[0m [1;30m:[0m[1;32m[0m: Set mode: Off ChargingPhase: Charging
2026-08-05 05:10:43.581253 [[1;37mINFO[0m] [1;32mevse_manager:Ev[0m [1;36m[0m [1;30m:[0m[1;32m[0m: [1;34mEVSE ISO V2G PowerDeliveryRes[1;0m
2026-08-05 05:10:43.581496 [[1;37mINFO[0m] [1;32mevse_manager:Ev[0m [1;36m[0m [1;30m:[0m[1;32m[0m:                                     [1;33mCAR ISO V2G DcWeldingDetectionReq[1;0m
2026-08-05 05:10:43.582191 [[1;37mINFO[0m] [1;32mimd:IMDSimulato[0m [1;36m[0m [1;30m:[0m[1;32m[0m: Stopped simulated isolation monitoring
2026-08-05 05:10:43.629328 [[1;37mINFO[0m] [1;32mevse_manager:Ev[0m [1;36m[0m [1;30m:[0m[1;32m[0m: [1;34mEVSE ISO V2G DcWeldingDetectionRes[1;0m
2026-08-05 05:10:43.629666 [[1;37mINFO[0m] [1;32mevse_manager:Ev[0m [1;36m[0m [1;30m:[0m[1;32m[0m:                                     [1;33mCAR ISO V2G SessionStopReq[1;0m
2026-08-05 05:10:43.629998 [[1;37mINFO[0m] [1;32mevse_manager:Ev[0m [1;36m[0m [1;30m:[0m[1;32m[0m: [1;34mEVSE ISO V2G SessionStopRes[1;0m

2026-08-05 05:10:43.675603 [[1;37mINFO[0m] [1;32miso_mux:IsoMux [0m [1;36m[0m [1;30m:[0m[1;32m[0m: Multiplexer: Closing TCP connection
2026-08-05 05:10:43.711854 [[1;37mINFO[0m] [1;32mevse_manager:Ev[0m [1;36m[0m [1;30m:[0m[1;32m[0m: [1;34mEVSE ISO Change HLC Limits: 22080W/55.2A, target_voltage 400, actual_voltage 0, bpt_active false[1;0m
2026-08-05 05:10:43.974401 [[1;37mINFO[0m] [1;32mevse_manager:Ev[0m [1;36m[0m [1;30m:[0m[1;32m[0m: [1;34mEVSE IEC DC power supply set: 400.00V/55.20A, requested was 400.00V/55.20A.[1;0m

2026-08-05 05:10:45.675901 [[1;37mINFO[0m] [1;32miso_mux:IsoMux [0m [1;36m[0m [1;30m:[0m[1;32m[0m: Multiplexer: TCP connection closed gracefully
2026-08-05 05:10:48.597173 [[1;37mINFO[0m] [1;32miso15118_20:Evs[0m [1;36m[0m [1;30m:[0m[1;32m[0m: Closing TCP connection
2026-08-05 05:10:49.055970 [[1;37mINFO[0m] [1;32mevse_manager:Ev[0m [1;36m[0m [1;30m:[0m[1;32m[0m: [1;34mEVSE IEC DC power supply set: 400.00V/55.20A, requested was 400.00V/55.20A.[1;0m
2026-08-05 05:10:49.105311 [[1;37mINFO[0m] [1;32mevse_manager:Ev[0m [1;36m[0m [1;30m:[0m[1;32m[0m: [1;34mEVSE IEC DC power supply: switch ON called, ChargingPhase: Other[1;0m
2026-08-05 05:10:49.149513 [[1;37mINFO[0m] [1;32mpowersupply_dc:[0m [1;36m[0m [1;30m:[0m[1;32m[0m: Set mode: Export ChargingPhase: Other
2026-08-05 05:10:49.197278 [[1;33mWARN[0m] [1;32mevse_manager:Ev[0m [1;36mvoid module::EvseManager::process_dc_ev_target_voltage_current(const types::iso15118::DcEvseMaximumLimits&)[0m [1;30m:[0m[1;32m[0m: EV ignores new EVSE max limits. Setting target current to new EVSE max limits
2026-08-05 05:10:50.395153 [[1;37mINFO[0m] [1;32mevse_manager:Ev[0m [1;36m[0m [1;30m:[0m[1;32m[0m: [1;34mEVSE ISO Change HLC Limits: 22080W/55.2A, target_voltage 400, actual_voltage 400, bpt_active false[1;0m
2026-08-05 05:10:50.597452 [[1;37mINFO[0m] [1;32miso15118_20:Evs[0m [1;36m[0m [1;30m:[0m[1;32m[0m: TCP connection closed gracefully
2026-08-05 05:10:50.597524 [[1;37mINFO[0m] [1;32miso15118_20:Evs[0m [1;36m[0m [1;30m:[0m[1;32m[0m: Connection is closed
2026-08-05 05:10:50.621467 [[1;37mINFO[0m] [1;32mevse_manager:Ev[0m [1;36m[0m [1;30m:[0m[1;32m[0m: [1;34mEVSE ISO D-LINK_TERMINATE.req[1;0m
2026-08-05 05:10:50.621682 [[1;37mINFO[0m] [1;32mevse_manager:Ev[0m [1;36m[0m [1;30m:[0m[1;32m[0m: [1;34mEVSE IEC Set PWM Off[1;0m
2026-08-05 05:10:50.713246 [[1;37mINFO[0m] [1;32mevse_manager:Ev[0m [1;36m[0m [1;30m:[0m[1;32m[0m: [1;34mEVSE ISO SLAC UNMATCHED[1;0m
2026-08-05 05:10:50.713363 [[1;37mINFO[0m] [1;32mevse_manager:Ev[0m [1;36m[0m [1;30m:[0m[1;32m[0m: [1;34mEVSE ISO D-LINK_READY (false)[1;0m
2026-08-05 05:10:55.705238 [[1;37mINFO[0m] [1;32mevse_manager:Ev[0m [1;36m[0m [1;30m:[0m[1;32m[0m: [1;34mEVSE IEC DC power supply set: 400.00V/55.20A, requested was 400.00V/55.20A.[1;0m
2026-08-05 05:10:55.749257 [[1;33mWARN[0m] [1;32mevse_manager:Ev[0m [1;36mvoid module::EvseManager::process_dc_ev_target_voltage_current(const types::iso15118::DcEvseMaximumLimits&)[0m [1;30m:[0m[1;32m[0m: EV ignores new EVSE max limits. Setting target current to new EVSE max limits
2026-08-05 05:10:56.666763 [[1;33mWARN[0m] [1;32mevse_manager:Ev[0m [1;36mstd::queue<module::CPEvent> module::IECStateMachine::state_machine(std::optional<module::RawCPState>)[0m [1;30m:[0m[1;32m[0m: Timeout of 6 seconds reached, EV did not go back to state B after PWM was switched off. Powering off under load.
2026-08-05 05:10:56.873938 [[1;37mINFO[0m] [1;32mevse_manager:Ev[0m [1;36m[0m [1;30m:[0m[1;32m[0m: [1;34mEVSE IEC Event PowerOff[1;0m
2026-08-05 05:11:00.778388 [[1;33mWARN[0m] [1;32mevse_manager:Ev[0m [1;36mvoid module::EvseManager::process_dc_ev_target_voltage_current(const types::iso15118::DcEvseMaximumLimits&)[0m [1;30m:[0m[1;32m[0m: EV ignores new EVSE max limits. Setting target current to new EVSE max limits
2026-08-05 05:11:02.105251 [[1;37mINFO[0m] [1;32mev_manager:EvMa[0m [1;36m[0m [1;30m:[0m[1;32m[0m: Finished simulation.
2026-08-05 05:11:02.537492 [[1;37mINFO[0m] [1;32mevse_manager:Ev[0m [1;36m[0m [1;30m:[0m[1;32m[0m:                                     [1;33mCAR IEC Event CarUnplugged[1;0m
2026-08-05 05:11:02.537672 [[1;37mINFO[0m] [1;32mevse_manager:Ev[0m [1;36m[0m [1;30m:[0m[1;32m[0m: [1;34mEVSE IEC Stop in Charging: [EV unplugged][1;0m
2026-08-05 05:11:02.537767 [[1;37mINFO[0m] [1;32mevse_manager:Ev[0m [1;36m[0m [1;30m:[0m[1;32m[0m: [1;34mEVSE IEC Charger state: Charging->StoppingCharging[1;0m
2026-08-05 05:11:02.629625 [[1;37mINFO[0m] [1;32mevse_manager:Ev[0m [1;36m[0m [1;30m:[0m[1;32m[0m: [1;34mEVSE IEC Charger state: StoppingCharging->Finished[1;0m
2026-08-05 05:11:02.673577 [[1;37mINFO[0m] [1;32mevse_manager:Ev[0m [1;36m[0m [1;30m:[0m[1;32m[0m: [1;34mEVSE IEC Transaction Finished: EVDisconnected (0.1502111053466797 kWh)[1;0m
2026-08-05 05:11:02.673954 [[1;37mINFO[0m] [1;32mevse_manager:Ev[0m [1;36m[0m [1;30m:[0m[1;32m[0m: [1;34mEVSE IEC DC power supply OFF[1;0m
2026-08-05 05:11:02.677130 [[1;37mINFO[0m] [1;32mpowersupply_dc:[0m [1;36m[0m [1;30m:[0m[1;32m[0m: Set mode: Off ChargingPhase: Other
2026-08-05 05:11:02.806348 [[1;33mWARN[0m] [1;32miso15118_20:Evs[0m [1;36mvirtual void module::charger::ISO15118_chargerImpl::handle_session_setup(std::vector<types::iso15118::PaymentOption>&, bool&, bool&)[0m [1;30m:[0m[1;32m[0m: Currently Plug&Charge is not supported and ignored
2026-08-05 05:11:02.898118 [[1;37mINFO[0m] [1;32mevse_manager:Ev[0m [1;36m[0m [1;30m:[0m[1;32m[0m: [1;34mEVSE IEC Session Finished[1;0m
2026-08-05 05:11:02.898269 [[1;37mINFO[0m] [1;32mevse_manager:Ev[0m [1;36m[0m [1;30m:[0m[1;32m[0m: SYS  Session logging stopped.
2026-08-05 05:11:02.985514 [[1;37mINFO[0m] [1;32mevse_manager:Ev[0m [1;36m[0m [1;30m:[0m[1;32m[0m: All errors cleared
2026-08-05 05:11:02.985685 [[1;37mINFO[0m] [1;32mevse_manager:Ev[0m [1;36m[0m [1;30m:[0m[1;32m[0m: All errors cleared
2026-08-05 05:11:08.825293 [[1;33mWARN[0m] [1;32miso15118_20:Evs[0m [1;36mvirtual void module::charger::ISO15118_chargerImpl::handle_session_setup(std::vector<types::iso15118::PaymentOption>&, bool&, bool&)[0m [1;30m:[0m[1;32m[0m: Currently Plug&Charge is not supported and ignored
2026-08-05 05:11:08.870861 [[1;37mINFO[0m] [1;32mevse_manager:Ev[0m [1;36m[0m [1;30m:[0m[1;32m[0m: SYS  Session logging started.
2026-08-05 05:11:08.871099 [[1;37mINFO[0m] [1;32mevse_manager:Ev[0m [1;36m[0m [1;30m:[0m[1;32m[0m: [1;34mEVSE IEC Session Started: EVConnected[1;0m
2026-08-05 05:11:08.872104 [[1;37mINFO[0m] [1;32mtoken_provider:[0m [1;36m[0m [1;30m:[0m[1;32m[0m: Publishing new dummy token: {
    "authorization_type": "RFID",
    "id_token": {
        "type": "ISO14443",
        "value": "[redacted] hash: CE55F71752B68164"
    },
    "parent_id_token": {
        "type": "ISO14443",
        "value": "[redacted] hash: CE55F71752B68164"
    }
}
2026-08-05 05:11:08.872148 [[1;37mINFO[0m] [1;32mauth:Auth      [0m [1;36m[0m [1;30m:[0m[1;32m[0m: Plug In event for evse#1, starting auth
2026-08-05 05:11:08.872878 [[1;37mINFO[0m] [1;32mauth:Auth      [0m [1;36m[0m [1;30m:[0m[1;32m[0m: Received new token: {
    "authorization_type": "RFID",
    "id_token": {
        "type": "ISO14443",
        "value": "[redacted] hash: CE55F71752B68164"
    },
    "parent_id_token": {
        "type": "ISO14443",
        "value": "[redacted] hash: CE55F71752B68164"
    }
}
2026-08-05 05:11:08.873769 [[1;37mINFO[0m] [1;32mtoken_validator[0m [1;36m[0m [1;30m:[0m[1;32m[0m: Got validation request for token: [redacted] hash: CE55F71752B68164
2026-08-05 05:11:09.123938 [[1;37mINFO[0m] [1;32mtoken_validator[0m [1;36m[0m [1;30m:[0m[1;32m[0m: Returning validation status: Accepted
2026-08-05 05:11:09.125159 [[1;37mINFO[0m] [1;32mauth:Auth      [0m [1;36m[0m [1;30m:[0m[1;32m[0m: Providing authorization to evse#1
2026-08-05 05:11:09.371921 [[1;37mINFO[0m] [1;32mevse_manager:Ev[0m [1;36m[0m [1;30m:[0m[1;32m[0m: [1;34mEVSE IEC Set PWM On (5.0%) took 0 ms[1;0m
2026-08-05 05:11:09.513435 [[1;37mINFO[0m] [1;32mevse_manager:Ev[0m [1;36m[0m [1;30m:[0m[1;32m[0m: [1;34mEVSE IEC EIM Authorization received[1;0m
2026-08-05 05:11:09.514566 [[1;37mINFO[0m] [1;32mauth:Auth      [0m [1;36m[0m [1;30m:[0m[1;32m[0m: Result for token: [redacted] hash: CE55F71752B68164: USED_TO_START_TRANSACTION
2026-08-05 05:11:09.609394 [[1;37mINFO[0m] [1;32mevse_manager:Ev[0m [1;36m[0m [1;30m:[0m[1;32m[0m: [1;34mEVSE IEC Transaction Started (0.1532777862548828 kWh)[1;0m
2026-08-05 05:11:09.609907 [[1;37mINFO[0m] [1;32mevse_manager:Ev[0m [1;36m[0m [1;30m:[0m[1;32m[0m: [1;34mEVSE IEC DC mode. We are in 5percent mode so we can continue without further action.[1;0m
2026-08-05 05:11:09.610003 [[1;37mINFO[0m] [1;32mevse_manager:Ev[0m [1;36m[0m [1;30m:[0m[1;32m[0m: [1;34mEVSE IEC Charger state: Wait for Auth->PrepareCharging[1;0m
2026-08-05 05:11:10.977420 [[1;37mINFO[0m] [1;32mevse_manager:Ev[0m [1;36m[0m [1;30m:[0m[1;32m[0m: [1;34mEVSE ISO D-LINK_READY (true)[1;0m
2026-08-05 05:11:10.977420 [[1;37mINFO[0m] [1;32mevse_manager:Ev[0m [1;36m[0m [1;30m:[0m[1;32m[0m: [1;34mEVSE ISO SLAC MATCHED[1;0m
2026-08-05 05:11:11.445178 [[1;37mINFO[0m] [1;32mevse_manager:Ev[0m [1;36m[0m [1;30m:[0m[1;32m[0m:                                     [1;33mCAR IEC Event CarRequestedPower[1;0m

2026-08-05 05:11:20.091440 [[1;37mINFO[0m] [1;32miso_mux:IsoMux [0m [1;36m[0m [1;30m:[0m[1;32m[0m: Incoming connection on eth0 from [a00:80e6:0:0:fe80::]:32998

2026-08-05 05:11:20.096809 [[1;37mINFO[0m] [1;32miso_mux:IsoMux [0m [1;36m[0m [1;30m:[0m[1;32m[0m: Handling SupportedAppProtocolReq

2026-08-05 05:11:20.096901 [[1;37mINFO[0m] [1;32miso_mux:IsoMux [0m [1;36m[0m [1;30m:[0m[1;32m[0m: handshake_req: Namespace: urn:iso:std:iso:15118:-20:DC, Version: 1.0, SchemaID: 1, Priority: 1
2026-08-05 05:11:20.097257 [[1;37mINFO[0m] [1;32miso_mux:IsoMux [0m [1;36m[0m [1;30m:[0m[1;32m[0m: Connected to proxy module for ISO-20

2026-08-05 05:11:20.097286 [[1;37mINFO[0m] [1;32miso_mux:IsoMux [0m [1;36m[0m [1;30m:[0m[1;32m[0m: Multiplexer: Proxy TCP->TCP
2026-08-05 05:11:20.097327 [[1;37mINFO[0m] [1;32miso15118_20:Evs[0m [1;36m[0m [1;30m:[0m[1;32m[0m: Incoming connection from [::1]:57786
2026-08-05 05:11:20.112811 [[1;37mINFO[0m] [1;32miso15118_20:Evs[0m [1;36m[0m [1;30m:[0m[1;32m[0m: Received session setup with evccid: EVCC01
2026-08-05 05:11:20.113237 [[1;37mINFO[0m] [1;32miso15118_20:Evs[0m [1;36m[0m [1;30m:[0m[1;32m[0m: New session created with session_id: 0xC6, 0xA7, 0x17, 0xC9, 0x50, 0xC5, 0xE5, 0x85
2026-08-05 05:11:20.201564 [[1;37mINFO[0m] [1;32mevse_manager:Ev[0m [1;36m[0m [1;30m:[0m[1;32m[0m:                                     [1;33mCAR ISO V2G SupportedAppProtocolReq[1;0m
2026-08-05 05:11:20.211228 [[1;37mINFO[0m] [1;32miso15118_20:Evs[0m [1;36m[0m [1;30m:[0m[1;32m[0m: Timestamp: 1785899480
2026-08-05 05:11:20.229579 [[1;37mINFO[0m] [1;32mevse_manager:Ev[0m [1;36m[0m [1;30m:[0m[1;32m[0m: [1;34mEVSE ISO V2G SupportedAppProtocolRes[1;0m
2026-08-05 05:11:20.273662 [[1;37mINFO[0m] [1;32mevse_manager:Ev[0m [1;36m[0m [1;30m:[0m[1;32m[0m:                                     [1;33mCAR ISO V2G SessionSetupReq[1;0m
2026-08-05 05:11:20.317645 [[1;37mINFO[0m] [1;32mevse_manager:Ev[0m [1;36m[0m [1;30m:[0m[1;32m[0m: [1;34mEVSE ISO V2G SessionSetupRes[1;0m
2026-08-05 05:11:20.361580 [[1;37mINFO[0m] [1;32mevse_manager:Ev[0m [1;36m[0m [1;30m:[0m[1;32m[0m:                                     [1;33mCAR ISO V2G AuthorizationSetupReq[1;0m
2026-08-05 05:11:20.409700 [[1;37mINFO[0m] [1;32mevse_manager:Ev[0m [1;36m[0m [1;30m:[0m[1;32m[0m: [1;34mEVSE ISO V2G AuthorizationSetupRes[1;0m
2026-08-05 05:11:20.453667 [[1;37mINFO[0m] [1;32mevse_manager:Ev[0m [1;36m[0m [1;30m:[0m[1;32m[0m:                                     [1;33mCAR ISO V2G AuthorizationReq[1;0m
2026-08-05 05:11:20.497593 [[1;37mINFO[0m] [1;32mevse_manager:Ev[0m [1;36m[0m [1;30m:[0m[1;32m[0m: [1;34mEVSE ISO V2G AuthorizationRes[1;0m
2026-08-05 05:11:20.545309 [[1;37mINFO[0m] [1;32mevse_manager:Ev[0m [1;36m[0m [1;30m:[0m[1;32m[0m:                                     [1;33mCAR ISO V2G AuthorizationReq[1;0m
2026-08-05 05:11:20.545542 [[1;37mINFO[0m] [1;32mevse_manager:Ev[0m [1;36m[0m [1;30m:[0m[1;32m[0m: [1;34mEVSE ISO V2G AuthorizationRes[1;0m
2026-08-05 05:11:20.586213 [[1;37mINFO[0m] [1;32mevse_manager:Ev[0m [1;36m[0m [1;30m:[0m[1;32m[0m:                                     [1;33mCAR ISO V2G AuthorizationReq[1;0m
2026-08-05 05:11:20.657286 [[1;37mINFO[0m] [1;32mevse_manager:Ev[0m [1;36m[0m [1;30m:[0m[1;32m[0m: [1;34mEVSE ISO V2G AuthorizationRes[1;0m
2026-08-05 05:11:20.657526 [[1;37mINFO[0m] [1;32mevse_manager:Ev[0m [1;36m[0m [1;30m:[0m[1;32m[0m:                                     [1;33mCAR ISO V2G ServiceDiscoveryReq[1;0m
2026-08-05 05:11:20.705233 [[1;37mINFO[0m] [1;32miso15118_20:Evs[0m [1;36m[0m [1;30m:[0m[1;32m[0m: Requested info about ServiceID: 2
2026-08-05 05:11:20.722121 [[1;37mINFO[0m] [1;32mevse_manager:Ev[0m [1;36m[0m [1;30m:[0m[1;32m[0m: [1;34mEVSE ISO V2G ServiceDiscoveryRes[1;0m
2026-08-05 05:11:20.765482 [[1;37mINFO[0m] [1;32mevse_manager:Ev[0m [1;36m[0m [1;30m:[0m[1;32m[0m:                                     [1;33mCAR ISO V2G ServiceDetailReq[1;0m
2026-08-05 05:11:20.805219 [[1;37mINFO[0m] [1;32miso15118_20:Evs[0m [1;36m[0m [1;30m:[0m[1;32m[0m: Selected DC service parameters: control mode: Scheduled, mobility needs mode: ProvidedByEvcc
2026-08-05 05:11:20.810137 [[1;37mINFO[0m] [1;32mevse_manager:Ev[0m [1;36m[0m [1;30m:[0m[1;32m[0m: [1;34mEVSE ISO V2G ServiceDetailRes[1;0m
2026-08-05 05:11:20.857498 [[1;37mINFO[0m] [1;32mevse_manager:Ev[0m [1;36m[0m [1;30m:[0m[1;32m[0m:                                     [1;33mCAR ISO V2G ServiceSelectionReq[1;0m
2026-08-05 05:11:20.857498 [[1;37mINFO[0m] [1;32mevse_manager:Ev[0m [1;36m[0m [1;30m:[0m[1;32m[0m:                                     [1;33mCAR ISO EV selected service: DC[1;0m
2026-08-05 05:11:20.903482 [[1;37mINFO[0m] [1;32mevse_manager:Ev[0m [1;36m[0m [1;30m:[0m[1;32m[0m: [1;34mEVSE ISO V2G ServiceSelectionRes[1;0m
2026-08-05 05:11:20.905609 [[1;37mINFO[0m] [1;32miso15118_20:Evs[0m [1;36m[0m [1;30m:[0m[1;32m[0m: Max charge current 200.000000A
2026-08-05 05:11:20.946157 [[1;37mINFO[0m] [1;32mevse_manager:Ev[0m [1;36m[0m [1;30m:[0m[1;32m[0m: Received EV maximum limits: {
    "dc_ev_maximum_current_limit": 200.0,
    "dc_ev_maximum_power_limit": 50000.0,
    "dc_ev_maximum_voltage_limit": 500.0
}
2026-08-05 05:11:20.946189 [[1;37mINFO[0m] [1;32mevse_manager:Ev[0m [1;36m[0m [1;30m:[0m[1;32m[0m:                                     [1;33mCAR ISO V2G DcChargeParameterDiscoveryReq[1;0m
2026-08-05 05:11:21.003532 [[1;37mINFO[0m] [1;32mevse_manager:Ev[0m [1;36m[0m [1;30m:[0m[1;32m[0m: [1;34mEVSE ISO V2G DcChargeParameterDiscoveryRes[1;0m
2026-08-05 05:11:21.045931 [[1;37mINFO[0m] [1;32mevse_manager:Ev[0m [1;36m[0m [1;30m:[0m[1;32m[0m:                                     [1;33mCAR ISO V2G ScheduleExchangeReq[1;0m
2026-08-05 05:11:21.103631 [[1;37mINFO[0m] [1;32mevse_manager:Ev[0m [1;36m[0m [1;30m:[0m[1;32m[0m: [1;34mEVSE ISO V2G ScheduleExchangeRes[1;0m
2026-08-05 05:11:21.157423 [[1;37mINFO[0m] [1;32mevse_manager:Ev[0m [1;36m[0m [1;30m:[0m[1;32m[0m:                                     [1;33mCAR ISO V2G DcCableCheckReq[1;0m
2026-08-05 05:11:21.157529 [[1;37mINFO[0m] [1;32mevse_manager:Ev[0m [1;36m[0m [1;30m:[0m[1;32m[0m: [1;34mEVSE ISO Start cable check...[1;0m
2026-08-05 05:11:21.157718 [[1;37mINFO[0m] [1;32mevse_manager:Ev[0m [1;36m[0m [1;30m:[0m[1;32m[0m:                                     [1;33mCAR ISO DC HLC Close contactor (in CableCheck)[1;0m
2026-08-05 05:11:21.261233 [[1;37mINFO[0m] [1;32mevse_manager:Ev[0m [1;36m[0m [1;30m:[0m[1;32m[0m: [1;34mEVSE ISO V2G DcCableCheckRes[1;0m
2026-08-05 05:11:21.261286 [[1;37mINFO[0m] [1;32mevse_manager:Ev[0m [1;36m[0m [1;30m:[0m[1;32m[0m: [1;34mEVSE IEC Event PowerOn[1;0m
2026-08-05 05:11:21.305344 [[1;37mINFO[0m] [1;32mevse_manager:Ev[0m [1;36m[0m [1;30m:[0m[1;32m[0m:                                     [1;33mCAR ISO V2G DcCableCheckReq[1;0m
2026-08-05 05:11:21.326342 [[1;37mINFO[0m] [1;32mevse_manager:Ev[0m [1;36m[0m [1;30m:[0m[1;32m[0m: [1;34mEVSE ISO V2G DcCableCheckRes[1;0m
2026-08-05 05:11:21.358127 [[1;37mINFO[0m] [1;32mevse_manager:Ev[0m [1;36m[0m [1;30m:[0m[1;32m[0m: EV reports 500 V as maximum voltage
2026-08-05 05:11:21.358301 [[1;37mINFO[0m] [1;32mevse_manager:Ev[0m [1;36m[0m [1;30m:[0m[1;32m[0m: [1;34mEVSE IEC DC power supply set: 500.00V/2.00A, requested was 500.00V/2.00A.[1;0m
2026-08-05 05:11:21.405313 [[1;37mINFO[0m] [1;32mevse_manager:Ev[0m [1;36m[0m [1;30m:[0m[1;32m[0m: CableCheck: Using 500 V
2026-08-05 05:11:21.405362 [[1;37mINFO[0m] [1;32mevse_manager:Ev[0m [1;36m[0m [1;30m:[0m[1;32m[0m:                                     [1;33mCAR ISO V2G DcCableCheckReq[1;0m
2026-08-05 05:11:21.405432 [[1;37mINFO[0m] [1;32mevse_manager:Ev[0m [1;36m[0m [1;30m:[0m[1;32m[0m: [1;34mEVSE IEC DC power supply: switch ON called, ChargingPhase: CableCheck[1;0m
2026-08-05 05:11:21.406259 [[1;37mINFO[0m] [1;32mpowersupply_dc:[0m [1;36m[0m [1;30m:[0m[1;32m[0m: Set mode: Export ChargingPhase: CableCheck
2026-08-05 05:11:21.453628 [[1;37mINFO[0m] [1;32mevse_manager:Ev[0m [1;36m[0m [1;30m:[0m[1;32m[0m: [1;34mEVSE ISO V2G DcCableCheckRes[1;0m
2026-08-05 05:11:21.465715 [[1;37mINFO[0m] [1;32mevse_manager:Ev[0m [1;36m[0m [1;30m:[0m[1;32m[0m:                                     [1;33mCAR ISO V2G DcCableCheckReq[1;0m
2026-08-05 05:11:21.553426 [[1;37mINFO[0m] [1;32mevse_manager:Ev[0m [1;36m[0m [1;30m:[0m[1;32m[0m: [1;34mEVSE ISO V2G DcCableCheckRes[1;0m
2026-08-05 05:11:21.554962 [[1;37mINFO[0m] [1;32mevse_manager:Ev[0m [1;36m[0m [1;30m:[0m[1;32m[0m:                                     [1;33mCAR ISO V2G DcCableCheckReq[1;0m
2026-08-05 05:11:21.604372 [[1;37mINFO[0m] [1;32mevse_manager:Ev[0m [1;36m[0m [1;30m:[0m[1;32m[0m: [1;34mEVSE ISO V2G DcCableCheckRes[1;0m
2026-08-05 05:11:21.701423 [[1;37mINFO[0m] [1;32mevse_manager:Ev[0m [1;36m[0m [1;30m:[0m[1;32m[0m: CableCheck: IMD self test started.
2026-08-05 05:11:21.701504 [[1;37mINFO[0m] [1;32mevse_manager:Ev[0m [1;36m[0m [1;30m:[0m[1;32m[0m:                                     [1;33mCAR ISO V2G DcCableCheckReq[1;0m
2026-08-05 05:11:21.734531 [[1;37mINFO[0m] [1;32mevse_manager:Ev[0m [1;36m[0m [1;30m:[0m[1;32m[0m: [1;34mEVSE ISO V2G DcCableCheckRes[1;0m
2026-08-05 05:11:21.778043 [[1;37mINFO[0m] [1;32mevse_manager:Ev[0m [1;36m[0m [1;30m:[0m[1;32m[0m:                                     [1;33mCAR ISO V2G DcCableCheckReq[1;0m
2026-08-05 05:11:21.826151 [[1;37mINFO[0m] [1;32mevse_manager:Ev[0m [1;36m[0m [1;30m:[0m[1;32m[0m: [1;34mEVSE ISO V2G DcCableCheckRes[1;0m
2026-08-05 05:11:21.870328 [[1;37mINFO[0m] [1;32mevse_manager:Ev[0m [1;36m[0m [1;30m:[0m[1;32m[0m:                                     [1;33mCAR ISO V2G DcCableCheckReq[1;0m
2026-08-05 05:11:21.918390 [[1;37mINFO[0m] [1;32mevse_manager:Ev[0m [1;36m[0m [1;30m:[0m[1;32m[0m: [1;34mEVSE ISO V2G DcCableCheckRes[1;0m
2026-08-05 05:11:21.965964 [[1;37mINFO[0m] [1;32mevse_manager:Ev[0m [1;36m[0m [1;30m:[0m[1;32m[0m:                                     [1;33mCAR ISO V2G DcCableCheckReq[1;0m
2026-08-05 05:11:22.053299 [[1;37mINFO[0m] [1;32mevse_manager:Ev[0m [1;36m[0m [1;30m:[0m[1;32m[0m: [1;34mEVSE ISO V2G DcCableCheckRes[1;0m
2026-08-05 05:11:22.056211 [[1;37mINFO[0m] [1;32mevse_manager:Ev[0m [1;36m[0m [1;30m:[0m[1;32m[0m:                                     [1;33mCAR ISO V2G DcCableCheckReq[1;0m
2026-08-05 05:11:22.104453 [[1;37mINFO[0m] [1;32mevse_manager:Ev[0m [1;36m[0m [1;30m:[0m[1;32m[0m: [1;34mEVSE ISO V2G DcCableCheckRes[1;0m
2026-08-05 05:11:22.213290 [[1;37mINFO[0m] [1;32mevse_manager:Ev[0m [1;36m[0m [1;30m:[0m[1;32m[0m:                                     [1;33mCAR ISO V2G DcCableCheckReq[1;0m
2026-08-05 05:11:22.234438 [[1;37mINFO[0m] [1;32mevse_manager:Ev[0m [1;36m[0m [1;30m:[0m[1;32m[0m: [1;34mEVSE ISO V2G DcCableCheckRes[1;0m
2026-08-05 05:11:22.268001 [[1;37mINFO[0m] [1;32mevse_manager:Ev[0m [1;36m[0m [1;30m:[0m[1;32m[0m: [1;34mEVSE ISO Change HLC Limits: 22080W/200A, target_voltage 0, actual_voltage 500, bpt_active false[1;0m
2026-08-05 05:11:22.309263 [[1;37mINFO[0m] [1;32mevse_manager:Ev[0m [1;36m[0m [1;30m:[0m[1;32m[0m:                                     [1;33mCAR ISO V2G DcCableCheckReq[1;0m
2026-08-05 05:11:22.353433 [[1;37mINFO[0m] [1;32mevse_manager:Ev[0m [1;36m[0m [1;30m:[0m[1;32m[0m: [1;34mEVSE ISO V2G DcCableCheckRes[1;0m
2026-08-05 05:11:22.410091 [[1;37mINFO[0m] [1;32mevse_manager:Ev[0m [1;36m[0m [1;30m:[0m[1;32m[0m:                                     [1;33mCAR ISO V2G DcCableCheckReq[1;0m
2026-08-05 05:11:22.457436 [[1;37mINFO[0m] [1;32mevse_manager:Ev[0m [1;36m[0m [1;30m:[0m[1;32m[0m: [1;34mEVSE ISO V2G DcCableCheckRes[1;0m
2026-08-05 05:11:22.457858 [[1;37mINFO[0m] [1;32mevse_manager:Ev[0m [1;36m[0m [1;30m:[0m[1;32m[0m:                                     [1;33mCAR ISO V2G DcCableCheckReq[1;0m
2026-08-05 05:11:22.557219 [[1;37mINFO[0m] [1;32mevse_manager:Ev[0m [1;36m[0m [1;30m:[0m[1;32m[0m: [1;34mEVSE ISO V2G DcCableCheckRes[1;0m
2026-08-05 05:11:22.601455 [[1;37mINFO[0m] [1;32mevse_manager:Ev[0m [1;36m[0m [1;30m:[0m[1;32m[0m:                                     [1;33mCAR ISO V2G DcCableCheckReq[1;0m
2026-08-05 05:11:22.657287 [[1;37mINFO[0m] [1;32mevse_manager:Ev[0m [1;36m[0m [1;30m:[0m[1;32m[0m: [1;34mEVSE ISO V2G DcCableCheckRes[1;0m
2026-08-05 05:11:22.701344 [[1;37mINFO[0m] [1;32mevse_manager:Ev[0m [1;36m[0m [1;30m:[0m[1;32m[0m:                                     [1;33mCAR ISO V2G DcCableCheckReq[1;0m
2026-08-05 05:11:22.726166 [[1;37mINFO[0m] [1;32mevse_manager:Ev[0m [1;36m[0m [1;30m:[0m[1;32m[0m: [1;34mEVSE ISO V2G DcCableCheckRes[1;0m
2026-08-05 05:11:22.774069 [[1;37mINFO[0m] [1;32mevse_manager:Ev[0m [1;36m[0m [1;30m:[0m[1;32m[0m:                                     [1;33mCAR ISO V2G DcCableCheckReq[1;0m
2026-08-05 05:11:22.817911 [[1;37mINFO[0m] [1;32mevse_manager:Ev[0m [1;36m[0m [1;30m:[0m[1;32m[0m: [1;34mEVSE ISO V2G DcCableCheckRes[1;0m
2026-08-05 05:11:22.862108 [[1;37mINFO[0m] [1;32mevse_manager:Ev[0m [1;36m[0m [1;30m:[0m[1;32m[0m:                                     [1;33mCAR ISO V2G DcCableCheckReq[1;0m
2026-08-05 05:11:22.905977 [[1;37mINFO[0m] [1;32mevse_manager:Ev[0m [1;36m[0m [1;30m:[0m[1;32m[0m: [1;34mEVSE ISO V2G DcCableCheckRes[1;0m
2026-08-05 05:11:22.997986 [[1;37mINFO[0m] [1;32mevse_manager:Ev[0m [1;36m[0m [1;30m:[0m[1;32m[0m:                                     [1;33mCAR ISO V2G DcCableCheckReq[1;0m
2026-08-05 05:11:23.057270 [[1;37mINFO[0m] [1;32mevse_manager:Ev[0m [1;36m[0m [1;30m:[0m[1;32m[0m: [1;34mEVSE ISO V2G DcCableCheckRes[1;0m
2026-08-05 05:11:23.086116 [[1;37mINFO[0m] [1;32mevse_manager:Ev[0m [1;36m[0m [1;30m:[0m[1;32m[0m:                                     [1;33mCAR ISO V2G DcCableCheckReq[1;0m
2026-08-05 05:11:23.157256 [[1;37mINFO[0m] [1;32mevse_manager:Ev[0m [1;36m[0m [1;30m:[0m[1;32m[0m: [1;34mEVSE ISO V2G DcCableCheckRes[1;0m
2026-08-05 05:11:23.217272 [[1;37mINFO[0m] [1;32mevse_manager:Ev[0m [1;36m[0m [1;30m:[0m[1;32m[0m:                                     [1;33mCAR ISO V2G DcCableCheckReq[1;0m
2026-08-05 05:11:23.222218 [[1;37mINFO[0m] [1;32mevse_manager:Ev[0m [1;36m[0m [1;30m:[0m[1;32m[0m: [1;34mEVSE ISO V2G DcCableCheckRes[1;0m
2026-08-05 05:11:23.265811 [[1;37mINFO[0m] [1;32mevse_manager:Ev[0m [1;36m[0m [1;30m:[0m[1;32m[0m:                                     [1;33mCAR ISO V2G DcCableCheckReq[1;0m
2026-08-05 05:11:23.310044 [[1;37mINFO[0m] [1;32mevse_manager:Ev[0m [1;36m[0m [1;30m:[0m[1;32m[0m: [1;34mEVSE ISO V2G DcCableCheckRes[1;0m
2026-08-05 05:11:23.398032 [[1;37mINFO[0m] [1;32mevse_manager:Ev[0m [1;36m[0m [1;30m:[0m[1;32m[0m:                                     [1;33mCAR ISO V2G DcCableCheckReq[1;0m
2026-08-05 05:11:23.442016 [[1;37mINFO[0m] [1;32mevse_manager:Ev[0m [1;36m[0m [1;30m:[0m[1;32m[0m: [1;34mEVSE ISO V2G DcCableCheckRes[1;0m
2026-08-05 05:11:23.486118 [[1;37mINFO[0m] [1;32mevse_manager:Ev[0m [1;36m[0m [1;30m:[0m[1;32m[0m:                                     [1;33mCAR ISO V2G DcCableCheckReq[1;0m
2026-08-05 05:11:23.561178 [[1;37mINFO[0m] [1;32mevse_manager:Ev[0m [1;36m[0m [1;30m:[0m[1;32m[0m: [1;34mEVSE ISO V2G DcCableCheckRes[1;0m
2026-08-05 05:11:23.613175 [[1;37mINFO[0m] [1;32mevse_manager:Ev[0m [1;36m[0m [1;30m:[0m[1;32m[0m:                                     [1;33mCAR ISO V2G DcCableCheckReq[1;0m
2026-08-05 05:11:23.661368 [[1;37mINFO[0m] [1;32mevse_manager:Ev[0m [1;36m[0m [1;30m:[0m[1;32m[0m: [1;34mEVSE ISO V2G DcCableCheckRes[1;0m
2026-08-05 05:11:23.670205 [[1;37mINFO[0m] [1;32mevse_manager:Ev[0m [1;36m[0m [1;30m:[0m[1;32m[0m:                                     [1;33mCAR ISO V2G DcCableCheckReq[1;0m
2026-08-05 05:11:23.714001 [[1;37mINFO[0m] [1;32mevse_manager:Ev[0m [1;36m[0m [1;30m:[0m[1;32m[0m: [1;34mEVSE ISO V2G DcCableCheckRes[1;0m
2026-08-05 05:11:23.802325 [[1;37mINFO[0m] [1;32mevse_manager:Ev[0m [1;36m[0m [1;30m:[0m[1;32m[0m:                                     [1;33mCAR ISO V2G DcCableCheckReq[1;0m
2026-08-05 05:11:23.846094 [[1;37mINFO[0m] [1;32mevse_manager:Ev[0m [1;36m[0m [1;30m:[0m[1;32m[0m: [1;34mEVSE ISO V2G DcCableCheckRes[1;0m
2026-08-05 05:11:23.890098 [[1;37mINFO[0m] [1;32mevse_manager:Ev[0m [1;36m[0m [1;30m:[0m[1;32m[0m:                                     [1;33mCAR ISO V2G DcCableCheckReq[1;0m
2026-08-05 05:11:23.938034 [[1;37mINFO[0m] [1;32mevse_manager:Ev[0m [1;36m[0m [1;30m:[0m[1;32m[0m: [1;34mEVSE ISO V2G DcCableCheckRes[1;0m
2026-08-05 05:11:23.982007 [[1;37mINFO[0m] [1;32mevse_manager:Ev[0m [1;36m[0m [1;30m:[0m[1;32m[0m:                                     [1;33mCAR ISO V2G DcCableCheckReq[1;0m
2026-08-05 05:11:24.061194 [[1;37mINFO[0m] [1;32mevse_manager:Ev[0m [1;36m[0m [1;30m:[0m[1;32m[0m: [1;34mEVSE ISO V2G DcCableCheckRes[1;0m
2026-08-05 05:11:24.070362 [[1;37mINFO[0m] [1;32mevse_manager:Ev[0m [1;36m[0m [1;30m:[0m[1;32m[0m:                                     [1;33mCAR ISO V2G DcCableCheckReq[1;0m
2026-08-05 05:11:24.113893 [[1;37mINFO[0m] [1;32mevse_manager:Ev[0m [1;36m[0m [1;30m:[0m[1;32m[0m: [1;34mEVSE ISO V2G DcCableCheckRes[1;0m
2026-08-05 05:11:24.217245 [[1;37mINFO[0m] [1;32mevse_manager:Ev[0m [1;36m[0m [1;30m:[0m[1;32m[0m:                                     [1;33mCAR ISO V2G DcCableCheckReq[1;0m
2026-08-05 05:11:24.217497 [[1;37mINFO[0m] [1;32mevse_manager:Ev[0m [1;36m[0m [1;30m:[0m[1;32m[0m: [1;34mEVSE ISO V2G DcCableCheckRes[1;0m
2026-08-05 05:11:24.294026 [[1;37mINFO[0m] [1;32mevse_manager:Ev[0m [1;36m[0m [1;30m:[0m[1;32m[0m:                                     [1;33mCAR ISO V2G DcCableCheckReq[1;0m
2026-08-05 05:11:24.338079 [[1;37mINFO[0m] [1;32mevse_manager:Ev[0m [1;36m[0m [1;30m:[0m[1;32m[0m: [1;34mEVSE ISO V2G DcCableCheckRes[1;0m
2026-08-05 05:11:24.382065 [[1;37mINFO[0m] [1;32mevse_manager:Ev[0m [1;36m[0m [1;30m:[0m[1;32m[0m:                                     [1;33mCAR ISO V2G DcCableCheckReq[1;0m
2026-08-05 05:11:24.429928 [[1;37mINFO[0m] [1;32mevse_manager:Ev[0m [1;36m[0m [1;30m:[0m[1;32m[0m: [1;34mEVSE ISO V2G DcCableCheckRes[1;0m
2026-08-05 05:11:24.474232 [[1;37mINFO[0m] [1;32mevse_manager:Ev[0m [1;36m[0m [1;30m:[0m[1;32m[0m:                                     [1;33mCAR ISO V2G DcCableCheckReq[1;0m
2026-08-05 05:11:24.521891 [[1;37mINFO[0m] [1;32mevse_manager:Ev[0m [1;36m[0m [1;30m:[0m[1;32m[0m: [1;34mEVSE ISO V2G DcCableCheckRes[1;0m
2026-08-05 05:11:24.571674 [[1;37mINFO[0m] [1;32mevse_manager:Ev[0m [1;36m[0m [1;30m:[0m[1;32m[0m:                                     [1;33mCAR ISO V2G DcCableCheckReq[1;0m
2026-08-05 05:11:24.653421 [[1;37mINFO[0m] [1;32mevse_manager:Ev[0m [1;36m[0m [1;30m:[0m[1;32m[0m: [1;34mEVSE ISO V2G DcCableCheckRes[1;0m
2026-08-05 05:11:24.697239 [[1;37mINFO[0m] [1;32mevse_manager:Ev[0m [1;36m[0m [1;30m:[0m[1;32m[0m: [1;34mEVSE IEC Isolation monitor self test result: true[1;0m
2026-08-05 05:11:24.717154 [[1;37mINFO[0m] [1;32mimd:IMDSimulato[0m [1;36m[0m [1;30m:[0m[1;32m[0m: Started simulated isolation monitoring with 1000 ms interval
2026-08-05 05:11:24.741265 [[1;37mINFO[0m] [1;32mevse_manager:Ev[0m [1;36m[0m [1;30m:[0m[1;32m[0m:                                     [1;33mCAR ISO V2G DcCableCheckReq[1;0m
2026-08-05 05:11:24.741345 [[1;37mINFO[0m] [1;32mevse_manager:Ev[0m [1;36m[0m [1;30m:[0m[1;32m[0m: CableCheck: Waiting for 1 isolation measurement sample(s)
2026-08-05 05:11:24.741506 [[1;37mINFO[0m] [1;32mevse_manager:Ev[0m [1;36m[0m [1;30m:[0m[1;32m[0m: [1;34mEVSE ISO V2G DcCableCheckRes[1;0m
2026-08-05 05:11:24.794062 [[1;37mINFO[0m] [1;32mevse_manager:Ev[0m [1;36m[0m [1;30m:[0m[1;32m[0m:                                     [1;33mCAR ISO V2G DcCableCheckReq[1;0m
2026-08-05 05:11:24.838036 [[1;37mINFO[0m] [1;32mevse_manager:Ev[0m [1;36m[0m [1;30m:[0m[1;32m[0m: [1;34mEVSE ISO V2G DcCableCheckRes[1;0m
2026-08-05 05:11:24.886193 [[1;37mINFO[0m] [1;32mevse_manager:Ev[0m [1;36m[0m [1;30m:[0m[1;32m[0m:                                     [1;33mCAR ISO V2G DcCableCheckReq[1;0m
2026-08-05 05:11:24.929906 [[1;37mINFO[0m] [1;32mevse_manager:Ev[0m [1;36m[0m [1;30m:[0m[1;32m[0m: [1;34mEVSE ISO V2G DcCableCheckRes[1;0m
2026-08-05 05:11:24.977857 [[1;37mINFO[0m] [1;32mevse_manager:Ev[0m [1;36m[0m [1;30m:[0m[1;32m[0m:                                     [1;33mCAR ISO V2G DcCableCheckReq[1;0m
2026-08-05 05:11:25.022060 [[1;37mINFO[0m] [1;32mevse_manager:Ev[0m [1;36m[0m [1;30m:[0m[1;32m[0m: [1;34mEVSE ISO V2G DcCableCheckRes[1;0m
2026-08-05 05:11:25.071772 [[1;37mINFO[0m] [1;32mevse_manager:Ev[0m [1;36m[0m [1;30m:[0m[1;32m[0m:                                     [1;33mCAR ISO V2G DcCableCheckReq[1;0m
2026-08-05 05:11:25.113813 [[1;37mINFO[0m] [1;32mevse_manager:Ev[0m [1;36m[0m [1;30m:[0m[1;32m[0m: [1;34mEVSE ISO V2G DcCableCheckRes[1;0m
2026-08-05 05:11:25.161152 [[1;37mINFO[0m] [1;32mevse_manager:Ev[0m [1;36m[0m [1;30m:[0m[1;32m[0m:                                     [1;33mCAR ISO V2G DcCableCheckReq[1;0m
2026-08-05 05:11:25.246066 [[1;37mINFO[0m] [1;32mevse_manager:Ev[0m [1;36m[0m [1;30m:[0m[1;32m[0m: [1;34mEVSE ISO V2G DcCableCheckRes[1;0m
2026-08-05 05:11:25.289917 [[1;37mINFO[0m] [1;32mevse_manager:Ev[0m [1;36m[0m [1;30m:[0m[1;32m[0m:                                     [1;33mCAR ISO V2G DcCableCheckReq[1;0m
2026-08-05 05:11:25.338026 [[1;37mINFO[0m] [1;32mevse_manager:Ev[0m [1;36m[0m [1;30m:[0m[1;32m[0m: [1;34mEVSE ISO V2G DcCableCheckRes[1;0m
2026-08-05 05:11:25.386405 [[1;37mINFO[0m] [1;32mevse_manager:Ev[0m [1;36m[0m [1;30m:[0m[1;32m[0m:                                     [1;33mCAR ISO V2G DcCableCheckReq[1;0m
2026-08-05 05:11:25.429833 [[1;37mINFO[0m] [1;32mevse_manager:Ev[0m [1;36m[0m [1;30m:[0m[1;32m[0m: [1;34mEVSE ISO V2G DcCableCheckRes[1;0m
2026-08-05 05:11:25.477865 [[1;37mINFO[0m] [1;32mevse_manager:Ev[0m [1;36m[0m [1;30m:[0m[1;32m[0m:                                     [1;33mCAR ISO V2G DcCableCheckReq[1;0m
2026-08-05 05:11:25.521957 [[1;37mINFO[0m] [1;32mevse_manager:Ev[0m [1;36m[0m [1;30m:[0m[1;32m[0m: [1;34mEVSE ISO V2G DcCableCheckRes[1;0m
2026-08-05 05:11:25.571735 [[1;37mINFO[0m] [1;32mevse_manager:Ev[0m [1;36m[0m [1;30m:[0m[1;32m[0m:                                     [1;33mCAR ISO V2G DcCableCheckReq[1;0m
2026-08-05 05:11:25.613813 [[1;37mINFO[0m] [1;32mevse_manager:Ev[0m [1;36m[0m [1;30m:[0m[1;32m[0m: [1;34mEVSE ISO V2G DcCableCheckRes[1;0m
2026-08-05 05:11:25.661180 [[1;37mINFO[0m] [1;32mevse_manager:Ev[0m [1;36m[0m [1;30m:[0m[1;32m[0m:                                     [1;33mCAR ISO V2G DcCableCheckReq[1;0m
2026-08-05 05:11:25.753438 [[1;37mINFO[0m] [1;32mevse_manager:Ev[0m [1;36m[0m [1;30m:[0m[1;32m[0m: [1;34mEVSE IEC Isolation measurement Ok R_F 900000.[1;0m
2026-08-05 05:11:25.753949 [[1;37mINFO[0m] [1;32mevse_manager:Ev[0m [1;36m[0m [1;30m:[0m[1;32m[0m: [1;34mEVSE ISO V2G DcCableCheckRes[1;0m
2026-08-05 05:11:25.798013 [[1;37mINFO[0m] [1;32mevse_manager:Ev[0m [1;36m[0m [1;30m:[0m[1;32m[0m:                                     [1;33mCAR ISO V2G DcCableCheckReq[1;0m
2026-08-05 05:11:25.842059 [[1;37mINFO[0m] [1;32mevse_manager:Ev[0m [1;36m[0m [1;30m:[0m[1;32m[0m: [1;34mEVSE ISO V2G DcCableCheckRes[1;0m
2026-08-05 05:11:25.886325 [[1;37mINFO[0m] [1;32mevse_manager:Ev[0m [1;36m[0m [1;30m:[0m[1;32m[0m:                                     [1;33mCAR ISO V2G DcCableCheckReq[1;0m
2026-08-05 05:11:25.929513 [[1;37mINFO[0m] [1;32mevse_manager:Ev[0m [1;36m[0m [1;30m:[0m[1;32m[0m: [1;34mEVSE IEC DC power supply OFF[1;0m
2026-08-05 05:11:25.930102 [[1;37mINFO[0m] [1;32mevse_manager:Ev[0m [1;36m[0m [1;30m:[0m[1;32m[0m: [1;34mEVSE ISO V2G DcCableCheckRes[1;0m
2026-08-05 05:11:25.930524 [[1;37mINFO[0m] [1;32mpowersupply_dc:[0m [1;36m[0m [1;30m:[0m[1;32m[0m: Set mode: Off ChargingPhase: CableCheck
2026-08-05 05:11:25.973966 [[1;37mINFO[0m] [1;32mevse_manager:Ev[0m [1;36m[0m [1;30m:[0m[1;32m[0m:                                     [1;33mCAR ISO V2G DcCableCheckReq[1;0m
2026-08-05 05:11:26.018001 [[1;37mINFO[0m] [1;32mevse_manager:Ev[0m [1;36m[0m [1;30m:[0m[1;32m[0m: [1;34mEVSE ISO V2G DcCableCheckRes[1;0m
2026-08-05 05:11:26.073213 [[1;37mINFO[0m] [1;32mevse_manager:Ev[0m [1;36m[0m [1;30m:[0m[1;32m[0m:                                     [1;33mCAR ISO V2G DcCableCheckReq[1;0m
2026-08-05 05:11:26.107050 [[1;37mINFO[0m] [1;32mevse_manager:Ev[0m [1;36m[0m [1;30m:[0m[1;32m[0m: [1;34mEVSE ISO V2G DcCableCheckRes[1;0m
2026-08-05 05:11:26.118544 [[1;37mINFO[0m] [1;32mevse_manager:Ev[0m [1;36m[0m [1;30m:[0m[1;32m[0m: CableCheck done, output is below 60V
2026-08-05 05:11:26.221196 [[1;37mINFO[0m] [1;32mevse_manager:Ev[0m [1;36m[0m [1;30m:[0m[1;32m[0m:                                     [1;33mCAR ISO V2G DcCableCheckReq[1;0m
2026-08-05 05:11:26.289450 [[1;37mINFO[0m] [1;32mevse_manager:Ev[0m [1;36m[0m [1;30m:[0m[1;32m[0m: [1;34mEVSE ISO V2G DcCableCheckRes[1;0m
2026-08-05 05:11:26.289983 [[1;37mINFO[0m] [1;32mevse_manager:Ev[0m [1;36m[0m [1;30m:[0m[1;32m[0m:                                     [1;33mCAR ISO V2G DcCableCheckReq[1;0m
2026-08-05 05:11:26.334283 [[1;37mINFO[0m] [1;32mevse_manager:Ev[0m [1;36m[0m [1;30m:[0m[1;32m[0m: [1;34mEVSE ISO V2G DcCableCheckRes[1;0m
2026-08-05 05:11:26.377489 [[1;37mINFO[0m] [1;32mevse_manager:Ev[0m [1;36m[0m [1;30m:[0m[1;32m[0m:                                     [1;33mCAR ISO V2G DcPreChargeReq[1;0m
2026-08-05 05:11:26.377908 [[1;37mINFO[0m] [1;32mevse_manager:Ev[0m [1;36m[0m [1;30m:[0m[1;32m[0m: [1;34mEVSE IEC DC power supply set: 400.00V/1.00A, requested was 400.00V/0.00A.[1;0m
2026-08-05 05:11:26.425446 [[1;37mINFO[0m] [1;32mevse_manager:Ev[0m [1;36m[0m [1;30m:[0m[1;32m[0m: [1;34mEVSE IEC DC power supply: switch ON called, ChargingPhase: PreCharge[1;0m
2026-08-05 05:11:26.426123 [[1;37mINFO[0m] [1;32mevse_manager:Ev[0m [1;36m[0m [1;30m:[0m[1;32m[0m: [1;34mEVSE ISO V2G DcPreChargeRes[1;0m
2026-08-05 05:11:26.426689 [[1;37mINFO[0m] [1;32mpowersupply_dc:[0m [1;36m[0m [1;30m:[0m[1;32m[0m: Set mode: Export ChargingPhase: PreCharge
2026-08-05 05:11:26.469658 [[1;37mINFO[0m] [1;32mevse_manager:Ev[0m [1;36m[0m [1;30m:[0m[1;32m[0m:                                     [1;33mCAR ISO V2G PowerDeliveryReq[1;0m
2026-08-05 05:11:26.513885 [[1;37mINFO[0m] [1;32mevse_manager:Ev[0m [1;36m[0m [1;30m:[0m[1;32m[0m: [1;34mEVSE IEC DC power supply: switch ON in export mode[1;0m
2026-08-05 05:11:26.513895 [[1;37mINFO[0m] [1;32mevse_manager:Ev[0m [1;36m[0m [1;30m:[0m[1;32m[0m: [1;34mEVSE IEC DC power supply set: 400.00V/120.00A, requested was 400.00V/120.00A.[1;0m
2026-08-05 05:11:26.514941 [[1;37mINFO[0m] [1;32mpowersupply_dc:[0m [1;36m[0m [1;30m:[0m[1;32m[0m: Set mode: Export ChargingPhase: Charging
2026-08-05 05:11:26.557386 [[1;37mINFO[0m] [1;32mevse_manager:Ev[0m [1;36m[0m [1;30m:[0m[1;32m[0m: [1;34mEVSE IEC DC power supply set: 400.00V/1.00A, requested was 400.00V/0.00A.[1;0m
2026-08-05 05:11:26.557418 [[1;37mINFO[0m] [1;32mevse_manager:Ev[0m [1;36m[0m [1;30m:[0m[1;32m[0m: [1;34mEVSE ISO V2G PowerDeliveryRes[1;0m
2026-08-05 05:11:26.557723 [[1;37mINFO[0m] [1;32mevse_manager:Ev[0m [1;36m[0m [1;30m:[0m[1;32m[0m:                                     [1;33mCAR ISO V2G DcChargeLoopReq[1;0m
2026-08-05 05:11:26.605247 [[1;37mINFO[0m] [1;32mevse_manager:Ev[0m [1;36m[0m [1;30m:[0m[1;32m[0m: VoltagePlausibilityMonitor, start monitoring
2026-08-05 05:11:26.607367 [[1;37mINFO[0m] [1;32mevse_manager:Ev[0m [1;36m[0m [1;30m:[0m[1;32m[0m: [1;34mEVSE ISO V2G DcChargeLoopRes[1;0m
2026-08-05 05:11:26.669036 [[1;37mINFO[0m] [1;32mevse_manager:Ev[0m [1;36m[0m [1;30m:[0m[1;32m[0m: [1;34mEVSE IEC Charger state: PrepareCharging->Charging[1;0m
2026-08-05 05:11:26.669898 [[1;37mINFO[0m] [1;32mevse_manager:Ev[0m [1;36m[0m [1;30m:[0m[1;32m[0m: Timing statistics (Plugin to CurrentDemand)
2026-08-05 05:11:26.669955 [[1;37mINFO[0m] [1;32mevse_manager:Ev[0m [1;36m[0m [1;30m:[0m[1;32m[0m: -------------------------------------------
2026-08-05 05:11:26.669962 [[1;37mINFO[0m] [1;32mevse_manager:Ev[0m [1;36m[0m [1;30m:[0m[1;32m[0m: ConnSetup | HLC_PWM_5%_ON: 683 ms | D-LINK_READY: 1657 ms | Auth EIM Done: 9474 ms | Total: 12428 ms
2026-08-05 05:11:26.669968 [[1;37mINFO[0m] [1;32mevse_manager:Ev[0m [1;36m[0m [1;30m:[0m[1;32m[0m: CableCheck | <60V: 0 ms | Relay On: 200 ms | EVInfo: 0 ms | VRampUp: 255 ms | Self test: 3083 ms | Measure: 1055 ms | VRampDown: 365 ms | Total: 5088 ms
2026-08-05 05:11:26.669975 [[1;37mINFO[0m] [1;32mevse_manager:Ev[0m [1;36m[0m [1;30m:[0m[1;32m[0m: PrepareCharging | Charging started: 423 ms | Total: 423 ms
2026-08-05 05:11:26.669981 [[1;37mINFO[0m] [1;32mevse_manager:Ev[0m [1;36m[0m [1;30m:[0m[1;32m[0m: Total duration all phases: 17940 ms
2026-08-05 05:11:26.718206 [[1;37mINFO[0m] [1;32mevse_manager:Ev[0m [1;36m[0m [1;30m:[0m[1;32m[0m: [1;34mEVSE ISO Change HLC Limits: 22080W/55.2A, target_voltage 400, actual_voltage 0, bpt_active false[1;0m
2026-08-05 05:11:26.761195 [[1;37mINFO[0m] [1;32mevse_manager:Ev[0m [1;36m[0m [1;30m:[0m[1;32m[0m: [1;34mEVSE IEC Isolation measurement Ok R_F 900000.[1;0m
2026-08-05 05:11:26.805322 [[1;37mINFO[0m] [1;32mevse_manager:Ev[0m [1;36m[0m [1;30m:[0m[1;32m[0m:                                     [1;33mCAR ISO V2G DcChargeLoopReq[1;0m
2026-08-05 05:11:26.805541 [[1;37mINFO[0m] [1;32mevse_manager:Ev[0m [1;36m[0m [1;30m:[0m[1;32m[0m: [1;34mEVSE IEC DC power supply set: 400.00V/55.20A, requested was 400.00V/55.20A.[1;0m
2026-08-05 05:11:26.853327 [[1;33mWARN[0m] [1;32mevse_manager:Ev[0m [1;36mvoid module::EvseManager::process_dc_ev_target_voltage_current(const types::iso15118::DcEvseMaximumLimits&)[0m [1;30m:[0m[1;32m[0m: EV ignores new EVSE max limits. Setting target current to new EVSE max limits
2026-08-05 05:11:26.853641 [[1;37mINFO[0m] [1;32mevse_manager:Ev[0m [1;36m[0m [1;30m:[0m[1;32m[0m: [1;34mEVSE ISO V2G DcChargeLoopRes[1;0m
2026-08-05 05:11:26.897262 [[1;37mINFO[0m] [1;32mevse_manager:Ev[0m [1;36m[0m [1;30m:[0m[1;32m[0m:                                     [1;33mCAR ISO V2G DcChargeLoopReq[1;0m
2026-08-05 05:11:26.965636 [[1;37mINFO[0m] [1;32mevse_manager:Ev[0m [1;36m[0m [1;30m:[0m[1;32m[0m: [1;34mEVSE ISO V2G DcChargeLoopRes[1;0m
2026-08-05 05:11:27.009319 [[1;37mINFO[0m] [1;32mevse_manager:Ev[0m [1;36m[0m [1;30m:[0m[1;32m[0m: VoltagePlausibilityMonitor, stop monitoring
2026-08-05 05:11:27.009432 [[1;37mINFO[0m] [1;32mevse_manager:Ev[0m [1;36m[0m [1;30m:[0m[1;32m[0m: [1;34mEVSE IEC DC power supply OFF[1;0m
2026-08-05 05:11:27.010207 [[1;37mINFO[0m] [1;32mpowersupply_dc:[0m [1;36m[0m [1;30m:[0m[1;32m[0m: Set mode: Off ChargingPhase: Charging
2026-08-05 05:11:27.054328 [[1;37mINFO[0m] [1;32mimd:IMDSimulato[0m [1;36m[0m [1;30m:[0m[1;32m[0m: Stopped simulated isolation monitoring
2026-08-05 05:11:27.097555 [[1;37mINFO[0m] [1;32mevse_manager:Ev[0m [1;36m[0m [1;30m:[0m[1;32m[0m:                                     [1;33mCAR ISO V2G PowerDeliveryReq[1;0m
2026-08-05 05:11:27.097792 [[1;37mINFO[0m] [1;32mevse_manager:Ev[0m [1;36m[0m [1;30m:[0m[1;32m[0m: [1;34mEVSE ISO V2G PowerDeliveryRes[1;0m
2026-08-05 05:11:27.097967 [[1;37mINFO[0m] [1;32mevse_manager:Ev[0m [1;36m[0m [1;30m:[0m[1;32m[0m:                                     [1;33mCAR ISO V2G DcWeldingDetectionReq[1;0m
2026-08-05 05:11:27.098100 [[1;37mINFO[0m] [1;32mevse_manager:Ev[0m [1;36m[0m [1;30m:[0m[1;32m[0m: [1;34mEVSE ISO V2G DcWeldingDetectionRes[1;0m
2026-08-05 05:11:27.098252 [[1;37mINFO[0m] [1;32mevse_manager:Ev[0m [1;36m[0m [1;30m:[0m[1;32m[0m:                                     [1;33mCAR ISO V2G SessionStopReq[1;0m

2026-08-05 05:11:27.180301 [[1;37mINFO[0m] [1;32miso_mux:IsoMux [0m [1;36m[0m [1;30m:[0m[1;32m[0m: Multiplexer: Closing TCP connection
2026-08-05 05:11:27.221406 [[1;37mINFO[0m] [1;32mevse_manager:Ev[0m [1;36m[0m [1;30m:[0m[1;32m[0m: [1;34mEVSE ISO V2G SessionStopRes[1;0m
2026-08-05 05:11:27.238383 [[1;37mINFO[0m] [1;32mevse_manager:Ev[0m [1;36m[0m [1;30m:[0m[1;32m[0m: [1;34mEVSE IEC DC power supply set: 400.00V/55.20A, requested was 400.00V/55.20A.[1;0m

2026-08-05 05:11:29.180544 [[1;37mINFO[0m] [1;32miso_mux:IsoMux [0m [1;36m[0m [1;30m:[0m[1;32m[0m: Multiplexer: TCP connection closed gracefully
2026-08-05 05:11:32.106565 [[1;37mINFO[0m] [1;32miso15118_20:Evs[0m [1;36m[0m [1;30m:[0m[1;32m[0m: Closing TCP connection
2026-08-05 05:11:32.376463 [[1;37mINFO[0m] [1;32mevse_manager:Ev[0m [1;36m[0m [1;30m:[0m[1;32m[0m: [1;34mEVSE IEC DC power supply set: 400.00V/55.20A, requested was 400.00V/55.20A.[1;0m
2026-08-05 05:11:32.425400 [[1;37mINFO[0m] [1;32mevse_manager:Ev[0m [1;36m[0m [1;30m:[0m[1;32m[0m: [1;34mEVSE IEC DC power supply: switch ON called, ChargingPhase: Other[1;0m
2026-08-05 05:11:32.426346 [[1;37mINFO[0m] [1;32mpowersupply_dc:[0m [1;36m[0m [1;30m:[0m[1;32m[0m: Set mode: Export ChargingPhase: Other
2026-08-05 05:11:32.469357 [[1;33mWARN[0m] [1;32mevse_manager:Ev[0m [1;36mvoid module::EvseManager::process_dc_ev_target_voltage_current(const types::iso15118::DcEvseMaximumLimits&)[0m [1;30m:[0m[1;32m[0m: EV ignores new EVSE max limits. Setting target current to new EVSE max limits
2026-08-05 05:11:33.568236 [[1;37mINFO[0m] [1;32mevse_manager:Ev[0m [1;36m[0m [1;30m:[0m[1;32m[0m: [1;34mEVSE ISO Change HLC Limits: 22080W/55.2A, target_voltage 400, actual_voltage 400, bpt_active false[1;0m
2026-08-05 05:11:34.106911 [[1;37mINFO[0m] [1;32miso15118_20:Evs[0m [1;36m[0m [1;30m:[0m[1;32m[0m: TCP connection closed gracefully
2026-08-05 05:11:34.107005 [[1;37mINFO[0m] [1;32miso15118_20:Evs[0m [1;36m[0m [1;30m:[0m[1;32m[0m: Connection is closed
2026-08-05 05:11:34.113225 [[1;37mINFO[0m] [1;32mevse_manager:Ev[0m [1;36m[0m [1;30m:[0m[1;32m[0m: [1;34mEVSE ISO D-LINK_TERMINATE.req[1;0m
2026-08-05 05:11:34.113390 [[1;37mINFO[0m] [1;32mevse_manager:Ev[0m [1;36m[0m [1;30m:[0m[1;32m[0m: [1;34mEVSE IEC Set PWM Off[1;0m
2026-08-05 05:11:34.245288 [[1;37mINFO[0m] [1;32mevse_manager:Ev[0m [1;36m[0m [1;30m:[0m[1;32m[0m: [1;34mEVSE ISO SLAC UNMATCHED[1;0m
2026-08-05 05:11:34.245380 [[1;37mINFO[0m] [1;32mevse_manager:Ev[0m [1;36m[0m [1;30m:[0m[1;32m[0m: [1;34mEVSE ISO D-LINK_READY (false)[1;0m
2026-08-05 05:11:38.877202 [[1;37mINFO[0m] [1;32mevse_manager:Ev[0m [1;36m[0m [1;30m:[0m[1;32m[0m: [1;34mEVSE IEC DC power supply set: 400.00V/55.20A, requested was 400.00V/55.20A.[1;0m
2026-08-05 05:11:38.921243 [[1;33mWARN[0m] [1;32mevse_manager:Ev[0m [1;36mvoid module::EvseManager::process_dc_ev_target_voltage_current(const types::iso15118::DcEvseMaximumLimits&)[0m [1;30m:[0m[1;32m[0m: EV ignores new EVSE max limits. Setting target current to new EVSE max limits
2026-08-05 05:11:40.158588 [[1;33mWARN[0m] [1;32mevse_manager:Ev[0m [1;36mstd::queue<module::CPEvent> module::IECStateMachine::state_machine(std::optional<module::RawCPState>)[0m [1;30m:[0m[1;32m[0m: Timeout of 6 seconds reached, EV did not go back to state B after PWM was switched off. Powering off under load.
2026-08-05 05:11:40.347639 [[1;37mINFO[0m] [1;32mevse_manager:Ev[0m [1;36m[0m [1;30m:[0m[1;32m[0m: [1;34mEVSE IEC Event PowerOff[1;0m
2026-08-05 05:11:42.021344 [[1;37mINFO[0m] [1;32mev_manager:EvMa[0m [1;36m[0m [1;30m:[0m[1;32m[0m: Finished simulation.
2026-08-05 05:11:42.489402 [[1;37mINFO[0m] [1;32mevse_manager:Ev[0m [1;36m[0m [1;30m:[0m[1;32m[0m:                                     [1;33mCAR IEC Event CarUnplugged[1;0m
2026-08-05 05:11:42.489581 [[1;37mINFO[0m] [1;32mevse_manager:Ev[0m [1;36m[0m [1;30m:[0m[1;32m[0m: [1;34mEVSE IEC Stop in Charging: [EV unplugged][1;0m
2026-08-05 05:11:42.489673 [[1;37mINFO[0m] [1;32mevse_manager:Ev[0m [1;36m[0m [1;30m:[0m[1;32m[0m: [1;34mEVSE IEC Charger state: Charging->StoppingCharging[1;0m
2026-08-05 05:11:42.582062 [[1;37mINFO[0m] [1;32mevse_manager:Ev[0m [1;36m[0m [1;30m:[0m[1;32m[0m: [1;34mEVSE IEC Charger state: StoppingCharging->Finished[1;0m
2026-08-05 05:11:42.625798 [[1;37mINFO[0m] [1;32mevse_manager:Ev[0m [1;36m[0m [1;30m:[0m[1;32m[0m: [1;34mEVSE IEC Transaction Finished: EVDisconnected (0.2159166717529297 kWh)[1;0m
2026-08-05 05:11:42.626176 [[1;37mINFO[0m] [1;32mevse_manager:Ev[0m [1;36m[0m [1;30m:[0m[1;32m[0m: [1;34mEVSE IEC DC power supply OFF[1;0m
2026-08-05 05:11:42.628063 [[1;37mINFO[0m] [1;32mpowersupply_dc:[0m [1;36m[0m [1;30m:[0m[1;32m[0m: Set mode: Off ChargingPhase: Other
2026-08-05 05:11:42.759228 [[1;33mWARN[0m] [1;32miso15118_20:Evs[0m [1;36mvirtual void module::charger::ISO15118_chargerImpl::handle_session_setup(std::vector<types::iso15118::PaymentOption>&, bool&, bool&)[0m [1;30m:[0m[1;32m[0m: Currently Plug&Charge is not supported and ignored
2026-08-05 05:11:42.846272 [[1;37mINFO[0m] [1;32mevse_manager:Ev[0m [1;36m[0m [1;30m:[0m[1;32m[0m: [1;34mEVSE IEC Session Finished[1;0m
2026-08-05 05:11:42.846425 [[1;37mINFO[0m] [1;32mevse_manager:Ev[0m [1;36m[0m [1;30m:[0m[1;32m[0m: SYS  Session logging stopped.
2026-08-05 05:11:42.893391 [[1;37mINFO[0m] [1;32mevse_manager:Ev[0m [1;36m[0m [1;30m:[0m[1;32m[0m: All errors cleared
2026-08-05 05:11:42.893599 [[1;37mINFO[0m] [1;32mevse_manager:Ev[0m [1;36m[0m [1;30m:[0m[1;32m[0m: All errors cleared
2026-08-05 05:11:48.858359 [[1;33mWARN[0m] [1;32miso15118_20:Evs[0m [1;36mvirtual void module::charger::ISO15118_chargerImpl::handle_session_setup(std::vector<types::iso15118::PaymentOption>&, bool&, bool&)[0m [1;30m:[0m[1;32m[0m: Currently Plug&Charge is not supported and ignored
2026-08-05 05:11:48.946739 [[1;37mINFO[0m] [1;32mevse_manager:Ev[0m [1;36m[0m [1;30m:[0m[1;32m[0m: SYS  Session logging started.
2026-08-05 05:11:48.946883 [[1;37mINFO[0m] [1;32mevse_manager:Ev[0m [1;36m[0m [1;30m:[0m[1;32m[0m: [1;34mEVSE IEC Session Started: EVConnected[1;0m
2026-08-05 05:11:48.947928 [[1;37mINFO[0m] [1;32mauth:Auth      [0m [1;36m[0m [1;30m:[0m[1;32m[0m: Plug In event for evse#1, starting auth
2026-08-05 05:11:48.947936 [[1;37mINFO[0m] [1;32mtoken_provider:[0m [1;36m[0m [1;30m:[0m[1;32m[0m: Publishing new dummy token: {
    "authorization_type": "RFID",
    "id_token": {
        "type": "ISO14443",
        "value": "[redacted] hash: CE55F71752B68164"
    },
    "parent_id_token": {
        "type": "ISO14443",
        "value": "[redacted] hash: CE55F71752B68164"
    }
}
2026-08-05 05:11:48.948732 [[1;37mINFO[0m] [1;32mauth:Auth      [0m [1;36m[0m [1;30m:[0m[1;32m[0m: Received new token: {
    "authorization_type": "RFID",
    "id_token": {
        "type": "ISO14443",
        "value": "[redacted] hash: CE55F71752B68164"
    },
    "parent_id_token": {
        "type": "ISO14443",
        "value": "[redacted] hash: CE55F71752B68164"
    }
}
2026-08-05 05:11:48.949636 [[1;37mINFO[0m] [1;32mtoken_validator[0m [1;36m[0m [1;30m:[0m[1;32m[0m: Got validation request for token: [redacted] hash: CE55F71752B68164
2026-08-05 05:11:49.199780 [[1;37mINFO[0m] [1;32mtoken_validator[0m [1;36m[0m [1;30m:[0m[1;32m[0m: Returning validation status: Accepted
2026-08-05 05:11:49.200974 [[1;37mINFO[0m] [1;32mauth:Auth      [0m [1;36m[0m [1;30m:[0m[1;32m[0m: Providing authorization to evse#1
2026-08-05 05:11:49.447632 [[1;37mINFO[0m] [1;32mevse_manager:Ev[0m [1;36m[0m [1;30m:[0m[1;32m[0m: [1;34mEVSE IEC Set PWM On (5.0%) took 0 ms[1;0m
2026-08-05 05:11:49.589607 [[1;37mINFO[0m] [1;32mevse_manager:Ev[0m [1;36m[0m [1;30m:[0m[1;32m[0m: [1;34mEVSE IEC EIM Authorization received[1;0m
2026-08-05 05:11:49.590906 [[1;37mINFO[0m] [1;32mauth:Auth      [0m [1;36m[0m [1;30m:[0m[1;32m[0m: Result for token: [redacted] hash: CE55F71752B68164: USED_TO_START_TRANSACTION
2026-08-05 05:11:49.681436 [[1;37mINFO[0m] [1;32mevse_manager:Ev[0m [1;36m[0m [1;30m:[0m[1;32m[0m: [1;34mEVSE IEC Transaction Started (0.2159166717529297 kWh)[1;0m
2026-08-05 05:11:49.682566 [[1;37mINFO[0m] [1;32mevse_manager:Ev[0m [1;36m[0m [1;30m:[0m[1;32m[0m: [1;34mEVSE IEC DC mode. We are in 5percent mode so we can continue without further action.[1;0m
2026-08-05 05:11:49.682829 [[1;37mINFO[0m] [1;32mevse_manager:Ev[0m [1;36m[0m [1;30m:[0m[1;32m[0m: [1;34mEVSE IEC Charger state: Wait for Auth->PrepareCharging[1;0m
2026-08-05 05:11:50.733422 [[1;37mINFO[0m] [1;32mevse_manager:Ev[0m [1;36m[0m [1;30m:[0m[1;32m[0m: [1;34mEVSE ISO SLAC MATCHED[1;0m
2026-08-05 05:11:50.733423 [[1;37mINFO[0m] [1;32mevse_manager:Ev[0m [1;36m[0m [1;30m:[0m[1;32m[0m: [1;34mEVSE ISO D-LINK_READY (true)[1;0m
2026-08-05 05:11:51.397461 [[1;37mINFO[0m] [1;32mevse_manager:Ev[0m [1;36m[0m [1;30m:[0m[1;32m[0m:                                     [1;33mCAR IEC Event CarRequestedPower[1;0m

2026-08-05 05:11:58.586256 [[1;37mINFO[0m] [1;32miso_mux:IsoMux [0m [1;36m[0m [1;30m:[0m[1;32m[0m: Incoming connection on eth0 from [a00:ea5e:0:0:fe80::]:59998

2026-08-05 05:11:58.591276 [[1;37mINFO[0m] [1;32miso_mux:IsoMux [0m [1;36m[0m [1;30m:[0m[1;32m[0m: Handling SupportedAppProtocolReq

2026-08-05 05:11:58.591362 [[1;37mINFO[0m] [1;32miso_mux:IsoMux [0m [1;36m[0m [1;30m:[0m[1;32m[0m: handshake_req: Namespace: urn:iso:15118:2:2013:MsgDef, Version: 2.0, SchemaID: 1, Priority: 1

2026-08-05 05:11:58.591374 [[1;37mINFO[0m] [1;32miso_mux:IsoMux [0m [1;36m[0m [1;30m:[0m[1;32m[0m: handshake_req: Namespace: urn:iso:std:iso:15118:-20:DC, Version: 1.0, SchemaID: 2, Priority: 2
2026-08-05 05:11:58.591535 [[1;37mINFO[0m] [1;32miso_mux:IsoMux [0m [1;36m[0m [1;30m:[0m[1;32m[0m: Connected to proxy module for ISO-20

2026-08-05 05:11:58.591562 [[1;37mINFO[0m] [1;32miso_mux:IsoMux [0m [1;36m[0m [1;30m:[0m[1;32m[0m: Multiplexer: Proxy TCP->TCP
2026-08-05 05:11:58.591595 [[1;37mINFO[0m] [1;32miso15118_20:Evs[0m [1;36m[0m [1;30m:[0m[1;32m[0m: Incoming connection from [::1]:51088
2026-08-05 05:11:58.595183 [[1;37mINFO[0m] [1;32mevse_manager:Ev[0m [1;36m[0m [1;30m:[0m[1;32m[0m:                                     [1;33mCAR ISO V2G SupportedAppProtocolReq[1;0m
2026-08-05 05:11:58.609262 [[1;37mINFO[0m] [1;32miso15118_20:Evs[0m [1;36m[0m [1;30m:[0m[1;32m[0m: Received session setup with evccid: EVCC01
2026-08-05 05:11:58.609635 [[1;37mINFO[0m] [1;32miso15118_20:Evs[0m [1;36m[0m [1;30m:[0m[1;32m[0m: New session created with session_id: 0xAE, 0x7B, 0xDB, 0x72, 0xE7, 0xFB, 0x8D, 0xA1
2026-08-05 05:11:58.638859 [[1;37mINFO[0m] [1;32mevse_manager:Ev[0m [1;36m[0m [1;30m:[0m[1;32m[0m: [1;34mEVSE ISO V2G SupportedAppProtocolRes[1;0m
2026-08-05 05:11:58.639176 [[1;37mINFO[0m] [1;32mevse_manager:Ev[0m [1;36m[0m [1;30m:[0m[1;32m[0m:                                     [1;33mCAR ISO V2G SessionSetupReq[1;0m
2026-08-05 05:11:58.702772 [[1;37mINFO[0m] [1;32miso15118_20:Evs[0m [1;36m[0m [1;30m:[0m[1;32m[0m: Timestamp: 1785899518
2026-08-05 05:11:58.741321 [[1;37mINFO[0m] [1;32mevse_manager:Ev[0m [1;36m[0m [1;30m:[0m[1;32m[0m: [1;34mEVSE ISO V2G SessionSetupRes[1;0m
2026-08-05 05:11:58.741556 [[1;37mINFO[0m] [1;32mevse_manager:Ev[0m [1;36m[0m [1;30m:[0m[1;32m[0m:                                     [1;33mCAR ISO V2G AuthorizationSetupReq[1;0m
2026-08-05 05:11:58.818218 [[1;37mINFO[0m] [1;32mevse_manager:Ev[0m [1;36m[0m [1;30m:[0m[1;32m[0m: [1;34mEVSE ISO V2G AuthorizationSetupRes[1;0m
2026-08-05 05:11:58.861671 [[1;37mINFO[0m] [1;32mevse_manager:Ev[0m [1;36m[0m [1;30m:[0m[1;32m[0m:                                     [1;33mCAR ISO V2G AuthorizationReq[1;0m
2026-08-05 05:11:58.910153 [[1;37mINFO[0m] [1;32mevse_manager:Ev[0m [1;36m[0m [1;30m:[0m[1;32m[0m: [1;34mEVSE ISO V2G AuthorizationRes[1;0m
2026-08-05 05:11:58.953747 [[1;37mINFO[0m] [1;32mevse_manager:Ev[0m [1;36m[0m [1;30m:[0m[1;32m[0m:                                     [1;33mCAR ISO V2G ServiceDiscoveryReq[1;0m
2026-08-05 05:11:58.997996 [[1;37mINFO[0m] [1;32mevse_manager:Ev[0m [1;36m[0m [1;30m:[0m[1;32m[0m: [1;34mEVSE ISO V2G ServiceDiscoveryRes[1;0m
2026-08-05 05:11:58.998635 [[1;37mINFO[0m] [1;32miso15118_20:Evs[0m [1;36m[0m [1;30m:[0m[1;32m[0m: Requested info about ServiceID: 2
2026-08-05 05:11:59.069479 [[1;37mINFO[0m] [1;32mevse_manager:Ev[0m [1;36m[0m [1;30m:[0m[1;32m[0m:                                     [1;33mCAR ISO V2G ServiceDetailReq[1;0m
2026-08-05 05:11:59.098723 [[1;37mINFO[0m] [1;32miso15118_20:Evs[0m [1;36m[0m [1;30m:[0m[1;32m[0m: Selected DC service parameters: control mode: Scheduled, mobility needs mode: ProvidedByEvcc
2026-08-05 05:11:59.130314 [[1;37mINFO[0m] [1;32mevse_manager:Ev[0m [1;36m[0m [1;30m:[0m[1;32m[0m: [1;34mEVSE ISO V2G ServiceDetailRes[1;0m
2026-08-05 05:11:59.173511 [[1;37mINFO[0m] [1;32mevse_manager:Ev[0m [1;36m[0m [1;30m:[0m[1;32m[0m:                                     [1;33mCAR ISO EV selected service: DC[1;0m
2026-08-05 05:11:59.173837 [[1;37mINFO[0m] [1;32mevse_manager:Ev[0m [1;36m[0m [1;30m:[0m[1;32m[0m:                                     [1;33mCAR ISO V2G ServiceSelectionReq[1;0m
2026-08-05 05:11:59.198936 [[1;37mINFO[0m] [1;32miso15118_20:Evs[0m [1;36m[0m [1;30m:[0m[1;32m[0m: Max charge current 200.000000A
2026-08-05 05:11:59.245226 [[1;37mINFO[0m] [1;32mevse_manager:Ev[0m [1;36m[0m [1;30m:[0m[1;32m[0m: [1;34mEVSE ISO V2G ServiceSelectionRes[1;0m
2026-08-05 05:11:59.245205 [[1;37mINFO[0m] [1;32mevse_manager:Ev[0m [1;36m[0m [1;30m:[0m[1;32m[0m: Received EV maximum limits: {
    "dc_ev_maximum_current_limit": 200.0,
    "dc_ev_maximum_power_limit": 50000.0,
    "dc_ev_maximum_voltage_limit": 500.0
}
2026-08-05 05:11:59.293280 [[1;37mINFO[0m] [1;32mevse_manager:Ev[0m [1;36m[0m [1;30m:[0m[1;32m[0m:                                     [1;33mCAR ISO V2G DcChargeParameterDiscoveryReq[1;0m
2026-08-05 05:11:59.314415 [[1;37mINFO[0m] [1;32mevse_manager:Ev[0m [1;36m[0m [1;30m:[0m[1;32m[0m: [1;34mEVSE ISO V2G DcChargeParameterDiscoveryRes[1;0m
2026-08-05 05:11:59.357756 [[1;37mINFO[0m] [1;32mevse_manager:Ev[0m [1;36m[0m [1;30m:[0m[1;32m[0m:                                     [1;33mCAR ISO V2G ScheduleExchangeReq[1;0m
2026-08-05 05:11:59.402245 [[1;37mINFO[0m] [1;32mevse_manager:Ev[0m [1;36m[0m [1;30m:[0m[1;32m[0m: [1;34mEVSE ISO V2G ScheduleExchangeRes[1;0m
2026-08-05 05:11:59.402386 [[1;37mINFO[0m] [1;32mevse_manager:Ev[0m [1;36m[0m [1;30m:[0m[1;32m[0m: [1;34mEVSE ISO Start cable check...[1;0m
2026-08-05 05:11:59.402509 [[1;37mINFO[0m] [1;32mevse_manager:Ev[0m [1;36m[0m [1;30m:[0m[1;32m[0m:                                     [1;33mCAR ISO DC HLC Close contactor (in CableCheck)[1;0m
2026-08-05 05:11:59.402536 [[1;37mINFO[0m] [1;32mevse_manager:Ev[0m [1;36m[0m [1;30m:[0m[1;32m[0m:                                     [1;33mCAR ISO V2G DcCableCheckReq[1;0m
2026-08-05 05:11:59.453422 [[1;37mINFO[0m] [1;32mevse_manager:Ev[0m [1;36m[0m [1;30m:[0m[1;32m[0m: [1;34mEVSE IEC Event PowerOn[1;0m
2026-08-05 05:11:59.502799 [[1;37mINFO[0m] [1;32mevse_manager:Ev[0m [1;36m[0m [1;30m:[0m[1;32m[0m: EV reports 500 V as maximum voltage
2026-08-05 05:11:59.503023 [[1;37mINFO[0m] [1;32mevse_manager:Ev[0m [1;36m[0m [1;30m:[0m[1;32m[0m: [1;34mEVSE IEC DC power supply set: 500.00V/2.00A, requested was 500.00V/2.00A.[1;0m
2026-08-05 05:11:59.545273 [[1;37mINFO[0m] [1;32mevse_manager:Ev[0m [1;36m[0m [1;30m:[0m[1;32m[0m: CableCheck: Using 500 V
2026-08-05 05:11:59.545340 [[1;37mINFO[0m] [1;32mevse_manager:Ev[0m [1;36m[0m [1;30m:[0m[1;32m[0m: [1;34mEVSE ISO V2G DcCableCheckRes[1;0m
2026-08-05 05:11:59.545414 [[1;37mINFO[0m] [1;32mevse_manager:Ev[0m [1;36m[0m [1;30m:[0m[1;32m[0m: [1;34mEVSE IEC DC power supply: switch ON called, ChargingPhase: CableCheck[1;0m
2026-08-05 05:11:59.546255 [[1;37mINFO[0m] [1;32mpowersupply_dc:[0m [1;36m[0m [1;30m:[0m[1;32m[0m: Set mode: Export ChargingPhase: CableCheck
2026-08-05 05:11:59.589519 [[1;37mINFO[0m] [1;32mevse_manager:Ev[0m [1;36m[0m [1;30m:[0m[1;32m[0m:                                     [1;33mCAR ISO V2G DcCableCheckReq[1;0m
2026-08-05 05:11:59.626229 [[1;37mINFO[0m] [1;32mevse_manager:Ev[0m [1;36m[0m [1;30m:[0m[1;32m[0m: [1;34mEVSE ISO V2G DcCableCheckRes[1;0m
2026-08-05 05:11:59.705400 [[1;37mINFO[0m] [1;32mevse_manager:Ev[0m [1;36m[0m [1;30m:[0m[1;32m[0m: CableCheck: IMD self test started.
2026-08-05 05:11:59.705457 [[1;37mINFO[0m] [1;32mevse_manager:Ev[0m [1;36m[0m [1;30m:[0m[1;32m[0m:                                     [1;33mCAR ISO V2G DcCableCheckReq[1;0m
2026-08-05 05:11:59.753522 [[1;37mINFO[0m] [1;32mevse_manager:Ev[0m [1;36m[0m [1;30m:[0m[1;32m[0m: [1;34mEVSE ISO V2G DcCableCheckRes[1;0m
2026-08-05 05:11:59.766229 [[1;37mINFO[0m] [1;32mevse_manager:Ev[0m [1;36m[0m [1;30m:[0m[1;32m[0m:                                     [1;33mCAR ISO V2G DcCableCheckReq[1;0m
2026-08-05 05:11:59.810223 [[1;37mINFO[0m] [1;32mevse_manager:Ev[0m [1;36m[0m [1;30m:[0m[1;32m[0m: [1;34mEVSE ISO V2G DcCableCheckRes[1;0m
2026-08-05 05:11:59.858117 [[1;37mINFO[0m] [1;32mevse_manager:Ev[0m [1;36m[0m [1;30m:[0m[1;32m[0m:                                     [1;33mCAR ISO V2G DcCableCheckReq[1;0m
2026-08-05 05:11:59.905521 [[1;37mINFO[0m] [1;32mevse_manager:Ev[0m [1;36m[0m [1;30m:[0m[1;32m[0m: [1;34mEVSE ISO V2G DcCableCheckRes[1;0m
2026-08-05 05:11:59.946104 [[1;37mINFO[0m] [1;32mevse_manager:Ev[0m [1;36m[0m [1;30m:[0m[1;32m[0m:                                     [1;33mCAR ISO V2G DcCableCheckReq[1;0m
2026-08-05 05:11:59.997373 [[1;37mINFO[0m] [1;32mevse_manager:Ev[0m [1;36m[0m [1;30m:[0m[1;32m[0m: [1;34mEVSE ISO V2G DcCableCheckRes[1;0m
2026-08-05 05:12:00.057434 [[1;37mINFO[0m] [1;32mevse_manager:Ev[0m [1;36m[0m [1;30m:[0m[1;32m[0m:                                     [1;33mCAR ISO V2G DcCableCheckReq[1;0m
2026-08-05 05:12:00.102195 [[1;37mINFO[0m] [1;32mevse_manager:Ev[0m [1;36m[0m [1;30m:[0m[1;32m[0m: [1;34mEVSE ISO V2G DcCableCheckRes[1;0m
2026-08-05 05:12:00.158080 [[1;37mINFO[0m] [1;32mevse_manager:Ev[0m [1;36m[0m [1;30m:[0m[1;32m[0m:                                     [1;33mCAR ISO V2G DcCableCheckReq[1;0m
2026-08-05 05:12:00.204707 [[1;37mINFO[0m] [1;32mevse_manager:Ev[0m [1;36m[0m [1;30m:[0m[1;32m[0m: [1;34mEVSE ISO Change HLC Limits: 22080W/200A, target_voltage 0, actual_voltage 500, bpt_active false[1;0m
2026-08-05 05:12:00.249285 [[1;37mINFO[0m] [1;32mevse_manager:Ev[0m [1;36m[0m [1;30m:[0m[1;32m[0m: [1;34mEVSE ISO V2G DcCableCheckRes[1;0m
2026-08-05 05:12:00.294247 [[1;37mINFO[0m] [1;32mevse_manager:Ev[0m [1;36m[0m [1;30m:[0m[1;32m[0m:                                     [1;33mCAR ISO V2G DcCableCheckReq[1;0m
2026-08-05 05:12:00.342485 [[1;37mINFO[0m] [1;32mevse_manager:Ev[0m [1;36m[0m [1;30m:[0m[1;32m[0m: [1;34mEVSE ISO V2G DcCableCheckRes[1;0m
2026-08-05 05:12:00.386407 [[1;37mINFO[0m] [1;32mevse_manager:Ev[0m [1;36m[0m [1;30m:[0m[1;32m[0m:                                     [1;33mCAR ISO V2G DcCableCheckReq[1;0m
2026-08-05 05:12:00.429944 [[1;37mINFO[0m] [1;32mevse_manager:Ev[0m [1;36m[0m [1;30m:[0m[1;32m[0m: [1;34mEVSE ISO V2G DcCableCheckRes[1;0m
2026-08-05 05:12:00.474088 [[1;37mINFO[0m] [1;32mevse_manager:Ev[0m [1;36m[0m [1;30m:[0m[1;32m[0m:                                     [1;33mCAR ISO V2G DcCableCheckReq[1;0m
2026-08-05 05:12:00.517886 [[1;37mINFO[0m] [1;32mevse_manager:Ev[0m [1;36m[0m [1;30m:[0m[1;32m[0m: [1;34mEVSE ISO V2G DcCableCheckRes[1;0m
2026-08-05 05:12:00.562144 [[1;37mINFO[0m] [1;32mevse_manager:Ev[0m [1;36m[0m [1;30m:[0m[1;32m[0m:                                     [1;33mCAR ISO V2G DcCableCheckReq[1;0m
2026-08-05 05:12:00.606196 [[1;37mINFO[0m] [1;32mevse_manager:Ev[0m [1;36m[0m [1;30m:[0m[1;32m[0m: [1;34mEVSE ISO V2G DcCableCheckRes[1;0m
2026-08-05 05:12:00.654368 [[1;37mINFO[0m] [1;32mevse_manager:Ev[0m [1;36m[0m [1;30m:[0m[1;32m[0m:                                     [1;33mCAR ISO V2G DcCableCheckReq[1;0m
2026-08-05 05:12:00.701928 [[1;37mINFO[0m] [1;32mevse_manager:Ev[0m [1;36m[0m [1;30m:[0m[1;32m[0m: [1;34mEVSE ISO V2G DcCableCheckRes[1;0m
2026-08-05 05:12:00.750134 [[1;37mINFO[0m] [1;32mevse_manager:Ev[0m [1;36m[0m [1;30m:[0m[1;32m[0m:                                     [1;33mCAR ISO V2G DcCableCheckReq[1;0m
2026-08-05 05:12:00.842091 [[1;37mINFO[0m] [1;32mevse_manager:Ev[0m [1;36m[0m [1;30m:[0m[1;32m[0m: [1;34mEVSE ISO V2G DcCableCheckRes[1;0m
2026-08-05 05:12:00.886559 [[1;37mINFO[0m] [1;32mevse_manager:Ev[0m [1;36m[0m [1;30m:[0m[1;32m[0m:                                     [1;33mCAR ISO V2G DcCableCheckReq[1;0m
2026-08-05 05:12:00.933180 [[1;37mINFO[0m] [1;32mevse_manager:Ev[0m [1;36m[0m [1;30m:[0m[1;32m[0m: [1;34mEVSE ISO V2G DcCableCheckRes[1;0m
2026-08-05 05:12:00.974130 [[1;37mINFO[0m] [1;32mevse_manager:Ev[0m [1;36m[0m [1;30m:[0m[1;32m[0m:                                     [1;33mCAR ISO V2G DcCableCheckReq[1;0m
2026-08-05 05:12:01.017857 [[1;37mINFO[0m] [1;32mevse_manager:Ev[0m [1;36m[0m [1;30m:[0m[1;32m[0m: [1;34mEVSE ISO V2G DcCableCheckRes[1;0m
2026-08-05 05:12:01.062126 [[1;37mINFO[0m] [1;32mevse_manager:Ev[0m [1;36m[0m [1;30m:[0m[1;32m[0m:                                     [1;33mCAR ISO V2G DcCableCheckReq[1;0m
2026-08-05 05:12:01.110061 [[1;37mINFO[0m] [1;32mevse_manager:Ev[0m [1;36m[0m [1;30m:[0m[1;32m[0m: [1;34mEVSE ISO V2G DcCableCheckRes[1;0m
2026-08-05 05:12:01.158482 [[1;37mINFO[0m] [1;32mevse_manager:Ev[0m [1;36m[0m [1;30m:[0m[1;32m[0m:                                     [1;33mCAR ISO V2G DcCableCheckReq[1;0m
2026-08-05 05:12:01.249226 [[1;37mINFO[0m] [1;32mevse_manager:Ev[0m [1;36m[0m [1;30m:[0m[1;32m[0m: [1;34mEVSE ISO V2G DcCableCheckRes[1;0m
2026-08-05 05:12:01.298124 [[1;37mINFO[0m] [1;32mevse_manager:Ev[0m [1;36m[0m [1;30m:[0m[1;32m[0m:                                     [1;33mCAR ISO V2G DcCableCheckReq[1;0m
2026-08-05 05:12:01.341556 [[1;37mINFO[0m] [1;32mevse_manager:Ev[0m [1;36m[0m [1;30m:[0m[1;32m[0m: [1;34mEVSE ISO V2G DcCableCheckRes[1;0m
2026-08-05 05:12:01.386159 [[1;37mINFO[0m] [1;32mevse_manager:Ev[0m [1;36m[0m [1;30m:[0m[1;32m[0m:                                     [1;33mCAR ISO V2G DcCableCheckReq[1;0m
2026-08-05 05:12:01.430280 [[1;37mINFO[0m] [1;32mevse_manager:Ev[0m [1;36m[0m [1;30m:[0m[1;32m[0m: [1;34mEVSE ISO V2G DcCableCheckRes[1;0m
2026-08-05 05:12:01.477926 [[1;37mINFO[0m] [1;32mevse_manager:Ev[0m [1;36m[0m [1;30m:[0m[1;32m[0m:                                     [1;33mCAR ISO V2G DcCableCheckReq[1;0m
2026-08-05 05:12:01.525215 [[1;37mINFO[0m] [1;32mevse_manager:Ev[0m [1;36m[0m [1;30m:[0m[1;32m[0m: [1;34mEVSE ISO V2G DcCableCheckRes[1;0m
2026-08-05 05:12:01.570133 [[1;37mINFO[0m] [1;32mevse_manager:Ev[0m [1;36m[0m [1;30m:[0m[1;32m[0m:                                     [1;33mCAR ISO V2G DcCableCheckReq[1;0m
2026-08-05 05:12:01.618077 [[1;37mINFO[0m] [1;32mevse_manager:Ev[0m [1;36m[0m [1;30m:[0m[1;32m[0m: [1;34mEVSE ISO V2G DcCableCheckRes[1;0m
2026-08-05 05:12:01.701319 [[1;37mINFO[0m] [1;32mevse_manager:Ev[0m [1;36m[0m [1;30m:[0m[1;32m[0m:                                     [1;33mCAR ISO V2G DcCableCheckReq[1;0m
2026-08-05 05:12:01.745255 [[1;37mINFO[0m] [1;32mevse_manager:Ev[0m [1;36m[0m [1;30m:[0m[1;32m[0m: [1;34mEVSE ISO V2G DcCableCheckRes[1;0m
2026-08-05 05:12:01.806207 [[1;37mINFO[0m] [1;32mevse_manager:Ev[0m [1;36m[0m [1;30m:[0m[1;32m[0m:                                     [1;33mCAR ISO V2G DcCableCheckReq[1;0m
2026-08-05 05:12:01.849549 [[1;37mINFO[0m] [1;32mevse_manager:Ev[0m [1;36m[0m [1;30m:[0m[1;32m[0m: [1;34mEVSE ISO V2G DcCableCheckRes[1;0m
2026-08-05 05:12:01.894200 [[1;37mINFO[0m] [1;32mevse_manager:Ev[0m [1;36m[0m [1;30m:[0m[1;32m[0m:                                     [1;33mCAR ISO V2G DcCableCheckReq[1;0m
2026-08-05 05:12:01.938159 [[1;37mINFO[0m] [1;32mevse_manager:Ev[0m [1;36m[0m [1;30m:[0m[1;32m[0m: [1;34mEVSE ISO V2G DcCableCheckRes[1;0m
2026-08-05 05:12:01.982000 [[1;37mINFO[0m] [1;32mevse_manager:Ev[0m [1;36m[0m [1;30m:[0m[1;32m[0m:                                     [1;33mCAR ISO V2G DcCableCheckReq[1;0m
2026-08-05 05:12:02.029792 [[1;37mINFO[0m] [1;32mevse_manager:Ev[0m [1;36m[0m [1;30m:[0m[1;32m[0m: [1;34mEVSE ISO V2G DcCableCheckRes[1;0m
2026-08-05 05:12:02.078007 [[1;37mINFO[0m] [1;32mevse_manager:Ev[0m [1;36m[0m [1;30m:[0m[1;32m[0m:                                     [1;33mCAR ISO V2G DcCableCheckReq[1;0m
2026-08-05 05:12:02.122124 [[1;37mINFO[0m] [1;32mevse_manager:Ev[0m [1;36m[0m [1;30m:[0m[1;32m[0m: [1;34mEVSE ISO V2G DcCableCheckRes[1;0m
2026-08-05 05:12:02.201207 [[1;37mINFO[0m] [1;32mevse_manager:Ev[0m [1;36m[0m [1;30m:[0m[1;32m[0m:                                     [1;33mCAR ISO V2G DcCableCheckReq[1;0m
2026-08-05 05:12:02.245291 [[1;37mINFO[0m] [1;32mevse_manager:Ev[0m [1;36m[0m [1;30m:[0m[1;32m[0m: [1;34mEVSE ISO V2G DcCableCheckRes[1;0m
2026-08-05 05:12:02.293316 [[1;37mINFO[0m] [1;32mevse_manager:Ev[0m [1;36m[0m [1;30m:[0m[1;32m[0m:                                     [1;33mCAR ISO V2G DcCableCheckReq[1;0m
2026-08-05 05:12:02.310326 [[1;37mINFO[0m] [1;32mevse_manager:Ev[0m [1;36m[0m [1;30m:[0m[1;32m[0m: [1;34mEVSE ISO V2G DcCableCheckRes[1;0m
2026-08-05 05:12:02.358083 [[1;37mINFO[0m] [1;32mevse_manager:Ev[0m [1;36m[0m [1;30m:[0m[1;32m[0m:                                     [1;33mCAR ISO V2G DcCableCheckReq[1;0m
2026-08-05 05:12:02.401998 [[1;37mINFO[0m] [1;32mevse_manager:Ev[0m [1;36m[0m [1;30m:[0m[1;32m[0m: [1;34mEVSE ISO V2G DcCableCheckRes[1;0m
2026-08-05 05:12:02.464233 [[1;37mINFO[0m] [1;32mevse_manager:Ev[0m [1;36m[0m [1;30m:[0m[1;32m[0m:                                     [1;33mCAR ISO V2G DcCableCheckReq[1;0m
2026-08-05 05:12:02.506079 [[1;37mINFO[0m] [1;32mevse_manager:Ev[0m [1;36m[0m [1;30m:[0m[1;32m[0m: [1;34mEVSE ISO V2G DcCableCheckRes[1;0m
2026-08-05 05:12:02.573424 [[1;37mINFO[0m] [1;32mevse_manager:Ev[0m [1;36m[0m [1;30m:[0m[1;32m[0m:                                     [1;33mCAR ISO V2G DcCableCheckReq[1;0m
2026-08-05 05:12:02.602217 [[1;37mINFO[0m] [1;32mevse_manager:Ev[0m [1;36m[0m [1;30m:[0m[1;32m[0m: [1;34mEVSE ISO V2G DcCableCheckRes[1;0m
2026-08-05 05:12:02.651301 [[1;37mINFO[0m] [1;32mevse_manager:Ev[0m [1;36m[0m [1;30m:[0m[1;32m[0m:                                     [1;33mCAR ISO V2G DcCableCheckReq[1;0m
2026-08-05 05:12:02.655994 [[1;37mINFO[0m] [1;32mevse_manager:Ev[0m [1;36m[0m [1;30m:[0m[1;32m[0m: [1;34mEVSE IEC Isolation monitor self test result: true[1;0m
2026-08-05 05:12:02.697276 [[1;37mINFO[0m] [1;32mimd:IMDSimulato[0m [1;36m[0m [1;30m:[0m[1;32m[0m: Started simulated isolation monitoring with 1000 ms interval
2026-08-05 05:12:02.701335 [[1;37mINFO[0m] [1;32mevse_manager:Ev[0m [1;36m[0m [1;30m:[0m[1;32m[0m: CableCheck: Waiting for 1 isolation measurement sample(s)
2026-08-05 05:12:02.701350 [[1;37mINFO[0m] [1;32mevse_manager:Ev[0m [1;36m[0m [1;30m:[0m[1;32m[0m: [1;34mEVSE ISO V2G DcCableCheckRes[1;0m
2026-08-05 05:12:02.745279 [[1;37mINFO[0m] [1;32mevse_manager:Ev[0m [1;36m[0m [1;30m:[0m[1;32m[0m: [1;34mEVSE IEC Isolation measurement Ok R_F 900000.[1;0m
2026-08-05 05:12:02.834363 [[1;37mINFO[0m] [1;32mevse_manager:Ev[0m [1;36m[0m [1;30m:[0m[1;32m[0m:                                     [1;33mCAR ISO V2G DcCableCheckReq[1;0m
2026-08-05 05:12:02.834643 [[1;37mINFO[0m] [1;32mevse_manager:Ev[0m [1;36m[0m [1;30m:[0m[1;32m[0m: [1;34mEVSE ISO V2G DcCableCheckRes[1;0m
2026-08-05 05:12:02.834661 [[1;37mINFO[0m] [1;32mevse_manager:Ev[0m [1;36m[0m [1;30m:[0m[1;32m[0m: [1;34mEVSE IEC DC power supply OFF[1;0m
2026-08-05 05:12:02.835598 [[1;37mINFO[0m] [1;32mpowersupply_dc:[0m [1;36m[0m [1;30m:[0m[1;32m[0m: Set mode: Off ChargingPhase: CableCheck
2026-08-05 05:12:02.882098 [[1;37mINFO[0m] [1;32mevse_manager:Ev[0m [1;36m[0m [1;30m:[0m[1;32m[0m:                                     [1;33mCAR ISO V2G DcCableCheckReq[1;0m
2026-08-05 05:12:02.926170 [[1;37mINFO[0m] [1;32mevse_manager:Ev[0m [1;36m[0m [1;30m:[0m[1;32m[0m: [1;34mEVSE ISO V2G DcCableCheckRes[1;0m
2026-08-05 05:12:02.970093 [[1;37mINFO[0m] [1;32mevse_manager:Ev[0m [1;36m[0m [1;30m:[0m[1;32m[0m:                                     [1;33mCAR ISO V2G DcCableCheckReq[1;0m
2026-08-05 05:12:03.014064 [[1;37mINFO[0m] [1;32mevse_manager:Ev[0m [1;36m[0m [1;30m:[0m[1;32m[0m: [1;34mEVSE ISO V2G DcCableCheckRes[1;0m
2026-08-05 05:12:03.057886 [[1;37mINFO[0m] [1;32mevse_manager:Ev[0m [1;36m[0m [1;30m:[0m[1;32m[0m:                                     [1;33mCAR ISO V2G DcCableCheckReq[1;0m
2026-08-05 05:12:03.106320 [[1;37mINFO[0m] [1;32mevse_manager:Ev[0m [1;36m[0m [1;30m:[0m[1;32m[0m: [1;34mEVSE ISO V2G DcCableCheckRes[1;0m
2026-08-05 05:12:03.149877 [[1;37mINFO[0m] [1;32mevse_manager:Ev[0m [1;36m[0m [1;30m:[0m[1;32m[0m:                                     [1;33mCAR ISO V2G DcCableCheckReq[1;0m
2026-08-05 05:12:03.160719 [[1;37mINFO[0m] [1;32mevse_manager:Ev[0m [1;36m[0m [1;30m:[0m[1;32m[0m: CableCheck done, output is below 60V
2026-08-05 05:12:03.253479 [[1;37mINFO[0m] [1;32mevse_manager:Ev[0m [1;36m[0m [1;30m:[0m[1;32m[0m: [1;34mEVSE ISO V2G DcCableCheckRes[1;0m
2026-08-05 05:12:03.345319 [[1;37mINFO[0m] [1;32mevse_manager:Ev[0m [1;36m[0m [1;30m:[0m[1;32m[0m:                                     [1;33mCAR ISO V2G DcCableCheckReq[1;0m
2026-08-05 05:12:03.345577 [[1;37mINFO[0m] [1;32mevse_manager:Ev[0m [1;36m[0m [1;30m:[0m[1;32m[0m: [1;34mEVSE ISO V2G DcCableCheckRes[1;0m
2026-08-05 05:12:03.369676 [[1;37mINFO[0m] [1;32mevse_manager:Ev[0m [1;36m[0m [1;30m:[0m[1;32m[0m:                                     [1;33mCAR ISO V2G DcPreChargeReq[1;0m
2026-08-05 05:12:03.370177 [[1;37mINFO[0m] [1;32mevse_manager:Ev[0m [1;36m[0m [1;30m:[0m[1;32m[0m: [1;34mEVSE IEC DC power supply set: 400.00V/1.00A, requested was 400.00V/0.00A.[1;0m
2026-08-05 05:12:03.371876 [[1;37mINFO[0m] [1;32mevse_manager:Ev[0m [1;36m[0m [1;30m:[0m[1;32m[0m: [1;34mEVSE IEC DC power supply: switch ON called, ChargingPhase: PreCharge[1;0m
2026-08-05 05:12:03.413963 [[1;37mINFO[0m] [1;32mevse_manager:Ev[0m [1;36m[0m [1;30m:[0m[1;32m[0m: [1;34mEVSE ISO V2G DcPreChargeRes[1;0m
2026-08-05 05:12:03.417152 [[1;37mINFO[0m] [1;32mpowersupply_dc:[0m [1;36m[0m [1;30m:[0m[1;32m[0m: Set mode: Export ChargingPhase: PreCharge
2026-08-05 05:12:03.461228 [[1;37mINFO[0m] [1;32mevse_manager:Ev[0m [1;36m[0m [1;30m:[0m[1;32m[0m:                                     [1;33mCAR ISO V2G PowerDeliveryReq[1;0m
2026-08-05 05:12:03.502017 [[1;37mINFO[0m] [1;32mevse_manager:Ev[0m [1;36m[0m [1;30m:[0m[1;32m[0m: [1;34mEVSE ISO V2G PowerDeliveryRes[1;0m
2026-08-05 05:12:03.546131 [[1;37mINFO[0m] [1;32mevse_manager:Ev[0m [1;36m[0m [1;30m:[0m[1;32m[0m: [1;34mEVSE IEC DC power supply: switch ON in export mode[1;0m
2026-08-05 05:12:03.546212 [[1;37mINFO[0m] [1;32mevse_manager:Ev[0m [1;36m[0m [1;30m:[0m[1;32m[0m:                                     [1;33mCAR ISO V2G DcChargeLoopReq[1;0m
2026-08-05 05:12:03.546213 [[1;37mINFO[0m] [1;32mevse_manager:Ev[0m [1;36m[0m [1;30m:[0m[1;32m[0m: [1;34mEVSE IEC DC power supply set: 400.00V/120.00A, requested was 400.00V/120.00A.[1;0m
2026-08-05 05:12:03.547158 [[1;37mINFO[0m] [1;32mpowersupply_dc:[0m [1;36m[0m [1;30m:[0m[1;32m[0m: Set mode: Export ChargingPhase: Charging
2026-08-05 05:12:03.589429 [[1;37mINFO[0m] [1;32mevse_manager:Ev[0m [1;36m[0m [1;30m:[0m[1;32m[0m: [1;34mEVSE IEC DC power supply set: 400.00V/1.00A, requested was 400.00V/0.00A.[1;0m
2026-08-05 05:12:03.590686 [[1;37mINFO[0m] [1;32mevse_manager:Ev[0m [1;36m[0m [1;30m:[0m[1;32m[0m: [1;34mEVSE ISO Change HLC Limits: 22080W/55.2A, target_voltage 400, actual_voltage 0, bpt_active false[1;0m
2026-08-05 05:12:03.591032 [[1;37mINFO[0m] [1;32mevse_manager:Ev[0m [1;36m[0m [1;30m:[0m[1;32m[0m: VoltagePlausibilityMonitor, start monitoring
2026-08-05 05:12:03.637656 [[1;37mINFO[0m] [1;32mevse_manager:Ev[0m [1;36m[0m [1;30m:[0m[1;32m[0m: [1;34mEVSE ISO V2G DcChargeLoopRes[1;0m
2026-08-05 05:12:03.660369 [[1;37mINFO[0m] [1;32mevse_manager:Ev[0m [1;36m[0m [1;30m:[0m[1;32m[0m: [1;34mEVSE IEC Charger state: PrepareCharging->Charging[1;0m
2026-08-05 05:12:03.661881 [[1;37mINFO[0m] [1;32mevse_manager:Ev[0m [1;36m[0m [1;30m:[0m[1;32m[0m: Timing statistics (Plugin to CurrentDemand)
2026-08-05 05:12:03.661923 [[1;37mINFO[0m] [1;32mevse_manager:Ev[0m [1;36m[0m [1;30m:[0m[1;32m[0m: -------------------------------------------
2026-08-05 05:12:03.661937 [[1;37mINFO[0m] [1;32mevse_manager:Ev[0m [1;36m[0m [1;30m:[0m[1;32m[0m: ConnSetup | HLC_PWM_5%_ON: 811 ms | D-LINK_READY: 1336 ms | Auth EIM Done: 7991 ms | Total: 10725 ms
2026-08-05 05:12:03.661959 [[1;37mINFO[0m] [1;32mevse_manager:Ev[0m [1;36m[0m [1;30m:[0m[1;32m[0m: CableCheck | <60V: 0 ms | Relay On: 100 ms | EVInfo: 0 ms | VRampUp: 154 ms | Self test: 2999 ms | Measure: 88 ms | VRampDown: 415 ms | Total: 3894 ms
2026-08-05 05:12:03.661971 [[1;37mINFO[0m] [1;32mevse_manager:Ev[0m [1;36m[0m [1;30m:[0m[1;32m[0m: PrepareCharging | Charging started: 364 ms | Total: 364 ms
2026-08-05 05:12:03.661989 [[1;37mINFO[0m] [1;32mevse_manager:Ev[0m [1;36m[0m [1;30m:[0m[1;32m[0m: Total duration all phases: 14984 ms
2026-08-05 05:12:03.709518 [[1;37mINFO[0m] [1;32mevse_manager:Ev[0m [1;36m[0m [1;30m:[0m[1;32m[0m:                                     [1;33mCAR ISO V2G DcChargeLoopReq[1;0m
2026-08-05 05:12:03.709786 [[1;37mINFO[0m] [1;32mevse_manager:Ev[0m [1;36m[0m [1;30m:[0m[1;32m[0m: [1;34mEVSE IEC DC power supply set: 400.00V/120.00A, requested was 400.00V/120.00A.[1;0m
2026-08-05 05:12:03.755253 [[1;37mINFO[0m] [1;32mevse_manager:Ev[0m [1;36m[0m [1;30m:[0m[1;32m[0m: [1;34mEVSE IEC Isolation measurement Ok R_F 900000.[1;0m
2026-08-05 05:12:03.807532 [[1;37mINFO[0m] [1;32mevse_manager:Ev[0m [1;36m[0m [1;30m:[0m[1;32m[0m: [1;34mEVSE ISO V2G DcChargeLoopRes[1;0m
2026-08-05 05:12:03.821953 [[1;37mINFO[0m] [1;32mevse_manager:Ev[0m [1;36m[0m [1;30m:[0m[1;32m[0m:                                     [1;33mCAR ISO V2G DcChargeLoopReq[1;0m
2026-08-05 05:12:03.913557 [[1;37mINFO[0m] [1;32mevse_manager:Ev[0m [1;36m[0m [1;30m:[0m[1;32m[0m: [1;34mEVSE ISO V2G DcChargeLoopRes[1;0m
2026-08-05 05:12:03.957464 [[1;37mINFO[0m] [1;32mevse_manager:Ev[0m [1;36m[0m [1;30m:[0m[1;32m[0m: VoltagePlausibilityMonitor, stop monitoring
2026-08-05 05:12:03.957530 [[1;37mINFO[0m] [1;32mevse_manager:Ev[0m [1;36m[0m [1;30m:[0m[1;32m[0m:                                     [1;33mCAR ISO V2G PowerDeliveryReq[1;0m
2026-08-05 05:12:03.957593 [[1;37mINFO[0m] [1;32mevse_manager:Ev[0m [1;36m[0m [1;30m:[0m[1;32m[0m: [1;34mEVSE IEC DC power supply OFF[1;0m
2026-08-05 05:12:03.958455 [[1;37mINFO[0m] [1;32mpowersupply_dc:[0m [1;36m[0m [1;30m:[0m[1;32m[0m: Set mode: Off ChargingPhase: Charging
2026-08-05 05:12:04.006437 [[1;37mINFO[0m] [1;32mimd:IMDSimulato[0m [1;36m[0m [1;30m:[0m[1;32m[0m: Stopped simulated isolation monitoring
2026-08-05 05:12:04.053641 [[1;37mINFO[0m] [1;32mevse_manager:Ev[0m [1;36m[0m [1;30m:[0m[1;32m[0m: [1;34mEVSE ISO V2G PowerDeliveryRes[1;0m
2026-08-05 05:12:04.097661 [[1;37mINFO[0m] [1;32mevse_manager:Ev[0m [1;36m[0m [1;30m:[0m[1;32m[0m:                                     [1;33mCAR ISO V2G DcWeldingDetectionReq[1;0m
2026-08-05 05:12:04.141624 [[1;37mINFO[0m] [1;32mevse_manager:Ev[0m [1;36m[0m [1;30m:[0m[1;32m[0m: [1;34mEVSE ISO V2G DcWeldingDetectionRes[1;0m
2026-08-05 05:12:04.141877 [[1;37mINFO[0m] [1;32mevse_manager:Ev[0m [1;36m[0m [1;30m:[0m[1;32m[0m:                                     [1;33mCAR ISO V2G SessionStopReq[1;0m

2026-08-05 05:12:04.151338 [[1;37mINFO[0m] [1;32miso_mux:IsoMux [0m [1;36m[0m [1;30m:[0m[1;32m[0m: Multiplexer: Closing TCP connection
2026-08-05 05:12:04.205445 [[1;37mINFO[0m] [1;32mevse_manager:Ev[0m [1;36m[0m [1;30m:[0m[1;32m[0m: [1;34mEVSE ISO V2G SessionStopRes[1;0m
2026-08-05 05:12:04.205468 [[1;37mINFO[0m] [1;32mevse_manager:Ev[0m [1;36m[0m [1;30m:[0m[1;32m[0m: [1;34mEVSE IEC DC power supply set: 400.00V/120.00A, requested was 400.00V/120.00A.[1;0m

2026-08-05 05:12:06.151631 [[1;37mINFO[0m] [1;32miso_mux:IsoMux [0m [1;36m[0m [1;30m:[0m[1;32m[0m: Multiplexer: TCP connection closed gracefully
2026-08-05 05:12:09.098844 [[1;37mINFO[0m] [1;32miso15118_20:Evs[0m [1;36m[0m [1;30m:[0m[1;32m[0m: Closing TCP connection
2026-08-05 05:12:09.268056 [[1;37mINFO[0m] [1;32mevse_manager:Ev[0m [1;36m[0m [1;30m:[0m[1;32m[0m: [1;34mEVSE IEC DC power supply set: 400.00V/55.20A, requested was 400.00V/55.20A.[1;0m
2026-08-05 05:12:09.317472 [[1;37mINFO[0m] [1;32mevse_manager:Ev[0m [1;36m[0m [1;30m:[0m[1;32m[0m: [1;34mEVSE IEC DC power supply: switch ON called, ChargingPhase: Other[1;0m
2026-08-05 05:12:09.318509 [[1;37mINFO[0m] [1;32mpowersupply_dc:[0m [1;36m[0m [1;30m:[0m[1;32m[0m: Set mode: Export ChargingPhase: Other
2026-08-05 05:12:09.365641 [[1;33mWARN[0m] [1;32mevse_manager:Ev[0m [1;36mvoid module::EvseManager::process_dc_ev_target_voltage_current(const types::iso15118::DcEvseMaximumLimits&)[0m [1;30m:[0m[1;32m[0m: EV ignores new EVSE max limits. Setting target current to new EVSE max limits
2026-08-05 05:12:10.543974 [[1;37mINFO[0m] [1;32mevse_manager:Ev[0m [1;36m[0m [1;30m:[0m[1;32m[0m: [1;34mEVSE ISO Change HLC Limits: 22080W/55.2A, target_voltage 400, actual_voltage 400, bpt_active false[1;0m
2026-08-05 05:12:11.099308 [[1;37mINFO[0m] [1;32miso15118_20:Evs[0m [1;36m[0m [1;30m:[0m[1;32m[0m: TCP connection closed gracefully
2026-08-05 05:12:11.099394 [[1;37mINFO[0m] [1;32miso15118_20:Evs[0m [1;36m[0m [1;30m:[0m[1;32m[0m: Connection is closed
2026-08-05 05:12:11.101135 [[1;37mINFO[0m] [1;32mevse_manager:Ev[0m [1;36m[0m [1;30m:[0m[1;32m[0m: [1;34mEVSE ISO D-LINK_TERMINATE.req[1;0m
2026-08-05 05:12:11.101281 [[1;37mINFO[0m] [1;32mevse_manager:Ev[0m [1;36m[0m [1;30m:[0m[1;32m[0m: [1;34mEVSE IEC Set PWM Off[1;0m
2026-08-05 05:12:11.189262 [[1;37mINFO[0m] [1;32mevse_manager:Ev[0m [1;36m[0m [1;30m:[0m[1;32m[0m: [1;34mEVSE ISO D-LINK_READY (false)[1;0m
2026-08-05 05:12:11.189262 [[1;37mINFO[0m] [1;32mevse_manager:Ev[0m [1;36m[0m [1;30m:[0m[1;32m[0m: [1;34mEVSE ISO SLAC UNMATCHED[1;0m
2026-08-05 05:12:15.873623 [[1;37mINFO[0m] [1;32mevse_manager:Ev[0m [1;36m[0m [1;30m:[0m[1;32m[0m: [1;34mEVSE IEC DC power supply set: 400.00V/55.20A, requested was 400.00V/55.20A.[1;0m
2026-08-05 05:12:15.917203 [[1;33mWARN[0m] [1;32mevse_manager:Ev[0m [1;36mvoid module::EvseManager::process_dc_ev_target_voltage_current(const types::iso15118::DcEvseMaximumLimits&)[0m [1;30m:[0m[1;32m[0m: EV ignores new EVSE max limits. Setting target current to new EVSE max limits
2026-08-05 05:12:17.146673 [[1;33mWARN[0m] [1;32mevse_manager:Ev[0m [1;36mstd::queue<module::CPEvent> module::IECStateMachine::state_machine(std::optional<module::RawCPState>)[0m [1;30m:[0m[1;32m[0m: Timeout of 6 seconds reached, EV did not go back to state B after PWM was switched off. Powering off under load.
2026-08-05 05:12:17.277420 [[1;37mINFO[0m] [1;32mevse_manager:Ev[0m [1;36m[0m [1;30m:[0m[1;32m[0m: [1;34mEVSE IEC Event PowerOff[1;0m
2026-08-05 05:12:20.981588 [[1;33mWARN[0m] [1;32mevse_manager:Ev[0m [1;36mvoid module::EvseManager::process_dc_ev_target_voltage_current(const types::iso15118::DcEvseMaximumLimits&)[0m [1;30m:[0m[1;32m[0m: EV ignores new EVSE max limits. Setting target current to new EVSE max limits
