2026-08-05 10:39:13.604006 [INFO] manager          ::   ________      __                _   
2026-08-05 10:39:13.604181 [INFO] manager          ::  |  ____\ \    / /               | |
2026-08-05 10:39:13.604191 [INFO] manager          ::  | |__   \ \  / /__ _ __ ___  ___| |_
2026-08-05 10:39:13.604197 [INFO] manager          ::  |  __|   \ \/ / _ \ '__/ _ \/ __| __|
2026-08-05 10:39:13.604202 [INFO] manager          ::  | |____   \  /  __/ | |  __/\__ \ |_
2026-08-05 10:39:13.604207 [INFO] manager          ::  |______|   \/ \___|_|  \___||___/\__|
2026-08-05 10:39:13.604213 [INFO] manager          :: 
2026-08-05 10:39:13.604218 [INFO] manager          :: everest-framework 0.25.0-dev 2026.02.1
2026-08-05 10:39:13.604224 [INFO] manager          :: everest-core 2026.02.1-dev 2026.02.1
2026-08-05 10:39:13.604230 [INFO] manager          :: 
2026-08-05 10:39:13.604236 [INFO] manager          :: Using MQTT broker localhost:1883
2026-08-05 10:39:13.624074 [INFO] manager          :: Boot mode is set to YamlFile, loading module configs from YAML file
2026-08-05 10:39:13.624135 [INFO] manager          :: Loading config file at: /home/ahzf/everest/configs-ours/config-dc2-pnc-ours.yaml
2026-08-05 10:39:13.750195 [INFO] manager          :: Config loading completed in 145ms
2026-08-05 10:39:13.752192 [INFO] manager          :: Starting 19 modules
2026-08-05 10:39:16.092546 [INFO] api_sink:Energy  :: Module api_sink initialized [2317ms]
2026-08-05 10:39:16.095644 [INFO] auth:Auth        :: Module auth initialized [2318ms]
2026-08-05 10:39:16.095892 [INFO] api:API          :: Module api initialized [2320ms]
2026-08-05 10:39:16.139278 [INFO] token_validator  :: Module token_validator initialized [2342ms]
2026-08-05 10:39:16.142576 [INFO] powersupply_dc:  :: Module powersupply_dc initialized [2350ms]
2026-08-05 10:39:16.143770 [INFO] error_history:E  :: Using database at "/tmp/error_history.db"
2026-08-05 10:39:16.144015 [INFO] error_history:E  :: Checking database
2026-08-05 10:39:16.144032 [INFO] yeti_driver:Yet  :: Module yeti_driver initialized [2346ms]
2026-08-05 10:39:16.144065 [INFO] ev_manager:EvMa  :: Module ev_manager initialized [2360ms]
2026-08-05 10:39:16.144243 [INFO] ev_api:EvAPI     :: Module ev_api initialized [2363ms]
2026-08-05 10:39:16.144458 [INFO] token_provider:  :: Module token_provider initialized [2347ms]
2026-08-05 10:39:16.144782 [INFO] slac:SlacSimula  :: Module slac initialized [2350ms]
2026-08-05 10:39:16.145161 [INFO] energy_manager:  :: Module energy_manager initialized [2366ms]
2026-08-05 10:39:16.145419 [INFO] error_history:E  :: Module error_history initialized [2365ms]
2026-08-05 10:39:16.145702 [INFO] grid_connection  :: Module grid_connection_point initialized [2359ms]
2026-08-05 10:39:16.146455 [INFO] evse_security:E  :: Module evse_security initialized [2359ms]
2026-08-05 10:39:16.149037 [INFO] iso15118_charge  :: Module iso15118_charger initialized [2355ms]
2026-08-05 10:39:16.165397 [INFO] evse_manager:Ev  :: Module evse_manager initialized [2378ms]
2026-08-05 10:39:16.182127 [INFO] imd:IMDSimulato  :: Module imd initialized [2395ms]
2026-08-05 10:39:16.184982 [INFO] ovm:OVMSimulato  :: Can control the over voltage measurement values over the topic: everest_api/ovm/cmd/set_over_voltage_measurement_V via MQTT
2026-08-05 10:39:16.185248 [INFO] ovm:OVMSimulato  :: Module ovm initialized [2392ms]
2026-08-05 10:39:16.461036 [INFO] iso15118_car     :: Module iso15118_car initialized [2298ms]
2026-08-05 10:39:16.505390 [INFO] manager          :: Clearing retained topics published by manager during startup
2026-08-05 10:39:16.506847 [INFO] manager          :: 🚙🚙🚙 All modules are initialized. EVerest up and running [2910ms] 🚙🚙🚙

2026-08-05 10:39:16.508637 [INFO] iso15118_charge  :: TCP server on eth0 is listening on port [fe80::215:5dff:feca:a645%2]:61341

2026-08-05 10:39:16.508783 [INFO] iso15118_charge  :: TLS server on eth0 is listening on port [fe80::215:5dff:feca:a645%2]:64109
2026-08-05 10:39:16.557813 [INFO] evse_security:E  :: Requesting leaf certificate info: V2G
2026-08-05 10:39:16.561472 [INFO] evse_security:E  :: Found valid leaf: ["/home/ahzf/everest/dist/etc/everest/certs/client/cso/CPO_CERT_CHAIN.pem"]
2026-08-05 10:39:16.561693 [INFO] evse_security:E  :: Found valid leaf: ["/home/ahzf/everest/dist/etc/everest/certs/client/cso/SECC_LEAF.pem"]
2026-08-05 10:39:16.604786 [WARN] iso15118_charge void {anonymous}::log_handler(openssl::log_level_t, const std::string&) :: <n> certificates != <n> OCSP responses

2026-08-05 10:39:16.616607 [INFO] iso15118_charge  :: SDP socket setup succeeded
2026-08-05 10:39:16.637528 [WARN] auth:Auth       void module::ReservationHandler::load_reservations() :: Can not load reservations because no storage was configured.

2026-08-05 10:39:16.737283 [INFO] iso15118_charge  :: Ignoring bidirectional SupportedEnergyTransferMode
2026-08-05 10:39:16.965516 [INFO] ovm:OVMSimulato  :: Over voltage monitoring: stopped.
2026-08-05 10:39:17.013221 [INFO] evse_manager:Ev  :: Ignoring BSP Event, BSP is not enabled yet.

2026-08-05 10:39:17.106725 [INFO] iso15118_charge  :: Ignoring bidirectional SupportedEnergyTransferMode
2026-08-05 10:39:17.757523 [INFO] evse_manager:Ev  :: Cleaning up any other transaction on start up
2026-08-05 10:39:17.894277 [INFO] evse_manager:Ev  :: 🌀🌀🌀 Ready to start charging 🌀🌀🌀
2026-08-05 10:39:30.073156 [INFO] ev_manager:EvMa  :: Finished simulation.
2026-08-05 10:39:36.486071 [INFO] evse_manager:Ev  :: SYS  Session logging started.
2026-08-05 10:39:36.486242 [INFO] evse_manager:Ev  :: EVSE IEC Session Started: EVConnected
2026-08-05 10:39:36.487379 [INFO] auth:Auth        :: Plug In event for evse#1, starting auth
2026-08-05 10:39:36.487431 [INFO] token_provider:  :: Publishing new dummy token: {
    "authorization_type": "RFID",
    "connectors": [
        2
    ],
    "id_token": {
        "type": "ISO14443",
        "value": "[redacted] hash: CE55F71752B68164"
    },
    "parent_id_token": {
        "type": "ISO14443",
        "value": "[redacted] hash: CE55F71752B68164"
    }
}
2026-08-05 10:39:36.488261 [INFO] auth:Auth        :: Received new token: {
    "authorization_type": "RFID",
    "connectors": [
        2
    ],
    "id_token": {
        "type": "ISO14443",
        "value": "[redacted] hash: CE55F71752B68164"
    },
    "parent_id_token": {
        "type": "ISO14443",
        "value": "[redacted] hash: CE55F71752B68164"
    }
}
2026-08-05 10:39:36.488354 [WARN] auth:Auth       module::AuthHandler::get_referenced_evses(const types::authorization::ProvidedIdToken&)::<lambda(int)> :: Provided token included references to evse_id that does not exist
2026-08-05 10:39:36.488500 [WARN] auth:Auth       module::AuthHandler::get_referenced_evses(const types::authorization::ProvidedIdToken&)::<lambda(int)> :: Provided token included references to evse_id that does not exist
2026-08-05 10:39:36.488727 [INFO] auth:Auth        :: Result for token: [redacted] hash: CE55F71752B68164: NO_CONNECTOR_AVAILABLE
2026-08-05 10:39:36.987179 [INFO] evse_manager:Ev  :: EVSE IEC Set PWM On (5.0%) took 0 ms
2026-08-05 10:39:38.565495 [INFO] evse_manager:Ev  :: EVSE ISO SLAC MATCHED
2026-08-05 10:39:38.565510 [INFO] evse_manager:Ev  :: EVSE ISO D-LINK_READY (true)
2026-08-05 10:39:39.105757 [INFO] evse_manager:Ev  ::                                     CAR IEC Event CarRequestedPower

2026-08-05 10:40:03.840824 [INFO] iso15118_charge  :: Incoming TLS connection

2026-08-05 10:40:03.950184 [INFO] iso15118_charge  :: Handling SupportedAppProtocolReq

2026-08-05 10:40:03.950668 [INFO] iso15118_charge  :: Protocol negotiation was successful. Selected protocol is ISO15118
2026-08-05 10:40:03.951337 [INFO] evse_manager:Ev  ::                                     CAR ISO V2G SupportedAppProtocolReq
2026-08-05 10:40:03.993875 [INFO] evse_manager:Ev  :: EVSE ISO V2G SupportedAppProtocolRes

2026-08-05 10:40:04.001015 [INFO] iso15118_charge  :: SessionSetupReq.EVCCID: AB:CD:EF:01:02:03

2026-08-05 10:40:04.001109 [INFO] iso15118_charge  :: No session_id found or not equal to the id from the preceding v2g session. Generating random session id.

2026-08-05 10:40:04.001121 [INFO] iso15118_charge  :: Created new session with id 0xf94a1ed6957194a2
2026-08-05 10:40:04.045800 [INFO] evse_manager:Ev  ::                                     CAR ISO V2G SessionSetupReq
2026-08-05 10:40:04.100299 [INFO] evse_manager:Ev  :: EVSE ISO V2G SessionSetupRes
2026-08-05 10:40:04.109978 [INFO] evse_manager:Ev  ::                                     CAR ISO V2G ServiceDiscoveryReq

2026-08-05 10:40:04.214451 [INFO] iso15118_charge  :: SelectedPaymentOption: Contract
2026-08-05 10:40:04.237286 [INFO] evse_manager:Ev  :: EVSE ISO V2G ServiceDiscoveryRes
2026-08-05 10:40:04.237696 [INFO] evse_manager:Ev  ::                                     CAR ISO V2G PaymentServiceSelectionReq
2026-08-05 10:40:04.313743 [INFO] evse_manager:Ev  :: EVSE ISO V2G PaymentServiceSelectionRes
2026-08-05 10:40:04.317744 [INFO] evse_manager:Ev  ::                                     CAR ISO V2G PaymentDetailsReq
2026-08-05 10:40:04.415677 [INFO] evse_manager:Ev  :: EVSE ISO V2G PaymentDetailsRes
2026-08-05 10:40:04.427183 [INFO] evse_manager:Ev  ::                                     CAR ISO V2G AuthorizationReq
2026-08-05 10:40:04.524498 [INFO] evse_manager:Ev  :: EVSE ISO V2G AuthorizationRes
2026-08-05 10:40:04.576247 [INFO] evse_manager:Ev  ::                                     CAR ISO V2G AuthorizationReq
2026-08-05 10:40:04.674644 [INFO] evse_manager:Ev  :: EVSE ISO V2G AuthorizationRes
2026-08-05 10:40:04.737297 [INFO] evse_manager:Ev  ::                                     CAR ISO V2G AuthorizationReq
2026-08-05 10:40:04.829445 [INFO] evse_manager:Ev  :: EVSE ISO V2G AuthorizationRes
2026-08-05 10:40:04.925279 [INFO] evse_manager:Ev  ::                                     CAR ISO V2G AuthorizationReq
2026-08-05 10:40:04.991431 [INFO] evse_manager:Ev  :: EVSE ISO V2G AuthorizationRes
2026-08-05 10:40:05.051130 [INFO] evse_manager:Ev  ::                                     CAR ISO V2G AuthorizationReq
2026-08-05 10:40:05.149625 [INFO] evse_manager:Ev  :: EVSE ISO V2G AuthorizationRes
2026-08-05 10:40:05.237551 [INFO] evse_manager:Ev  ::                                     CAR ISO V2G AuthorizationReq
2026-08-05 10:40:05.306240 [INFO] evse_manager:Ev  :: EVSE ISO V2G AuthorizationRes
2026-08-05 10:40:05.377466 [INFO] evse_manager:Ev  ::                                     CAR ISO V2G AuthorizationReq
2026-08-05 10:40:05.461079 [INFO] evse_manager:Ev  :: EVSE ISO V2G AuthorizationRes
2026-08-05 10:40:05.516948 [INFO] evse_manager:Ev  ::                                     CAR ISO V2G AuthorizationReq
2026-08-05 10:40:05.615430 [INFO] evse_manager:Ev  :: EVSE ISO V2G AuthorizationRes
2026-08-05 10:40:05.670464 [INFO] evse_manager:Ev  ::                                     CAR ISO V2G AuthorizationReq
2026-08-05 10:40:05.781504 [INFO] evse_manager:Ev  :: EVSE ISO V2G AuthorizationRes
2026-08-05 10:40:05.823023 [INFO] evse_manager:Ev  ::                                     CAR ISO V2G AuthorizationReq
2026-08-05 10:40:05.929492 [INFO] evse_manager:Ev  :: EVSE ISO V2G AuthorizationRes
2026-08-05 10:40:05.977453 [INFO] evse_manager:Ev  ::                                     CAR ISO V2G AuthorizationReq
2026-08-05 10:40:06.074464 [INFO] evse_manager:Ev  :: EVSE ISO V2G AuthorizationRes
2026-08-05 10:40:06.132014 [INFO] evse_manager:Ev  ::                                     CAR ISO V2G AuthorizationReq
2026-08-05 10:40:06.237538 [INFO] evse_manager:Ev  :: EVSE ISO V2G AuthorizationRes
2026-08-05 10:40:06.289355 [INFO] evse_manager:Ev  ::                                     CAR ISO V2G AuthorizationReq
2026-08-05 10:40:06.386227 [INFO] evse_manager:Ev  :: EVSE ISO V2G AuthorizationRes
2026-08-05 10:40:06.442131 [INFO] evse_manager:Ev  ::                                     CAR ISO V2G AuthorizationReq
2026-08-05 10:40:06.540420 [INFO] evse_manager:Ev  :: EVSE ISO V2G AuthorizationRes
2026-08-05 10:40:06.597619 [INFO] evse_manager:Ev  ::                                     CAR ISO V2G AuthorizationReq
2026-08-05 10:40:06.748829 [INFO] evse_manager:Ev  :: EVSE ISO V2G AuthorizationRes
2026-08-05 10:40:06.793593 [INFO] evse_manager:Ev  ::                                     CAR ISO V2G AuthorizationReq
2026-08-05 10:40:06.849859 [INFO] evse_manager:Ev  :: EVSE ISO V2G AuthorizationRes
2026-08-05 10:40:06.906026 [INFO] evse_manager:Ev  ::                                     CAR ISO V2G AuthorizationReq
2026-08-05 10:40:07.029249 [INFO] evse_manager:Ev  :: EVSE ISO V2G AuthorizationRes
2026-08-05 10:40:07.073355 [INFO] evse_manager:Ev  ::                                     CAR ISO V2G AuthorizationReq
2026-08-05 10:40:07.142774 [INFO] evse_manager:Ev  :: EVSE ISO V2G AuthorizationRes
2026-08-05 10:40:07.237369 [INFO] evse_manager:Ev  ::                                     CAR ISO V2G AuthorizationReq
2026-08-05 10:40:07.307267 [INFO] evse_manager:Ev  :: EVSE ISO V2G AuthorizationRes
2026-08-05 10:40:07.377485 [INFO] evse_manager:Ev  ::                                     CAR ISO V2G AuthorizationReq
2026-08-05 10:40:07.442588 [INFO] evse_manager:Ev  :: EVSE ISO V2G AuthorizationRes
2026-08-05 10:40:07.494098 [INFO] evse_manager:Ev  ::                                     CAR ISO V2G AuthorizationReq
2026-08-05 10:40:07.592722 [INFO] evse_manager:Ev  :: EVSE ISO V2G AuthorizationRes
2026-08-05 10:40:07.644161 [INFO] evse_manager:Ev  ::                                     CAR ISO V2G AuthorizationReq
2026-08-05 10:40:07.781396 [INFO] evse_manager:Ev  :: EVSE ISO V2G AuthorizationRes
2026-08-05 10:40:07.825455 [INFO] evse_manager:Ev  ::                                     CAR ISO V2G AuthorizationReq
2026-08-05 10:40:07.906969 [INFO] evse_manager:Ev  :: EVSE ISO V2G AuthorizationRes
2026-08-05 10:40:07.959815 [INFO] evse_manager:Ev  ::                                     CAR ISO V2G AuthorizationReq
2026-08-05 10:40:08.057200 [INFO] evse_manager:Ev  :: EVSE ISO V2G AuthorizationRes
2026-08-05 10:40:08.125740 [INFO] evse_manager:Ev  ::                                     CAR ISO V2G AuthorizationReq
2026-08-05 10:40:08.213366 [INFO] evse_manager:Ev  :: EVSE ISO V2G AuthorizationRes
2026-08-05 10:40:08.301328 [INFO] evse_manager:Ev  ::                                     CAR ISO V2G AuthorizationReq
2026-08-05 10:40:08.377440 [INFO] evse_manager:Ev  :: EVSE ISO V2G AuthorizationRes
2026-08-05 10:40:08.409795 [INFO] evse_manager:Ev  ::                                     CAR ISO V2G AuthorizationReq
2026-08-05 10:40:08.506909 [INFO] evse_manager:Ev  :: EVSE ISO V2G AuthorizationRes
2026-08-05 10:40:08.544221 [INFO] evse_manager:Ev  ::                                     CAR ISO V2G AuthorizationReq
2026-08-05 10:40:08.642548 [INFO] evse_manager:Ev  :: EVSE ISO V2G AuthorizationRes
2026-08-05 10:40:08.741418 [INFO] evse_manager:Ev  ::                                     CAR ISO V2G AuthorizationReq
2026-08-05 10:40:08.807722 [INFO] evse_manager:Ev  :: EVSE ISO V2G AuthorizationRes
2026-08-05 10:40:08.859992 [INFO] evse_manager:Ev  ::                                     CAR ISO V2G AuthorizationReq
2026-08-05 10:40:08.958343 [INFO] evse_manager:Ev  :: EVSE ISO V2G AuthorizationRes
2026-08-05 10:40:09.010659 [INFO] evse_manager:Ev  ::                                     CAR ISO V2G AuthorizationReq
2026-08-05 10:40:09.108961 [INFO] evse_manager:Ev  :: EVSE ISO V2G AuthorizationRes
2026-08-05 10:40:09.160426 [INFO] evse_manager:Ev  ::                                     CAR ISO V2G AuthorizationReq
2026-08-05 10:40:09.265380 [INFO] evse_manager:Ev  :: EVSE ISO V2G AuthorizationRes
2026-08-05 10:40:09.310724 [INFO] evse_manager:Ev  ::                                     CAR ISO V2G AuthorizationReq
2026-08-05 10:40:09.409503 [INFO] evse_manager:Ev  :: EVSE ISO V2G AuthorizationRes
2026-08-05 10:40:09.477087 [INFO] evse_manager:Ev  ::                                     CAR ISO V2G AuthorizationReq
2026-08-05 10:40:09.575668 [INFO] evse_manager:Ev  :: EVSE ISO V2G AuthorizationRes
2026-08-05 10:40:09.626707 [INFO] evse_manager:Ev  ::                                     CAR ISO V2G AuthorizationReq
2026-08-05 10:40:09.741361 [INFO] evse_manager:Ev  :: EVSE ISO V2G AuthorizationRes
2026-08-05 10:40:09.809371 [INFO] evse_manager:Ev  ::                                     CAR ISO V2G AuthorizationReq
2026-08-05 10:40:09.874607 [INFO] evse_manager:Ev  :: EVSE ISO V2G AuthorizationRes
2026-08-05 10:40:09.926241 [INFO] evse_manager:Ev  ::                                     CAR ISO V2G AuthorizationReq
2026-08-05 10:40:10.024485 [INFO] evse_manager:Ev  :: EVSE ISO V2G AuthorizationRes
2026-08-05 10:40:10.060870 [INFO] evse_manager:Ev  ::                                     CAR ISO V2G AuthorizationReq
2026-08-05 10:40:10.158242 [INFO] evse_manager:Ev  :: EVSE ISO V2G AuthorizationRes
2026-08-05 10:40:10.241340 [INFO] evse_manager:Ev  ::                                     CAR ISO V2G AuthorizationReq
2026-08-05 10:40:10.309368 [INFO] evse_manager:Ev  :: EVSE ISO V2G AuthorizationRes
2026-08-05 10:40:10.377599 [INFO] evse_manager:Ev  ::                                     CAR ISO V2G AuthorizationReq
2026-08-05 10:40:10.465286 [INFO] evse_manager:Ev  :: EVSE ISO V2G AuthorizationRes
2026-08-05 10:40:10.509524 [INFO] evse_manager:Ev  ::                                     CAR ISO V2G AuthorizationReq
2026-08-05 10:40:10.606872 [INFO] evse_manager:Ev  :: EVSE ISO V2G AuthorizationRes
2026-08-05 10:40:10.659783 [INFO] evse_manager:Ev  ::                                     CAR ISO V2G AuthorizationReq
2026-08-05 10:40:10.785312 [INFO] evse_manager:Ev  :: EVSE ISO V2G AuthorizationRes
2026-08-05 10:40:10.809508 [INFO] evse_manager:Ev  ::                                     CAR ISO V2G AuthorizationReq
2026-08-05 10:40:10.907907 [INFO] evse_manager:Ev  :: EVSE ISO V2G AuthorizationRes
2026-08-05 10:40:10.961132 [INFO] evse_manager:Ev  ::                                     CAR ISO V2G AuthorizationReq
2026-08-05 10:40:11.059519 [INFO] evse_manager:Ev  :: EVSE ISO V2G AuthorizationRes
2026-08-05 10:40:11.126809 [INFO] evse_manager:Ev  ::                                     CAR ISO V2G AuthorizationReq
2026-08-05 10:40:11.241502 [INFO] evse_manager:Ev  :: EVSE ISO V2G AuthorizationRes
2026-08-05 10:40:11.309375 [INFO] evse_manager:Ev  ::                                     CAR ISO V2G AuthorizationReq
2026-08-05 10:40:11.381348 [INFO] evse_manager:Ev  :: EVSE ISO V2G AuthorizationRes
2026-08-05 10:40:11.426541 [INFO] evse_manager:Ev  ::                                     CAR ISO V2G AuthorizationReq
2026-08-05 10:40:11.565366 [INFO] evse_manager:Ev  :: EVSE ISO V2G AuthorizationRes
2026-08-05 10:40:11.565621 [INFO] evse_manager:Ev  ::                                     CAR ISO V2G AuthorizationReq
2026-08-05 10:40:11.659420 [INFO] evse_manager:Ev  :: EVSE ISO V2G AuthorizationRes
2026-08-05 10:40:11.741387 [INFO] evse_manager:Ev  ::                                     CAR ISO V2G AuthorizationReq
2026-08-05 10:40:11.813412 [INFO] evse_manager:Ev  :: EVSE ISO V2G AuthorizationRes
2026-08-05 10:40:11.844526 [INFO] evse_manager:Ev  ::                                     CAR ISO V2G AuthorizationReq
2026-08-05 10:40:11.942617 [INFO] evse_manager:Ev  :: EVSE ISO V2G AuthorizationRes
2026-08-05 10:40:11.994253 [INFO] evse_manager:Ev  ::                                     CAR ISO V2G AuthorizationReq
2026-08-05 10:40:12.092654 [INFO] evse_manager:Ev  :: EVSE ISO V2G AuthorizationRes
2026-08-05 10:40:12.158221 [INFO] evse_manager:Ev  ::                                     CAR ISO V2G AuthorizationReq
2026-08-05 10:40:12.285325 [INFO] evse_manager:Ev  :: EVSE ISO V2G AuthorizationRes
2026-08-05 10:40:12.294279 [INFO] evse_manager:Ev  ::                                     CAR ISO V2G AuthorizationReq
2026-08-05 10:40:12.392639 [INFO] evse_manager:Ev  :: EVSE ISO V2G AuthorizationRes
2026-08-05 10:40:12.460167 [INFO] evse_manager:Ev  ::                                     CAR ISO V2G AuthorizationReq
2026-08-05 10:40:12.569454 [INFO] evse_manager:Ev  :: EVSE ISO V2G AuthorizationRes
2026-08-05 10:40:12.613417 [INFO] evse_manager:Ev  ::                                     CAR ISO V2G AuthorizationReq
2026-08-05 10:40:12.745475 [INFO] evse_manager:Ev  :: EVSE ISO V2G AuthorizationRes
2026-08-05 10:40:12.759985 [INFO] evse_manager:Ev  ::                                     CAR ISO V2G AuthorizationReq
2026-08-05 10:40:12.858336 [INFO] evse_manager:Ev  :: EVSE ISO V2G AuthorizationRes
2026-08-05 10:40:12.910229 [INFO] evse_manager:Ev  ::                                     CAR ISO V2G AuthorizationReq
2026-08-05 10:40:13.008628 [INFO] evse_manager:Ev  :: EVSE ISO V2G AuthorizationRes
2026-08-05 10:40:13.065682 [INFO] evse_manager:Ev  ::                                     CAR ISO V2G AuthorizationReq
2026-08-05 10:40:13.163183 [INFO] evse_manager:Ev  :: EVSE ISO V2G AuthorizationRes
2026-08-05 10:40:13.245357 [INFO] evse_manager:Ev  ::                                     CAR ISO V2G AuthorizationReq
2026-08-05 10:40:13.321231 [INFO] evse_manager:Ev  :: EVSE ISO V2G AuthorizationRes
2026-08-05 10:40:13.381411 [INFO] evse_manager:Ev  ::                                     CAR ISO V2G AuthorizationReq
2026-08-05 10:40:13.473432 [INFO] evse_manager:Ev  :: EVSE ISO V2G AuthorizationRes
2026-08-05 10:40:13.527107 [INFO] evse_manager:Ev  ::                                     CAR ISO V2G AuthorizationReq
2026-08-05 10:40:13.665308 [INFO] evse_manager:Ev  :: EVSE ISO V2G AuthorizationRes
2026-08-05 10:40:13.713422 [INFO] evse_manager:Ev  ::                                     CAR ISO V2G AuthorizationReq
2026-08-05 10:40:13.809539 [INFO] evse_manager:Ev  :: EVSE ISO V2G AuthorizationRes
2026-08-05 10:40:13.833942 [INFO] evse_manager:Ev  ::                                     CAR ISO V2G AuthorizationReq
2026-08-05 10:40:13.932481 [INFO] evse_manager:Ev  :: EVSE ISO V2G AuthorizationRes
2026-08-05 10:40:13.986214 [INFO] evse_manager:Ev  ::                                     CAR ISO V2G AuthorizationReq
2026-08-05 10:40:14.084764 [INFO] evse_manager:Ev  :: EVSE ISO V2G AuthorizationRes
2026-08-05 10:40:14.140483 [INFO] evse_manager:Ev  ::                                     CAR ISO V2G AuthorizationReq
2026-08-05 10:40:14.245378 [INFO] evse_manager:Ev  :: EVSE ISO V2G AuthorizationRes
2026-08-05 10:40:14.329290 [INFO] evse_manager:Ev  ::                                     CAR ISO V2G AuthorizationReq
2026-08-05 10:40:14.392523 [INFO] evse_manager:Ev  :: EVSE ISO V2G AuthorizationRes
2026-08-05 10:40:14.449731 [INFO] evse_manager:Ev  ::                                     CAR ISO V2G AuthorizationReq
2026-08-05 10:40:14.548196 [INFO] evse_manager:Ev  :: EVSE ISO V2G AuthorizationRes
2026-08-05 10:40:14.601568 [INFO] evse_manager:Ev  ::                                     CAR ISO V2G AuthorizationReq
2026-08-05 10:40:14.698955 [INFO] evse_manager:Ev  :: EVSE ISO V2G AuthorizationRes
2026-08-05 10:40:14.789259 [INFO] evse_manager:Ev  ::                                     CAR ISO V2G AuthorizationReq
2026-08-05 10:40:14.853817 [INFO] evse_manager:Ev  :: EVSE ISO V2G AuthorizationRes
2026-08-05 10:40:14.909174 [INFO] evse_manager:Ev  ::                                     CAR ISO V2G AuthorizationReq
2026-08-05 10:40:15.007747 [INFO] evse_manager:Ev  :: EVSE ISO V2G AuthorizationRes
2026-08-05 10:40:15.059634 [INFO] evse_manager:Ev  ::                                     CAR ISO V2G AuthorizationReq
2026-08-05 10:40:15.157027 [INFO] evse_manager:Ev  :: EVSE ISO V2G AuthorizationRes
2026-08-05 10:40:15.245544 [INFO] evse_manager:Ev  ::                                     CAR ISO V2G AuthorizationReq
2026-08-05 10:40:15.329351 [INFO] evse_manager:Ev  :: EVSE ISO V2G AuthorizationRes
2026-08-05 10:40:15.381284 [INFO] evse_manager:Ev  ::                                     CAR ISO V2G AuthorizationReq
2026-08-05 10:40:15.458361 [INFO] evse_manager:Ev  :: EVSE ISO V2G AuthorizationRes
2026-08-05 10:40:15.494458 [INFO] evse_manager:Ev  ::                                     CAR ISO V2G AuthorizationReq
2026-08-05 10:40:15.592872 [INFO] evse_manager:Ev  :: EVSE ISO V2G AuthorizationRes
2026-08-05 10:40:15.659828 [INFO] evse_manager:Ev  ::                                     CAR ISO V2G AuthorizationReq
2026-08-05 10:40:15.789257 [INFO] evse_manager:Ev  :: EVSE ISO V2G AuthorizationRes
2026-08-05 10:40:15.837326 [INFO] evse_manager:Ev  ::                                     CAR ISO V2G AuthorizationReq
2026-08-05 10:40:15.925404 [INFO] evse_manager:Ev  :: EVSE ISO V2G AuthorizationRes
2026-08-05 10:40:15.944321 [INFO] evse_manager:Ev  ::                                     CAR ISO V2G AuthorizationReq
2026-08-05 10:40:16.042505 [INFO] evse_manager:Ev  :: EVSE ISO V2G AuthorizationRes
2026-08-05 10:40:16.093722 [INFO] evse_manager:Ev  ::                                     CAR ISO V2G AuthorizationReq
2026-08-05 10:40:16.191074 [INFO] evse_manager:Ev  :: EVSE ISO V2G AuthorizationRes
2026-08-05 10:40:16.245431 [INFO] evse_manager:Ev  ::                                     CAR ISO V2G AuthorizationReq
2026-08-05 10:40:16.385327 [INFO] evse_manager:Ev  :: EVSE ISO V2G AuthorizationRes
2026-08-05 10:40:16.393360 [INFO] evse_manager:Ev  ::                                     CAR ISO V2G AuthorizationReq
2026-08-05 10:40:16.491779 [INFO] evse_manager:Ev  :: EVSE ISO V2G AuthorizationRes
2026-08-05 10:40:16.543508 [INFO] evse_manager:Ev  ::                                     CAR ISO V2G AuthorizationReq
2026-08-05 10:40:16.640919 [INFO] evse_manager:Ev  :: EVSE ISO V2G AuthorizationRes
2026-08-05 10:40:16.677962 [INFO] evse_manager:Ev  ::                                     CAR ISO V2G AuthorizationReq
2026-08-05 10:40:16.793401 [INFO] evse_manager:Ev  :: EVSE ISO V2G AuthorizationRes
2026-08-05 10:40:16.837314 [INFO] evse_manager:Ev  ::                                     CAR ISO V2G AuthorizationReq
2026-08-05 10:40:16.925392 [INFO] evse_manager:Ev  :: EVSE ISO V2G AuthorizationRes
2026-08-05 10:40:16.981293 [INFO] evse_manager:Ev  ::                                     CAR ISO V2G AuthorizationReq
2026-08-05 10:40:17.073761 [INFO] evse_manager:Ev  :: EVSE ISO V2G AuthorizationRes
2026-08-05 10:40:17.127199 [INFO] evse_manager:Ev  ::                                     CAR ISO V2G AuthorizationReq
2026-08-05 10:40:17.249368 [INFO] evse_manager:Ev  :: EVSE ISO V2G AuthorizationRes
2026-08-05 10:40:17.276911 [INFO] evse_manager:Ev  ::                                     CAR ISO V2G AuthorizationReq
2026-08-05 10:40:17.385275 [INFO] evse_manager:Ev  :: EVSE ISO V2G AuthorizationRes
2026-08-05 10:40:17.427837 [INFO] evse_manager:Ev  ::                                     CAR ISO V2G AuthorizationReq
2026-08-05 10:40:17.525192 [INFO] evse_manager:Ev  :: EVSE ISO V2G AuthorizationRes
2026-08-05 10:40:17.577095 [INFO] evse_manager:Ev  ::                                     CAR ISO V2G AuthorizationReq
2026-08-05 10:40:17.675650 [INFO] evse_manager:Ev  :: EVSE ISO V2G AuthorizationRes
2026-08-05 10:40:17.749403 [INFO] evse_manager:Ev  ::                                     CAR ISO V2G AuthorizationReq
2026-08-05 10:40:17.845438 [INFO] evse_manager:Ev  :: EVSE ISO V2G AuthorizationRes
2026-08-05 10:40:17.876598 [INFO] evse_manager:Ev  ::                                     CAR ISO V2G AuthorizationReq
2026-08-05 10:40:17.973983 [INFO] evse_manager:Ev  :: EVSE ISO V2G AuthorizationRes
2026-08-05 10:40:18.011072 [INFO] evse_manager:Ev  ::                                     CAR ISO V2G AuthorizationReq
2026-08-05 10:40:18.125453 [INFO] evse_manager:Ev  :: EVSE ISO V2G AuthorizationRes
2026-08-05 10:40:18.176808 [INFO] evse_manager:Ev  ::                                     CAR ISO V2G AuthorizationReq
2026-08-05 10:40:18.301312 [INFO] evse_manager:Ev  :: EVSE ISO V2G AuthorizationRes
2026-08-05 10:40:18.343006 [INFO] evse_manager:Ev  ::                                     CAR ISO V2G AuthorizationReq
2026-08-05 10:40:18.410106 [INFO] evse_manager:Ev  :: EVSE ISO V2G AuthorizationRes
2026-08-05 10:40:18.477228 [INFO] evse_manager:Ev  ::                                     CAR ISO V2G AuthorizationReq
2026-08-05 10:40:18.575458 [INFO] evse_manager:Ev  :: EVSE ISO V2G AuthorizationRes
2026-08-05 10:40:18.626786 [INFO] evse_manager:Ev  ::                                     CAR ISO V2G AuthorizationReq
2026-08-05 10:40:18.749335 [INFO] evse_manager:Ev  :: EVSE ISO V2G AuthorizationRes
2026-08-05 10:40:18.776827 [INFO] evse_manager:Ev  ::                                     CAR ISO V2G AuthorizationReq
2026-08-05 10:40:18.875355 [INFO] evse_manager:Ev  :: EVSE ISO V2G AuthorizationRes
2026-08-05 10:40:18.926989 [INFO] evse_manager:Ev  ::                                     CAR ISO V2G AuthorizationReq
2026-08-05 10:40:19.025544 [INFO] evse_manager:Ev  :: EVSE ISO V2G AuthorizationRes
2026-08-05 10:40:19.083317 [INFO] evse_manager:Ev  ::                                     CAR ISO V2G AuthorizationReq
2026-08-05 10:40:19.221318 [INFO] evse_manager:Ev  :: EVSE ISO V2G AuthorizationRes
2026-08-05 10:40:19.269359 [INFO] evse_manager:Ev  ::                                     CAR ISO V2G AuthorizationReq
2026-08-05 10:40:19.343740 [INFO] evse_manager:Ev  :: EVSE ISO V2G AuthorizationRes
2026-08-05 10:40:19.396942 [INFO] evse_manager:Ev  ::                                     CAR ISO V2G AuthorizationReq
2026-08-05 10:40:19.494370 [INFO] evse_manager:Ev  :: EVSE ISO V2G AuthorizationRes
2026-08-05 10:40:19.550593 [INFO] evse_manager:Ev  ::                                     CAR ISO V2G AuthorizationReq
2026-08-05 10:40:19.647957 [INFO] evse_manager:Ev  :: EVSE ISO V2G AuthorizationRes
2026-08-05 10:40:19.706498 [INFO] evse_manager:Ev  ::                                     CAR ISO V2G AuthorizationReq
2026-08-05 10:40:19.803969 [INFO] evse_manager:Ev  :: EVSE ISO V2G AuthorizationRes
2026-08-05 10:40:19.862181 [INFO] evse_manager:Ev  ::                                     CAR ISO V2G AuthorizationReq
2026-08-05 10:40:19.961593 [INFO] evse_manager:Ev  :: EVSE ISO V2G AuthorizationRes
2026-08-05 10:40:20.016064 [INFO] evse_manager:Ev  ::                                     CAR ISO V2G AuthorizationReq
2026-08-05 10:40:20.114661 [INFO] evse_manager:Ev  :: EVSE ISO V2G AuthorizationRes
2026-08-05 10:40:20.171875 [INFO] evse_manager:Ev  ::                                     CAR ISO V2G AuthorizationReq
2026-08-05 10:40:20.344534 [INFO] evse_manager:Ev  :: EVSE ISO V2G AuthorizationRes
2026-08-05 10:40:20.344912 [INFO] evse_manager:Ev  ::                                     CAR ISO V2G AuthorizationReq
2026-08-05 10:40:20.424845 [INFO] evse_manager:Ev  :: EVSE ISO V2G AuthorizationRes
2026-08-05 10:40:20.479769 [INFO] evse_manager:Ev  ::                                     CAR ISO V2G AuthorizationReq
2026-08-05 10:40:20.577313 [INFO] evse_manager:Ev  :: EVSE ISO V2G AuthorizationRes
2026-08-05 10:40:20.634467 [INFO] evse_manager:Ev  ::                                     CAR ISO V2G AuthorizationReq
2026-08-05 10:40:20.749355 [INFO] evse_manager:Ev  :: EVSE ISO V2G AuthorizationRes
2026-08-05 10:40:20.788824 [INFO] evse_manager:Ev  ::                                     CAR ISO V2G AuthorizationReq
2026-08-05 10:40:20.887166 [INFO] evse_manager:Ev  :: EVSE ISO V2G AuthorizationRes
2026-08-05 10:40:20.943526 [INFO] evse_manager:Ev  ::                                     CAR ISO V2G AuthorizationReq
2026-08-05 10:40:21.041677 [INFO] evse_manager:Ev  :: EVSE ISO V2G AuthorizationRes
2026-08-05 10:40:21.093738 [INFO] evse_manager:Ev  ::                                     CAR ISO V2G AuthorizationReq
2026-08-05 10:40:21.191146 [INFO] evse_manager:Ev  :: EVSE ISO V2G AuthorizationRes
2026-08-05 10:40:21.253359 [INFO] evse_manager:Ev  ::                                     CAR ISO V2G AuthorizationReq
2026-08-05 10:40:21.345618 [INFO] evse_manager:Ev  :: EVSE ISO V2G AuthorizationRes
2026-08-05 10:40:21.433322 [INFO] evse_manager:Ev  ::                                     CAR ISO V2G AuthorizationReq
2026-08-05 10:40:21.491878 [INFO] evse_manager:Ev  :: EVSE ISO V2G AuthorizationRes
2026-08-05 10:40:21.527948 [INFO] evse_manager:Ev  ::                                     CAR ISO V2G AuthorizationReq
2026-08-05 10:40:21.626393 [INFO] evse_manager:Ev  :: EVSE ISO V2G AuthorizationRes
2026-08-05 10:40:21.693688 [INFO] evse_manager:Ev  ::                                     CAR ISO V2G AuthorizationReq
2026-08-05 10:40:21.790905 [INFO] evse_manager:Ev  :: EVSE ISO V2G AuthorizationRes
2026-08-05 10:40:21.861525 [INFO] evse_manager:Ev  ::                                     CAR ISO V2G AuthorizationReq
2026-08-05 10:40:21.926447 [INFO] evse_manager:Ev  :: EVSE ISO V2G AuthorizationRes
2026-08-05 10:40:21.977633 [INFO] evse_manager:Ev  ::                                     CAR ISO V2G AuthorizationReq
2026-08-05 10:40:22.075737 [INFO] evse_manager:Ev  :: EVSE ISO V2G AuthorizationRes
2026-08-05 10:40:22.127209 [INFO] evse_manager:Ev  ::                                     CAR ISO V2G AuthorizationReq
2026-08-05 10:40:22.253411 [INFO] evse_manager:Ev  :: EVSE ISO V2G AuthorizationRes
2026-08-05 10:40:22.278297 [INFO] evse_manager:Ev  ::                                     CAR ISO V2G AuthorizationReq
2026-08-05 10:40:22.393436 [INFO] evse_manager:Ev  :: EVSE ISO V2G AuthorizationRes
2026-08-05 10:40:22.457408 [INFO] evse_manager:Ev  ::                                     CAR ISO V2G AuthorizationReq
2026-08-05 10:40:22.541865 [INFO] evse_manager:Ev  :: EVSE ISO V2G AuthorizationRes
2026-08-05 10:40:22.578323 [INFO] evse_manager:Ev  ::                                     CAR ISO V2G AuthorizationReq
2026-08-05 10:40:22.676524 [INFO] evse_manager:Ev  :: EVSE ISO V2G AuthorizationRes
2026-08-05 10:40:22.761900 [INFO] evse_manager:Ev  ::                                     CAR ISO V2G AuthorizationReq
2026-08-05 10:40:22.865301 [INFO] evse_manager:Ev  :: EVSE ISO V2G AuthorizationRes
2026-08-05 10:40:22.894249 [INFO] evse_manager:Ev  ::                                     CAR ISO V2G AuthorizationReq
2026-08-05 10:40:22.992809 [INFO] evse_manager:Ev  :: EVSE ISO V2G AuthorizationRes
2026-08-05 10:40:23.043818 [INFO] evse_manager:Ev  ::                                     CAR ISO V2G AuthorizationReq
2026-08-05 10:40:23.141196 [INFO] evse_manager:Ev  :: EVSE ISO V2G AuthorizationRes
2026-08-05 10:40:23.178299 [INFO] evse_manager:Ev  ::                                     CAR ISO V2G AuthorizationReq
2026-08-05 10:40:23.297482 [INFO] evse_manager:Ev  :: EVSE ISO V2G AuthorizationRes
2026-08-05 10:40:23.346950 [INFO] evse_manager:Ev  ::                                     CAR ISO V2G AuthorizationReq
2026-08-05 10:40:23.426497 [INFO] evse_manager:Ev  :: EVSE ISO V2G AuthorizationRes
2026-08-05 10:40:23.517357 [INFO] evse_manager:Ev  ::                                     CAR ISO V2G AuthorizationReq
2026-08-05 10:40:23.605433 [INFO] evse_manager:Ev  :: EVSE ISO V2G AuthorizationRes
2026-08-05 10:40:23.644088 [INFO] evse_manager:Ev  ::                                     CAR ISO V2G AuthorizationReq
2026-08-05 10:40:23.753416 [INFO] evse_manager:Ev  :: EVSE ISO V2G AuthorizationRes
2026-08-05 10:40:23.778158 [INFO] evse_manager:Ev  ::                                     CAR ISO V2G AuthorizationReq
2026-08-05 10:40:23.876754 [INFO] evse_manager:Ev  :: EVSE ISO V2G AuthorizationRes
2026-08-05 10:40:23.943980 [INFO] evse_manager:Ev  ::                                     CAR ISO V2G AuthorizationReq
2026-08-05 10:40:24.042553 [INFO] evse_manager:Ev  :: EVSE ISO V2G AuthorizationRes
2026-08-05 10:40:24.078241 [INFO] evse_manager:Ev  ::                                     CAR ISO V2G AuthorizationReq
2026-08-05 10:40:24.176591 [INFO] evse_manager:Ev  :: EVSE ISO V2G AuthorizationRes
2026-08-05 10:40:24.261682 [INFO] evse_manager:Ev  ::                                     CAR ISO V2G AuthorizationReq
2026-08-05 10:40:24.326622 [INFO] evse_manager:Ev  :: EVSE ISO V2G AuthorizationRes
2026-08-05 10:40:24.393554 [INFO] evse_manager:Ev  ::                                     CAR ISO V2G AuthorizationReq
2026-08-05 10:40:24.490863 [INFO] evse_manager:Ev  :: EVSE ISO V2G AuthorizationRes
2026-08-05 10:40:24.528204 [INFO] evse_manager:Ev  ::                                     CAR ISO V2G AuthorizationReq
2026-08-05 10:40:24.657331 [INFO] evse_manager:Ev  :: EVSE ISO V2G AuthorizationRes
2026-08-05 10:40:24.677083 [INFO] evse_manager:Ev  ::                                     CAR ISO V2G AuthorizationReq
2026-08-05 10:40:24.801514 [INFO] evse_manager:Ev  :: EVSE ISO V2G AuthorizationRes
2026-08-05 10:40:24.811572 [INFO] evse_manager:Ev  ::                                     CAR ISO V2G AuthorizationReq
2026-08-05 10:40:24.908995 [INFO] evse_manager:Ev  :: EVSE ISO V2G AuthorizationRes
2026-08-05 10:40:24.961598 [INFO] evse_manager:Ev  ::                                     CAR ISO V2G AuthorizationReq
2026-08-05 10:40:25.060038 [INFO] evse_manager:Ev  :: EVSE ISO V2G AuthorizationRes
2026-08-05 10:40:25.110640 [INFO] evse_manager:Ev  ::                                     CAR ISO V2G AuthorizationReq
2026-08-05 10:40:25.207923 [INFO] evse_manager:Ev  :: EVSE ISO V2G AuthorizationRes
2026-08-05 10:40:25.301368 [INFO] evse_manager:Ev  ::                                     CAR ISO V2G AuthorizationReq
2026-08-05 10:40:25.389245 [INFO] evse_manager:Ev  :: EVSE ISO V2G AuthorizationRes
2026-08-05 10:40:25.410454 [INFO] evse_manager:Ev  ::                                     CAR ISO V2G AuthorizationReq
2026-08-05 10:40:25.507833 [INFO] evse_manager:Ev  :: EVSE ISO V2G AuthorizationRes
2026-08-05 10:40:25.560241 [INFO] evse_manager:Ev  ::                                     CAR ISO V2G AuthorizationReq
2026-08-05 10:40:25.658623 [INFO] evse_manager:Ev  :: EVSE ISO V2G AuthorizationRes
2026-08-05 10:40:25.709367 [INFO] evse_manager:Ev  ::                                     CAR ISO V2G AuthorizationReq
2026-08-05 10:40:25.797503 [INFO] evse_manager:Ev  :: EVSE ISO V2G AuthorizationRes
2026-08-05 10:40:25.828405 [INFO] evse_manager:Ev  ::                                     CAR ISO V2G AuthorizationReq
2026-08-05 10:40:25.926658 [INFO] evse_manager:Ev  :: EVSE ISO V2G AuthorizationRes
2026-08-05 10:40:25.978187 [INFO] evse_manager:Ev  ::                                     CAR ISO V2G AuthorizationReq
2026-08-05 10:40:26.076530 [INFO] evse_manager:Ev  :: EVSE ISO V2G AuthorizationRes
2026-08-05 10:40:26.127664 [INFO] evse_manager:Ev  ::                                     CAR ISO V2G AuthorizationReq
2026-08-05 10:40:26.257402 [INFO] evse_manager:Ev  :: EVSE ISO V2G AuthorizationRes
2026-08-05 10:40:26.277059 [INFO] evse_manager:Ev  ::                                     CAR ISO V2G AuthorizationReq
2026-08-05 10:40:26.393272 [INFO] evse_manager:Ev  :: EVSE ISO V2G AuthorizationRes
2026-08-05 10:40:26.427584 [INFO] evse_manager:Ev  ::                                     CAR ISO V2G AuthorizationReq
2026-08-05 10:40:26.524760 [INFO] evse_manager:Ev  :: EVSE ISO V2G AuthorizationRes
2026-08-05 10:40:26.561565 [INFO] evse_manager:Ev  ::                                     CAR ISO V2G AuthorizationReq
2026-08-05 10:40:26.659012 [INFO] evse_manager:Ev  :: EVSE ISO V2G AuthorizationRes
2026-08-05 10:40:26.710512 [INFO] evse_manager:Ev  ::                                     CAR ISO V2G AuthorizationReq
2026-08-05 10:40:26.807552 [INFO] evse_manager:Ev  :: EVSE ISO V2G AuthorizationRes
2026-08-05 10:40:26.893486 [INFO] evse_manager:Ev  ::                                     CAR ISO V2G AuthorizationReq
2026-08-05 10:40:26.957942 [INFO] evse_manager:Ev  :: EVSE ISO V2G AuthorizationRes
2026-08-05 10:40:27.022098 [INFO] evse_manager:Ev  ::                                     CAR ISO V2G AuthorizationReq
2026-08-05 10:40:27.120629 [INFO] evse_manager:Ev  :: EVSE ISO V2G AuthorizationRes
2026-08-05 10:40:27.176394 [INFO] evse_manager:Ev  ::                                     CAR ISO V2G AuthorizationReq
2026-08-05 10:40:27.305428 [INFO] evse_manager:Ev  :: EVSE ISO V2G AuthorizationRes
2026-08-05 10:40:27.330438 [INFO] evse_manager:Ev  ::                                     CAR ISO V2G AuthorizationReq
2026-08-05 10:40:27.428115 [INFO] evse_manager:Ev  :: EVSE ISO V2G AuthorizationRes
2026-08-05 10:40:27.485188 [INFO] evse_manager:Ev  ::                                     CAR ISO V2G AuthorizationReq
2026-08-05 10:40:27.583479 [INFO] evse_manager:Ev  :: EVSE ISO V2G AuthorizationRes
2026-08-05 10:40:27.639577 [INFO] evse_manager:Ev  ::                                     CAR ISO V2G AuthorizationReq
2026-08-05 10:40:27.757395 [INFO] evse_manager:Ev  :: EVSE ISO V2G AuthorizationRes
2026-08-05 10:40:27.793341 [INFO] evse_manager:Ev  ::                                     CAR ISO V2G AuthorizationReq
2026-08-05 10:40:27.897435 [INFO] evse_manager:Ev  :: EVSE ISO V2G AuthorizationRes
2026-08-05 10:40:27.985339 [INFO] evse_manager:Ev  ::                                     CAR ISO V2G AuthorizationReq
2026-08-05 10:40:28.046985 [INFO] evse_manager:Ev  :: EVSE ISO V2G AuthorizationRes
2026-08-05 10:40:28.106194 [INFO] evse_manager:Ev  ::                                     CAR ISO V2G AuthorizationReq
2026-08-05 10:40:28.204837 [INFO] evse_manager:Ev  :: EVSE ISO V2G AuthorizationRes
2026-08-05 10:40:28.301432 [INFO] evse_manager:Ev  ::                                     CAR ISO V2G AuthorizationReq
2026-08-05 10:40:28.393504 [INFO] evse_manager:Ev  :: EVSE ISO V2G AuthorizationRes
2026-08-05 10:40:28.437299 [INFO] evse_manager:Ev  ::                                     CAR ISO V2G AuthorizationReq
2026-08-05 10:40:28.513672 [INFO] evse_manager:Ev  :: EVSE ISO V2G AuthorizationRes
2026-08-05 10:40:28.571288 [INFO] evse_manager:Ev  ::                                     CAR ISO V2G AuthorizationReq
2026-08-05 10:40:28.669823 [INFO] evse_manager:Ev  :: EVSE ISO V2G AuthorizationRes
2026-08-05 10:40:28.757329 [INFO] evse_manager:Ev  ::                                     CAR ISO V2G AuthorizationReq
2026-08-05 10:40:28.824549 [INFO] evse_manager:Ev  :: EVSE ISO V2G AuthorizationRes
2026-08-05 10:40:28.897379 [INFO] evse_manager:Ev  ::                                     CAR ISO V2G AuthorizationReq
2026-08-05 10:40:28.978759 [INFO] evse_manager:Ev  :: EVSE ISO V2G AuthorizationRes
2026-08-05 10:40:29.081388 [INFO] evse_manager:Ev  ::                                     CAR ISO V2G AuthorizationReq
2026-08-05 10:40:29.141051 [INFO] evse_manager:Ev  :: EVSE ISO V2G AuthorizationRes
2026-08-05 10:40:29.192119 [INFO] evse_manager:Ev  ::                                     CAR ISO V2G AuthorizationReq
2026-08-05 10:40:29.305403 [INFO] evse_manager:Ev  :: EVSE ISO V2G AuthorizationRes
2026-08-05 10:40:29.344015 [INFO] evse_manager:Ev  ::                                     CAR ISO V2G AuthorizationReq
2026-08-05 10:40:29.442157 [INFO] evse_manager:Ev  :: EVSE ISO V2G AuthorizationRes
2026-08-05 10:40:29.478652 [INFO] evse_manager:Ev  ::                                     CAR ISO V2G AuthorizationReq
2026-08-05 10:40:29.575892 [INFO] evse_manager:Ev  :: EVSE ISO V2G AuthorizationRes
2026-08-05 10:40:29.611639 [INFO] evse_manager:Ev  ::                                     CAR ISO V2G AuthorizationReq
2026-08-05 10:40:29.708974 [INFO] evse_manager:Ev  :: EVSE ISO V2G AuthorizationRes
2026-08-05 10:40:29.765383 [INFO] evse_manager:Ev  ::                                     CAR ISO V2G AuthorizationReq
2026-08-05 10:40:29.905330 [INFO] evse_manager:Ev  :: EVSE ISO V2G AuthorizationRes
2026-08-05 10:40:29.905595 [INFO] evse_manager:Ev  ::                                     CAR ISO V2G AuthorizationReq
2026-08-05 10:40:29.993818 [INFO] evse_manager:Ev  :: EVSE ISO V2G AuthorizationRes
2026-08-05 10:40:30.060654 [INFO] evse_manager:Ev  ::                                     CAR ISO V2G AuthorizationReq
2026-08-05 10:40:30.177536 [INFO] evse_manager:Ev  :: EVSE ISO V2G AuthorizationRes
2026-08-05 10:40:30.210979 [INFO] evse_manager:Ev  ::                                     CAR ISO V2G AuthorizationReq
2026-08-05 10:40:30.309153 [INFO] evse_manager:Ev  :: EVSE ISO V2G AuthorizationRes
2026-08-05 10:40:30.397352 [INFO] evse_manager:Ev  ::                                     CAR ISO V2G AuthorizationReq
2026-08-05 10:40:30.457782 [INFO] evse_manager:Ev  :: EVSE ISO V2G AuthorizationRes
2026-08-05 10:40:30.495271 [INFO] evse_manager:Ev  ::                                     CAR ISO V2G AuthorizationReq
2026-08-05 10:40:30.593878 [INFO] evse_manager:Ev  :: EVSE ISO V2G AuthorizationRes
2026-08-05 10:40:30.661171 [INFO] evse_manager:Ev  ::                                     CAR ISO V2G AuthorizationReq
2026-08-05 10:40:30.761444 [INFO] evse_manager:Ev  :: EVSE ISO V2G AuthorizationRes
2026-08-05 10:40:30.810430 [INFO] evse_manager:Ev  ::                                     CAR ISO V2G AuthorizationReq
2026-08-05 10:40:30.908048 [INFO] evse_manager:Ev  :: EVSE ISO V2G AuthorizationRes
2026-08-05 10:40:30.959281 [INFO] evse_manager:Ev  ::                                     CAR ISO V2G AuthorizationReq
2026-08-05 10:40:31.057738 [INFO] evse_manager:Ev  :: EVSE ISO V2G AuthorizationRes
2026-08-05 10:40:31.115880 [INFO] evse_manager:Ev  ::                                     CAR ISO V2G AuthorizationReq
2026-08-05 10:40:31.229553 [INFO] evse_manager:Ev  :: EVSE ISO V2G AuthorizationRes
2026-08-05 10:40:31.277337 [INFO] evse_manager:Ev  ::                                     CAR ISO V2G AuthorizationReq
2026-08-05 10:40:31.401471 [INFO] evse_manager:Ev  :: EVSE ISO V2G AuthorizationRes
2026-08-05 10:40:31.422743 [INFO] evse_manager:Ev  ::                                     CAR ISO V2G AuthorizationReq
2026-08-05 10:40:31.521342 [INFO] evse_manager:Ev  :: EVSE ISO V2G AuthorizationRes
2026-08-05 10:40:31.576261 [INFO] evse_manager:Ev  ::                                     CAR ISO V2G AuthorizationReq
2026-08-05 10:40:31.674770 [INFO] evse_manager:Ev  :: EVSE ISO V2G AuthorizationRes
2026-08-05 10:40:31.761435 [INFO] evse_manager:Ev  ::                                     CAR ISO V2G AuthorizationReq
2026-08-05 10:40:31.829637 [INFO] evse_manager:Ev  :: EVSE ISO V2G AuthorizationRes
2026-08-05 10:40:31.909279 [INFO] evse_manager:Ev  ::                                     CAR ISO V2G AuthorizationReq
2026-08-05 10:40:31.983448 [INFO] evse_manager:Ev  :: EVSE ISO V2G AuthorizationRes
2026-08-05 10:40:32.040927 [INFO] evse_manager:Ev  ::                                     CAR ISO V2G AuthorizationReq
2026-08-05 10:40:32.139482 [INFO] evse_manager:Ev  :: EVSE ISO V2G AuthorizationRes
2026-08-05 10:40:32.196486 [INFO] evse_manager:Ev  ::                                     CAR ISO V2G AuthorizationReq
2026-08-05 10:40:32.309521 [INFO] evse_manager:Ev  :: EVSE ISO V2G AuthorizationRes
2026-08-05 10:40:32.353232 [INFO] evse_manager:Ev  ::                                     CAR ISO V2G AuthorizationReq
2026-08-05 10:40:32.448799 [INFO] evse_manager:Ev  :: EVSE ISO V2G AuthorizationRes
2026-08-05 10:40:32.501490 [INFO] evse_manager:Ev  ::                                     CAR ISO V2G AuthorizationReq
2026-08-05 10:40:32.598922 [INFO] evse_manager:Ev  :: EVSE ISO V2G AuthorizationRes
2026-08-05 10:40:32.657231 [INFO] evse_manager:Ev  ::                                     CAR ISO V2G AuthorizationReq
2026-08-05 10:40:32.761415 [INFO] evse_manager:Ev  :: EVSE ISO V2G AuthorizationRes
2026-08-05 10:40:32.813462 [INFO] evse_manager:Ev  ::                                     CAR ISO V2G AuthorizationReq
2026-08-05 10:40:32.913357 [INFO] evse_manager:Ev  :: EVSE ISO V2G AuthorizationRes
2026-08-05 10:40:32.963220 [INFO] evse_manager:Ev  ::                                     CAR ISO V2G AuthorizationReq
2026-08-05 10:40:33.061761 [INFO] evse_manager:Ev  :: EVSE ISO V2G AuthorizationRes
2026-08-05 10:40:33.110852 [INFO] evse_manager:Ev  ::                                     CAR ISO V2G AuthorizationReq
2026-08-05 10:40:33.209250 [INFO] evse_manager:Ev  :: EVSE ISO V2G AuthorizationRes
2026-08-05 10:40:33.265318 [INFO] evse_manager:Ev  ::                                     CAR ISO V2G AuthorizationReq
2026-08-05 10:40:33.397380 [INFO] evse_manager:Ev  :: EVSE ISO V2G AuthorizationRes
2026-08-05 10:40:33.397693 [INFO] evse_manager:Ev  ::                                     CAR ISO V2G AuthorizationReq
2026-08-05 10:40:33.537255 [INFO] evse_manager:Ev  :: EVSE ISO V2G AuthorizationRes
2026-08-05 10:40:33.547015 [INFO] evse_manager:Ev  ::                                     CAR ISO V2G AuthorizationReq
2026-08-05 10:40:33.645580 [INFO] evse_manager:Ev  :: EVSE ISO V2G AuthorizationRes
2026-08-05 10:40:33.695376 [INFO] evse_manager:Ev  ::                                     CAR ISO V2G AuthorizationReq
2026-08-05 10:40:33.793720 [INFO] evse_manager:Ev  :: EVSE ISO V2G AuthorizationRes
2026-08-05 10:40:33.844537 [INFO] evse_manager:Ev  ::                                     CAR ISO V2G AuthorizationReq
2026-08-05 10:40:33.941969 [INFO] evse_manager:Ev  :: EVSE ISO V2G AuthorizationRes
2026-08-05 10:40:33.978928 [INFO] evse_manager:Ev  ::                                     CAR ISO V2G AuthorizationReq
2026-08-05 10:40:34.076033 [INFO] evse_manager:Ev  :: EVSE ISO V2G AuthorizationRes
2026-08-05 10:40:34.127558 [INFO] evse_manager:Ev  ::                                     CAR ISO V2G AuthorizationReq
2026-08-05 10:40:34.265436 [INFO] evse_manager:Ev  :: EVSE ISO V2G AuthorizationRes
2026-08-05 10:40:34.265679 [INFO] evse_manager:Ev  ::                                     CAR ISO V2G AuthorizationReq
2026-08-05 10:40:34.397365 [INFO] evse_manager:Ev  :: EVSE ISO V2G AuthorizationRes
2026-08-05 10:40:34.441243 [INFO] evse_manager:Ev  ::                                     CAR ISO V2G AuthorizationReq
2026-08-05 10:40:34.525855 [INFO] evse_manager:Ev  :: EVSE ISO V2G AuthorizationRes
2026-08-05 10:40:34.589310 [INFO] evse_manager:Ev  ::                                     CAR ISO V2G AuthorizationReq
2026-08-05 10:40:34.681324 [INFO] evse_manager:Ev  :: EVSE ISO V2G AuthorizationRes
2026-08-05 10:40:34.765431 [INFO] evse_manager:Ev  ::                                     CAR ISO V2G AuthorizationReq
2026-08-05 10:40:34.825721 [INFO] evse_manager:Ev  :: EVSE ISO V2G AuthorizationRes
2026-08-05 10:40:34.877259 [INFO] evse_manager:Ev  ::                                     CAR ISO V2G AuthorizationReq
2026-08-05 10:40:34.975888 [INFO] evse_manager:Ev  :: EVSE ISO V2G AuthorizationRes
2026-08-05 10:40:35.027859 [INFO] evse_manager:Ev  ::                                     CAR ISO V2G AuthorizationReq
2026-08-05 10:40:35.125281 [INFO] evse_manager:Ev  :: EVSE ISO V2G AuthorizationRes
2026-08-05 10:40:35.162300 [INFO] evse_manager:Ev  ::                                     CAR ISO V2G AuthorizationReq
2026-08-05 10:40:35.265384 [INFO] evse_manager:Ev  :: EVSE ISO V2G AuthorizationRes
2026-08-05 10:40:35.313446 [INFO] evse_manager:Ev  ::                                     CAR ISO V2G AuthorizationReq
2026-08-05 10:40:35.441345 [INFO] evse_manager:Ev  :: EVSE ISO V2G AuthorizationRes
2026-08-05 10:40:35.478118 [INFO] evse_manager:Ev  ::                                     CAR ISO V2G AuthorizationReq
2026-08-05 10:40:35.576546 [INFO] evse_manager:Ev  :: EVSE ISO V2G AuthorizationRes
2026-08-05 10:40:35.629036 [INFO] evse_manager:Ev  ::                                     CAR ISO V2G AuthorizationReq
2026-08-05 10:40:35.733359 [INFO] evse_manager:Ev  :: EVSE ISO V2G AuthorizationRes
2026-08-05 10:40:35.821437 [INFO] evse_manager:Ev  ::                                     CAR ISO V2G AuthorizationReq
2026-08-05 10:40:35.879311 [INFO] evse_manager:Ev  :: EVSE ISO V2G AuthorizationRes
2026-08-05 10:40:35.931168 [INFO] evse_manager:Ev  ::                                     CAR ISO V2G AuthorizationReq
2026-08-05 10:40:36.029648 [INFO] evse_manager:Ev  :: EVSE ISO V2G AuthorizationRes
2026-08-05 10:40:36.094508 [INFO] evse_manager:Ev  ::                                     CAR ISO V2G AuthorizationReq
2026-08-05 10:40:36.192954 [INFO] evse_manager:Ev  :: EVSE ISO V2G AuthorizationRes
2026-08-05 10:40:36.265335 [INFO] evse_manager:Ev  ::                                     CAR ISO V2G AuthorizationReq
2026-08-05 10:40:36.341882 [INFO] evse_manager:Ev  :: EVSE ISO V2G AuthorizationRes
2026-08-05 10:40:36.397324 [INFO] evse_manager:Ev  ::                                     CAR ISO V2G AuthorizationReq
2026-08-05 10:40:36.491992 [INFO] evse_manager:Ev  :: EVSE ISO V2G AuthorizationRes
2026-08-05 10:40:36.544490 [INFO] evse_manager:Ev  ::                                     CAR ISO V2G AuthorizationReq
2026-08-05 10:40:36.641755 [INFO] evse_manager:Ev  :: EVSE ISO V2G AuthorizationRes
2026-08-05 10:40:36.679009 [INFO] evse_manager:Ev  ::                                     CAR ISO V2G AuthorizationReq
2026-08-05 10:40:36.809454 [INFO] evse_manager:Ev  :: EVSE ISO V2G AuthorizationRes
2026-08-05 10:40:36.853252 [INFO] evse_manager:Ev  ::                                     CAR ISO V2G AuthorizationReq
2026-08-05 10:40:36.941831 [INFO] evse_manager:Ev  :: EVSE ISO V2G AuthorizationRes
2026-08-05 10:40:36.994832 [INFO] evse_manager:Ev  ::                                     CAR ISO V2G AuthorizationReq
2026-08-05 10:40:37.092244 [INFO] evse_manager:Ev  :: EVSE ISO V2G AuthorizationRes
2026-08-05 10:40:37.129042 [INFO] evse_manager:Ev  ::                                     CAR ISO V2G AuthorizationReq
2026-08-05 10:40:37.269452 [INFO] evse_manager:Ev  :: EVSE ISO V2G AuthorizationRes
2026-08-05 10:40:37.278598 [INFO] evse_manager:Ev  ::                                     CAR ISO V2G AuthorizationReq
2026-08-05 10:40:37.401312 [INFO] evse_manager:Ev  :: EVSE ISO V2G AuthorizationRes
2026-08-05 10:40:37.445380 [INFO] evse_manager:Ev  ::                                     CAR ISO V2G AuthorizationReq
2026-08-05 10:40:37.511894 [INFO] evse_manager:Ev  :: EVSE ISO V2G AuthorizationRes
2026-08-05 10:40:37.563402 [INFO] evse_manager:Ev  ::                                     CAR ISO V2G AuthorizationReq
2026-08-05 10:40:37.661924 [INFO] evse_manager:Ev  :: EVSE ISO V2G AuthorizationRes
2026-08-05 10:40:37.769380 [INFO] evse_manager:Ev  ::                                     CAR ISO V2G AuthorizationReq
2026-08-05 10:40:37.861363 [INFO] evse_manager:Ev  :: EVSE ISO V2G AuthorizationRes
2026-08-05 10:40:37.905312 [INFO] evse_manager:Ev  ::                                     CAR ISO V2G AuthorizationReq
2026-08-05 10:40:37.961849 [INFO] evse_manager:Ev  :: EVSE ISO V2G AuthorizationRes
2026-08-05 10:40:38.012900 [INFO] evse_manager:Ev  ::                                     CAR ISO V2G AuthorizationReq
2026-08-05 10:40:38.111373 [INFO] evse_manager:Ev  :: EVSE ISO V2G AuthorizationRes
2026-08-05 10:40:38.162250 [INFO] evse_manager:Ev  ::                                     CAR ISO V2G AuthorizationReq
2026-08-05 10:40:38.269357 [INFO] evse_manager:Ev  :: EVSE ISO V2G AuthorizationRes
2026-08-05 10:40:38.312285 [INFO] evse_manager:Ev  ::                                     CAR ISO V2G AuthorizationReq
2026-08-05 10:40:38.445475 [INFO] evse_manager:Ev  :: EVSE ISO V2G AuthorizationRes
2026-08-05 10:40:38.462427 [INFO] evse_manager:Ev  ::                                     CAR ISO V2G AuthorizationReq
2026-08-05 10:40:38.560829 [INFO] evse_manager:Ev  :: EVSE ISO V2G AuthorizationRes
2026-08-05 10:40:38.613368 [INFO] evse_manager:Ev  ::                                     CAR ISO V2G AuthorizationReq
2026-08-05 10:40:38.711901 [INFO] evse_manager:Ev  :: EVSE ISO V2G AuthorizationRes
2026-08-05 10:40:38.773464 [INFO] evse_manager:Ev  ::                                     CAR ISO V2G AuthorizationReq
2026-08-05 10:40:38.861057 [INFO] evse_manager:Ev  :: EVSE ISO V2G AuthorizationRes
2026-08-05 10:40:38.937352 [INFO] evse_manager:Ev  ::                                     CAR ISO V2G AuthorizationReq
2026-08-05 10:40:39.033370 [INFO] evse_manager:Ev  :: EVSE ISO V2G AuthorizationRes
2026-08-05 10:40:39.121317 [INFO] evse_manager:Ev  ::                                     CAR ISO V2G AuthorizationReq
2026-08-05 10:40:39.176333 [INFO] evse_manager:Ev  :: EVSE ISO V2G AuthorizationRes
2026-08-05 10:40:39.225405 [INFO] evse_manager:Ev  ::                                     CAR ISO V2G AuthorizationReq
2026-08-05 10:40:39.323467 [INFO] evse_manager:Ev  :: EVSE ISO V2G AuthorizationRes
2026-08-05 10:40:39.401249 [INFO] evse_manager:Ev  ::                                     CAR ISO V2G AuthorizationReq
2026-08-05 10:40:39.476423 [INFO] evse_manager:Ev  :: EVSE ISO V2G AuthorizationRes
2026-08-05 10:40:39.513871 [INFO] evse_manager:Ev  ::                                     CAR ISO V2G AuthorizationReq
2026-08-05 10:40:39.612455 [INFO] evse_manager:Ev  :: EVSE ISO V2G AuthorizationRes
2026-08-05 10:40:39.662321 [INFO] evse_manager:Ev  ::                                     CAR ISO V2G AuthorizationReq
2026-08-05 10:40:39.769504 [INFO] evse_manager:Ev  :: EVSE ISO V2G AuthorizationRes
2026-08-05 10:40:39.813396 [INFO] evse_manager:Ev  ::                                     CAR ISO V2G AuthorizationReq
2026-08-05 10:40:39.941303 [INFO] evse_manager:Ev  :: EVSE ISO V2G AuthorizationRes
2026-08-05 10:40:39.961702 [INFO] evse_manager:Ev  ::                                     CAR ISO V2G AuthorizationReq
2026-08-05 10:40:40.059008 [INFO] evse_manager:Ev  :: EVSE ISO V2G AuthorizationRes
2026-08-05 10:40:40.129658 [INFO] evse_manager:Ev  ::                                     CAR ISO V2G AuthorizationReq
2026-08-05 10:40:40.221246 [INFO] evse_manager:Ev  :: EVSE ISO V2G AuthorizationRes
2026-08-05 10:40:40.269380 [INFO] evse_manager:Ev  ::                                     CAR ISO V2G AuthorizationReq
2026-08-05 10:40:40.359211 [INFO] evse_manager:Ev  :: EVSE ISO V2G AuthorizationRes
2026-08-05 10:40:40.401239 [INFO] evse_manager:Ev  ::                                     CAR ISO V2G AuthorizationReq
2026-08-05 10:40:40.493014 [INFO] evse_manager:Ev  :: EVSE ISO V2G AuthorizationRes
2026-08-05 10:40:40.544320 [INFO] evse_manager:Ev  ::                                     CAR ISO V2G AuthorizationReq
2026-08-05 10:40:40.642694 [INFO] evse_manager:Ev  :: EVSE ISO V2G AuthorizationRes
2026-08-05 10:40:40.694453 [INFO] evse_manager:Ev  ::                                     CAR ISO V2G AuthorizationReq
2026-08-05 10:40:40.813384 [INFO] evse_manager:Ev  :: EVSE ISO V2G AuthorizationRes
2026-08-05 10:40:40.829209 [INFO] evse_manager:Ev  ::                                     CAR ISO V2G AuthorizationReq
2026-08-05 10:40:40.945507 [INFO] evse_manager:Ev  :: EVSE ISO V2G AuthorizationRes
2026-08-05 10:40:40.994642 [INFO] evse_manager:Ev  ::                                     CAR ISO V2G AuthorizationReq
2026-08-05 10:40:41.091970 [INFO] evse_manager:Ev  :: EVSE ISO V2G AuthorizationRes
2026-08-05 10:40:41.129291 [INFO] evse_manager:Ev  ::                                     CAR ISO V2G AuthorizationReq
2026-08-05 10:40:41.229500 [INFO] evse_manager:Ev  :: EVSE ISO V2G AuthorizationRes
2026-08-05 10:40:41.317315 [INFO] evse_manager:Ev  ::                                     CAR ISO V2G AuthorizationReq
2026-08-05 10:40:41.401281 [INFO] evse_manager:Ev  :: EVSE ISO V2G AuthorizationRes
2026-08-05 10:40:41.449356 [INFO] evse_manager:Ev  ::                                     CAR ISO V2G AuthorizationReq
2026-08-05 10:40:41.542607 [INFO] evse_manager:Ev  :: EVSE ISO V2G AuthorizationRes
2026-08-05 10:40:41.579023 [INFO] evse_manager:Ev  ::                                     CAR ISO V2G AuthorizationReq
2026-08-05 10:40:41.677612 [INFO] evse_manager:Ev  :: EVSE ISO V2G AuthorizationRes
2026-08-05 10:40:41.728344 [INFO] evse_manager:Ev  ::                                     CAR ISO V2G AuthorizationReq
2026-08-05 10:40:41.826333 [INFO] evse_manager:Ev  :: EVSE ISO V2G AuthorizationRes
2026-08-05 10:40:41.877989 [INFO] evse_manager:Ev  ::                                     CAR ISO V2G AuthorizationReq
2026-08-05 10:40:41.976414 [INFO] evse_manager:Ev  :: EVSE ISO V2G AuthorizationRes
2026-08-05 10:40:42.012732 [INFO] evse_manager:Ev  ::                                     CAR ISO V2G AuthorizationReq
2026-08-05 10:40:42.110014 [INFO] evse_manager:Ev  :: EVSE ISO V2G AuthorizationRes
2026-08-05 10:40:42.161468 [INFO] evse_manager:Ev  ::                                     CAR ISO V2G AuthorizationReq
2026-08-05 10:40:42.273649 [INFO] evse_manager:Ev  :: EVSE ISO V2G AuthorizationRes
2026-08-05 10:40:42.361262 [INFO] evse_manager:Ev  ::                                     CAR ISO V2G AuthorizationReq
2026-08-05 10:40:42.449235 [INFO] evse_manager:Ev  :: EVSE ISO V2G AuthorizationRes
2026-08-05 10:40:42.449475 [INFO] evse_manager:Ev  ::                                     CAR ISO V2G AuthorizationReq
2026-08-05 10:40:42.545933 [INFO] evse_manager:Ev  :: EVSE ISO V2G AuthorizationRes
2026-08-05 10:40:42.611717 [INFO] evse_manager:Ev  ::                                     CAR ISO V2G AuthorizationReq
2026-08-05 10:40:42.709040 [INFO] evse_manager:Ev  :: EVSE ISO V2G AuthorizationRes
2026-08-05 10:40:42.777577 [INFO] evse_manager:Ev  ::                                     CAR ISO V2G AuthorizationReq
2026-08-05 10:40:42.859698 [INFO] evse_manager:Ev  :: EVSE ISO V2G AuthorizationRes
2026-08-05 10:40:42.895830 [INFO] evse_manager:Ev  ::                                     CAR ISO V2G AuthorizationReq
2026-08-05 10:40:42.993130 [INFO] evse_manager:Ev  :: EVSE ISO V2G AuthorizationRes
2026-08-05 10:40:43.045089 [INFO] evse_manager:Ev  ::                                     CAR ISO V2G AuthorizationReq
2026-08-05 10:40:43.143302 [INFO] evse_manager:Ev  :: EVSE ISO V2G AuthorizationRes
2026-08-05 10:40:43.179304 [INFO] evse_manager:Ev  ::                                     CAR ISO V2G AuthorizationReq
2026-08-05 10:40:43.317355 [INFO] evse_manager:Ev  :: EVSE ISO V2G AuthorizationRes
2026-08-05 10:40:43.327780 [INFO] evse_manager:Ev  ::                                     CAR ISO V2G AuthorizationReq
2026-08-05 10:40:43.457293 [INFO] evse_manager:Ev  :: EVSE ISO V2G AuthorizationRes
2026-08-05 10:40:43.501328 [INFO] evse_manager:Ev  ::                                     CAR ISO V2G AuthorizationReq
2026-08-05 10:40:43.575874 [INFO] evse_manager:Ev  :: EVSE ISO V2G AuthorizationRes
2026-08-05 10:40:43.628390 [INFO] evse_manager:Ev  ::                                     CAR ISO V2G AuthorizationReq
2026-08-05 10:40:43.726756 [INFO] evse_manager:Ev  :: EVSE ISO V2G AuthorizationRes
2026-08-05 10:40:43.817272 [INFO] evse_manager:Ev  ::                                     CAR ISO V2G AuthorizationReq
2026-08-05 10:40:43.877649 [INFO] evse_manager:Ev  :: EVSE ISO V2G AuthorizationRes
2026-08-05 10:40:43.961385 [INFO] evse_manager:Ev  ::                                     CAR ISO V2G AuthorizationReq
2026-08-05 10:40:44.026588 [INFO] evse_manager:Ev  :: EVSE ISO V2G AuthorizationRes
2026-08-05 10:40:44.078095 [INFO] evse_manager:Ev  ::                                     CAR ISO V2G AuthorizationReq
2026-08-05 10:40:44.176443 [INFO] evse_manager:Ev  :: EVSE ISO V2G AuthorizationRes
2026-08-05 10:40:44.227449 [INFO] evse_manager:Ev  ::                                     CAR ISO V2G AuthorizationReq
2026-08-05 10:40:44.324543 [INFO] evse_manager:Ev  :: EVSE ISO V2G AuthorizationRes
2026-08-05 10:40:44.405214 [INFO] evse_manager:Ev  ::                                     CAR ISO V2G AuthorizationReq
2026-08-05 10:40:44.476829 [INFO] evse_manager:Ev  :: EVSE ISO V2G AuthorizationRes
2026-08-05 10:40:44.553237 [INFO] evse_manager:Ev  ::                                     CAR ISO V2G AuthorizationReq
2026-08-05 10:40:44.645378 [INFO] evse_manager:Ev  :: EVSE ISO V2G AuthorizationRes
2026-08-05 10:40:44.677958 [INFO] evse_manager:Ev  ::                                     CAR ISO V2G AuthorizationReq
2026-08-05 10:40:44.817302 [INFO] evse_manager:Ev  :: EVSE ISO V2G AuthorizationRes
2026-08-05 10:40:44.817576 [INFO] evse_manager:Ev  ::                                     CAR ISO V2G AuthorizationReq
2026-08-05 10:40:44.910170 [INFO] evse_manager:Ev  :: EVSE ISO V2G AuthorizationRes
2026-08-05 10:40:44.963896 [INFO] evse_manager:Ev  ::                                     CAR ISO V2G AuthorizationReq
2026-08-05 10:40:45.062655 [INFO] evse_manager:Ev  :: EVSE ISO V2G AuthorizationRes
2026-08-05 10:40:45.120944 [INFO] evse_manager:Ev  ::                                     CAR ISO V2G AuthorizationReq
2026-08-05 10:40:45.219443 [INFO] evse_manager:Ev  :: EVSE ISO V2G AuthorizationRes
2026-08-05 10:40:45.321324 [INFO] evse_manager:Ev  ::                                     CAR ISO V2G AuthorizationReq
2026-08-05 10:40:45.405295 [INFO] evse_manager:Ev  :: EVSE ISO V2G AuthorizationRes
2026-08-05 10:40:45.412436 [INFO] evse_manager:Ev  ::                                     CAR ISO V2G AuthorizationReq
2026-08-05 10:40:45.509915 [INFO] evse_manager:Ev  :: EVSE ISO V2G AuthorizationRes
2026-08-05 10:40:45.561344 [INFO] evse_manager:Ev  ::                                     CAR ISO V2G AuthorizationReq
2026-08-05 10:40:45.697310 [INFO] evse_manager:Ev  :: EVSE ISO V2G AuthorizationRes
2026-08-05 10:40:45.697551 [INFO] evse_manager:Ev  ::                                     CAR ISO V2G AuthorizationReq
2026-08-05 10:40:45.821290 [INFO] evse_manager:Ev  :: EVSE ISO V2G AuthorizationRes
2026-08-05 10:40:45.846059 [INFO] evse_manager:Ev  ::                                     CAR ISO V2G AuthorizationReq
2026-08-05 10:40:45.965292 [INFO] evse_manager:Ev  :: EVSE ISO V2G AuthorizationRes
2026-08-05 10:40:46.011576 [INFO] evse_manager:Ev  ::                                     CAR ISO V2G AuthorizationReq
2026-08-05 10:40:46.109011 [INFO] evse_manager:Ev  :: EVSE ISO V2G AuthorizationRes
2026-08-05 10:40:46.161646 [INFO] evse_manager:Ev  ::                                     CAR ISO V2G AuthorizationReq
2026-08-05 10:40:46.277536 [INFO] evse_manager:Ev  :: EVSE ISO V2G AuthorizationRes
2026-08-05 10:40:46.311630 [INFO] evse_manager:Ev  ::                                     CAR ISO V2G AuthorizationReq
2026-08-05 10:40:46.410112 [INFO] evse_manager:Ev  :: EVSE ISO V2G AuthorizationRes
2026-08-05 10:40:46.469255 [INFO] evse_manager:Ev  ::                                     CAR ISO V2G AuthorizationReq
2026-08-05 10:40:46.558763 [INFO] evse_manager:Ev  :: EVSE ISO V2G AuthorizationRes
2026-08-05 10:40:46.611564 [INFO] evse_manager:Ev  ::                                     CAR ISO V2G AuthorizationReq
2026-08-05 10:40:46.749473 [INFO] evse_manager:Ev  :: EVSE ISO V2G AuthorizationRes
2026-08-05 10:40:46.750087 [INFO] evse_manager:Ev  ::                                     CAR ISO V2G AuthorizationReq
2026-08-05 10:40:46.844248 [INFO] evse_manager:Ev  :: EVSE ISO V2G AuthorizationRes
2026-08-05 10:40:46.911479 [INFO] evse_manager:Ev  ::                                     CAR ISO V2G AuthorizationReq
2026-08-05 10:40:47.008969 [INFO] evse_manager:Ev  :: EVSE ISO V2G AuthorizationRes
2026-08-05 10:40:47.061663 [INFO] evse_manager:Ev  ::                                     CAR ISO V2G AuthorizationReq
2026-08-05 10:40:47.159021 [INFO] evse_manager:Ev  :: EVSE ISO V2G AuthorizationRes
2026-08-05 10:40:47.211572 [INFO] evse_manager:Ev  ::                                     CAR ISO V2G AuthorizationReq
2026-08-05 10:40:47.325327 [INFO] evse_manager:Ev  :: EVSE ISO V2G AuthorizationRes
2026-08-05 10:40:47.362028 [INFO] evse_manager:Ev  ::                                     CAR ISO V2G AuthorizationReq
2026-08-05 10:40:47.473294 [INFO] evse_manager:Ev  :: EVSE ISO V2G AuthorizationRes
2026-08-05 10:40:47.511688 [INFO] evse_manager:Ev  ::                                     CAR ISO V2G AuthorizationReq
2026-08-05 10:40:47.609107 [INFO] evse_manager:Ev  :: EVSE ISO V2G AuthorizationRes
2026-08-05 10:40:47.661385 [INFO] evse_manager:Ev  ::                                     CAR ISO V2G AuthorizationReq
2026-08-05 10:40:47.777460 [INFO] evse_manager:Ev  :: EVSE ISO V2G AuthorizationRes
2026-08-05 10:40:47.889297 [INFO] evse_manager:Ev  ::                                     CAR ISO V2G AuthorizationReq
2026-08-05 10:40:47.909666 [INFO] evse_manager:Ev  :: EVSE ISO V2G AuthorizationRes
2026-08-05 10:40:47.973349 [INFO] evse_manager:Ev  ::                                     CAR ISO V2G AuthorizationReq
2026-08-05 10:40:48.058876 [INFO] evse_manager:Ev  :: EVSE ISO V2G AuthorizationRes
2026-08-05 10:40:48.111379 [INFO] evse_manager:Ev  ::                                     CAR ISO V2G AuthorizationReq
2026-08-05 10:40:48.209845 [INFO] evse_manager:Ev  :: EVSE ISO V2G AuthorizationRes
2026-08-05 10:40:48.281492 [INFO] evse_manager:Ev  ::                                     CAR ISO V2G AuthorizationReq
2026-08-05 10:40:48.358872 [INFO] evse_manager:Ev  :: EVSE ISO V2G AuthorizationRes
2026-08-05 10:40:48.411832 [INFO] evse_manager:Ev  ::                                     CAR ISO V2G AuthorizationReq
2026-08-05 10:40:48.510358 [INFO] evse_manager:Ev  :: EVSE ISO V2G AuthorizationRes
2026-08-05 10:40:48.562742 [INFO] evse_manager:Ev  ::                                     CAR ISO V2G AuthorizationReq
2026-08-05 10:40:48.660080 [INFO] evse_manager:Ev  :: EVSE ISO V2G AuthorizationRes
2026-08-05 10:40:48.711810 [INFO] evse_manager:Ev  ::                                     CAR ISO V2G AuthorizationReq
2026-08-05 10:40:48.825368 [INFO] evse_manager:Ev  :: EVSE ISO V2G AuthorizationRes
2026-08-05 10:40:48.897365 [INFO] evse_manager:Ev  ::                                     CAR ISO V2G AuthorizationReq
2026-08-05 10:40:48.985326 [INFO] evse_manager:Ev  :: EVSE ISO V2G AuthorizationRes
2026-08-05 10:40:49.011609 [INFO] evse_manager:Ev  ::                                     CAR ISO V2G AuthorizationReq
2026-08-05 10:40:49.108919 [INFO] evse_manager:Ev  :: EVSE ISO V2G AuthorizationRes
2026-08-05 10:40:49.161765 [INFO] evse_manager:Ev  ::                                     CAR ISO V2G AuthorizationReq
2026-08-05 10:40:49.285485 [INFO] evse_manager:Ev  :: EVSE ISO V2G AuthorizationRes
2026-08-05 10:40:49.313008 [INFO] evse_manager:Ev  ::                                     CAR ISO V2G AuthorizationReq
2026-08-05 10:40:49.410023 [INFO] evse_manager:Ev  :: EVSE ISO V2G AuthorizationRes
2026-08-05 10:40:49.481308 [INFO] evse_manager:Ev  ::                                     CAR ISO V2G AuthorizationReq
2026-08-05 10:40:49.559025 [INFO] evse_manager:Ev  :: EVSE ISO V2G AuthorizationRes
2026-08-05 10:40:49.611953 [INFO] evse_manager:Ev  ::                                     CAR ISO V2G AuthorizationReq
2026-08-05 10:40:49.710313 [INFO] evse_manager:Ev  :: EVSE ISO V2G AuthorizationRes
2026-08-05 10:40:49.781364 [INFO] evse_manager:Ev  ::                                     CAR ISO V2G AuthorizationReq
2026-08-05 10:40:49.844800 [INFO] evse_manager:Ev  :: EVSE ISO V2G AuthorizationRes
2026-08-05 10:40:49.912091 [INFO] evse_manager:Ev  ::                                     CAR ISO V2G AuthorizationReq
2026-08-05 10:40:50.025373 [INFO] evse_manager:Ev  :: EVSE ISO V2G AuthorizationRes
2026-08-05 10:40:50.069309 [INFO] evse_manager:Ev  ::                                     CAR ISO V2G AuthorizationReq
2026-08-05 10:40:50.163627 [INFO] evse_manager:Ev  :: EVSE ISO V2G AuthorizationRes
2026-08-05 10:40:50.213514 [INFO] evse_manager:Ev  ::                                     CAR ISO V2G AuthorizationReq
2026-08-05 10:40:50.325379 [INFO] evse_manager:Ev  :: EVSE ISO V2G AuthorizationRes
2026-08-05 10:40:50.362282 [INFO] evse_manager:Ev  ::                                     CAR ISO V2G AuthorizationReq
2026-08-05 10:40:50.489360 [INFO] evse_manager:Ev  :: EVSE ISO V2G AuthorizationRes
2026-08-05 10:40:50.512953 [INFO] evse_manager:Ev  ::                                     CAR ISO V2G AuthorizationReq
2026-08-05 10:40:50.611335 [INFO] evse_manager:Ev  :: EVSE ISO V2G AuthorizationRes
2026-08-05 10:40:50.662992 [INFO] evse_manager:Ev  ::                                     CAR ISO V2G AuthorizationReq
2026-08-05 10:40:50.785391 [INFO] evse_manager:Ev  :: EVSE ISO V2G AuthorizationRes
2026-08-05 10:40:50.828494 [INFO] evse_manager:Ev  ::                                     CAR ISO V2G AuthorizationReq
2026-08-05 10:40:50.925987 [INFO] evse_manager:Ev  :: EVSE ISO V2G AuthorizationRes
2026-08-05 10:40:50.985292 [INFO] evse_manager:Ev  ::                                     CAR ISO V2G AuthorizationReq
2026-08-05 10:40:51.074839 [INFO] evse_manager:Ev  :: EVSE ISO V2G AuthorizationRes
2026-08-05 10:40:51.165401 [INFO] evse_manager:Ev  ::                                     CAR ISO V2G AuthorizationReq
2026-08-05 10:40:51.231314 [INFO] evse_manager:Ev  :: EVSE ISO V2G AuthorizationRes
2026-08-05 10:40:51.325255 [INFO] evse_manager:Ev  ::                                     CAR ISO V2G AuthorizationReq
2026-08-05 10:40:51.413432 [INFO] evse_manager:Ev  :: EVSE ISO V2G AuthorizationRes
2026-08-05 10:40:51.442890 [INFO] evse_manager:Ev  ::                                     CAR ISO V2G AuthorizationReq
2026-08-05 10:40:51.541501 [INFO] evse_manager:Ev  :: EVSE ISO V2G AuthorizationRes
2026-08-05 10:40:51.597882 [INFO] evse_manager:Ev  ::                                     CAR ISO V2G AuthorizationReq
2026-08-05 10:40:51.696309 [INFO] evse_manager:Ev  :: EVSE ISO V2G AuthorizationRes
2026-08-05 10:40:51.781383 [INFO] evse_manager:Ev  ::                                     CAR ISO V2G AuthorizationReq
2026-08-05 10:40:51.852361 [INFO] evse_manager:Ev  :: EVSE ISO V2G AuthorizationRes
2026-08-05 10:40:51.910416 [INFO] evse_manager:Ev  ::                                     CAR ISO V2G AuthorizationReq
2026-08-05 10:40:52.007924 [INFO] evse_manager:Ev  :: EVSE ISO V2G AuthorizationRes
2026-08-05 10:40:52.064767 [INFO] evse_manager:Ev  ::                                     CAR ISO V2G AuthorizationReq
2026-08-05 10:40:52.162310 [INFO] evse_manager:Ev  :: EVSE ISO V2G AuthorizationRes
2026-08-05 10:40:52.261480 [INFO] evse_manager:Ev  ::                                     CAR ISO V2G AuthorizationReq
2026-08-05 10:40:52.349371 [INFO] evse_manager:Ev  :: EVSE ISO V2G AuthorizationRes
2026-08-05 10:40:52.409293 [INFO] evse_manager:Ev  ::                                     CAR ISO V2G AuthorizationReq
2026-08-05 10:40:52.493250 [INFO] evse_manager:Ev  :: EVSE ISO V2G AuthorizationRes
2026-08-05 10:40:52.526382 [INFO] evse_manager:Ev  ::                                     CAR ISO V2G AuthorizationReq
2026-08-05 10:40:52.623838 [INFO] evse_manager:Ev  :: EVSE ISO V2G AuthorizationRes
2026-08-05 10:40:52.681530 [INFO] evse_manager:Ev  ::                                     CAR ISO V2G AuthorizationReq
2026-08-05 10:40:52.785367 [INFO] evse_manager:Ev  :: EVSE ISO V2G AuthorizationRes
2026-08-05 10:40:52.835341 [INFO] evse_manager:Ev  ::                                     CAR ISO V2G AuthorizationReq
2026-08-05 10:40:52.933962 [INFO] evse_manager:Ev  :: EVSE ISO V2G AuthorizationRes
2026-08-05 10:40:52.995165 [INFO] evse_manager:Ev  ::                                     CAR ISO V2G AuthorizationReq
2026-08-05 10:40:53.093421 [INFO] evse_manager:Ev  :: EVSE ISO V2G AuthorizationRes
2026-08-05 10:40:53.145746 [INFO] evse_manager:Ev  ::                                     CAR ISO V2G AuthorizationReq
2026-08-05 10:40:53.285448 [INFO] evse_manager:Ev  :: EVSE ISO V2G AuthorizationRes
2026-08-05 10:40:53.294987 [INFO] evse_manager:Ev  ::                                     CAR ISO V2G AuthorizationReq
2026-08-05 10:40:53.413618 [INFO] evse_manager:Ev  :: EVSE ISO V2G AuthorizationRes
2026-08-05 10:40:53.429801 [INFO] evse_manager:Ev  ::                                     CAR ISO V2G AuthorizationReq
2026-08-05 10:40:53.527194 [INFO] evse_manager:Ev  :: EVSE ISO V2G AuthorizationRes
2026-08-05 10:40:53.579047 [INFO] evse_manager:Ev  ::                                     CAR ISO V2G AuthorizationReq
2026-08-05 10:40:53.677421 [INFO] evse_manager:Ev  :: EVSE ISO V2G AuthorizationRes
2026-08-05 10:40:53.728546 [INFO] evse_manager:Ev  ::                                     CAR ISO V2G AuthorizationReq
2026-08-05 10:40:53.829327 [INFO] evse_manager:Ev  :: EVSE ISO V2G AuthorizationRes
2026-08-05 10:40:53.863193 [INFO] evse_manager:Ev  ::                                     CAR ISO V2G AuthorizationReq
2026-08-05 10:40:54.001309 [INFO] evse_manager:Ev  :: EVSE ISO V2G AuthorizationRes
2026-08-05 10:40:54.028424 [INFO] evse_manager:Ev  ::                                     CAR ISO V2G AuthorizationReq
2026-08-05 10:40:54.125840 [INFO] evse_manager:Ev  :: EVSE ISO V2G AuthorizationRes
2026-08-05 10:40:54.178536 [INFO] evse_manager:Ev  ::                                     CAR ISO V2G AuthorizationReq
2026-08-05 10:40:54.285362 [INFO] evse_manager:Ev  :: EVSE ISO V2G AuthorizationRes
2026-08-05 10:40:54.313398 [INFO] evse_manager:Ev  ::                                     CAR ISO V2G AuthorizationReq
2026-08-05 10:40:54.413549 [INFO] evse_manager:Ev  :: EVSE ISO V2G AuthorizationRes
2026-08-05 10:40:54.501323 [INFO] evse_manager:Ev  ::                                     CAR ISO V2G AuthorizationReq
2026-08-05 10:40:54.577433 [INFO] evse_manager:Ev  :: EVSE ISO V2G AuthorizationRes
2026-08-05 10:40:54.629767 [INFO] evse_manager:Ev  ::                                     CAR ISO V2G AuthorizationReq
2026-08-05 10:40:54.727224 [INFO] evse_manager:Ev  :: EVSE ISO V2G AuthorizationRes
2026-08-05 10:40:54.785324 [INFO] evse_manager:Ev  ::                                     CAR ISO V2G AuthorizationReq
2026-08-05 10:40:54.877208 [INFO] evse_manager:Ev  :: EVSE ISO V2G AuthorizationRes
2026-08-05 10:40:54.913240 [INFO] evse_manager:Ev  ::                                     CAR ISO V2G AuthorizationReq
2026-08-05 10:40:55.011738 [INFO] evse_manager:Ev  :: EVSE ISO V2G AuthorizationRes
2026-08-05 10:40:55.065366 [INFO] evse_manager:Ev  ::                                     CAR ISO V2G AuthorizationReq
2026-08-05 10:40:55.163964 [INFO] evse_manager:Ev  :: EVSE ISO V2G AuthorizationRes
2026-08-05 10:40:55.226689 [INFO] evse_manager:Ev  ::                                     CAR ISO V2G AuthorizationReq
2026-08-05 10:40:55.329461 [INFO] evse_manager:Ev  :: EVSE ISO V2G AuthorizationRes
2026-08-05 10:40:55.413489 [INFO] evse_manager:Ev  ::                                     CAR ISO V2G AuthorizationReq
2026-08-05 10:40:55.509311 [INFO] evse_manager:Ev  :: EVSE ISO V2G AuthorizationRes
2026-08-05 10:40:55.528496 [INFO] evse_manager:Ev  ::                                     CAR ISO V2G AuthorizationReq
2026-08-05 10:40:55.625907 [INFO] evse_manager:Ev  :: EVSE ISO V2G AuthorizationRes
2026-08-05 10:40:55.663341 [INFO] evse_manager:Ev  ::                                     CAR ISO V2G AuthorizationReq
2026-08-05 10:40:55.785379 [INFO] evse_manager:Ev  :: EVSE ISO V2G AuthorizationRes
2026-08-05 10:40:55.829009 [INFO] evse_manager:Ev  ::                                     CAR ISO V2G AuthorizationReq
2026-08-05 10:40:55.927430 [INFO] evse_manager:Ev  :: EVSE ISO V2G AuthorizationRes
2026-08-05 10:40:56.009273 [INFO] evse_manager:Ev  ::                                     CAR ISO V2G AuthorizationReq
2026-08-05 10:40:56.078260 [INFO] evse_manager:Ev  :: EVSE ISO V2G AuthorizationRes
2026-08-05 10:40:56.129378 [INFO] evse_manager:Ev  ::                                     CAR ISO V2G AuthorizationReq
2026-08-05 10:40:56.227539 [INFO] evse_manager:Ev  :: EVSE ISO V2G AuthorizationRes
2026-08-05 10:40:56.285389 [INFO] evse_manager:Ev  ::                                     CAR ISO V2G AuthorizationReq
2026-08-05 10:40:56.413480 [INFO] evse_manager:Ev  :: EVSE ISO V2G AuthorizationRes
2026-08-05 10:40:56.428910 [INFO] evse_manager:Ev  ::                                     CAR ISO V2G AuthorizationReq
2026-08-05 10:40:56.561510 [INFO] evse_manager:Ev  :: EVSE ISO V2G AuthorizationRes
2026-08-05 10:40:56.605343 [INFO] evse_manager:Ev  ::                                     CAR ISO V2G AuthorizationReq
2026-08-05 10:40:56.677380 [INFO] evse_manager:Ev  :: EVSE ISO V2G AuthorizationRes
2026-08-05 10:40:56.728926 [INFO] evse_manager:Ev  ::                                     CAR ISO V2G AuthorizationReq
2026-08-05 10:40:56.829309 [INFO] evse_manager:Ev  :: EVSE ISO V2G AuthorizationRes
2026-08-05 10:40:56.864750 [INFO] evse_manager:Ev  ::                                     CAR ISO V2G AuthorizationReq
2026-08-05 10:40:56.962308 [INFO] evse_manager:Ev  :: EVSE ISO V2G AuthorizationRes
2026-08-05 10:40:57.014342 [INFO] evse_manager:Ev  ::                                     CAR ISO V2G AuthorizationReq
2026-08-05 10:40:57.113147 [INFO] evse_manager:Ev  :: EVSE ISO V2G AuthorizationRes
2026-08-05 10:40:57.163546 [INFO] evse_manager:Ev  ::                                     CAR ISO V2G AuthorizationReq
2026-08-05 10:40:57.289284 [INFO] evse_manager:Ev  :: EVSE ISO V2G AuthorizationRes
2026-08-05 10:40:57.313180 [INFO] evse_manager:Ev  ::                                     CAR ISO V2G AuthorizationReq
2026-08-05 10:40:57.413392 [INFO] evse_manager:Ev  :: EVSE ISO V2G AuthorizationRes
2026-08-05 10:40:57.517267 [INFO] evse_manager:Ev  ::                                     CAR ISO V2G AuthorizationReq
2026-08-05 10:40:57.577008 [INFO] evse_manager:Ev  :: EVSE ISO V2G AuthorizationRes
2026-08-05 10:40:57.613155 [INFO] evse_manager:Ev  ::                                     CAR ISO V2G AuthorizationReq
2026-08-05 10:40:57.745258 [INFO] evse_manager:Ev  :: EVSE ISO V2G AuthorizationRes
2026-08-05 10:40:57.789426 [INFO] evse_manager:Ev  ::                                     CAR ISO V2G AuthorizationReq
2026-08-05 10:40:57.861693 [INFO] evse_manager:Ev  :: EVSE ISO V2G AuthorizationRes
2026-08-05 10:40:57.929159 [INFO] evse_manager:Ev  ::                                     CAR ISO V2G AuthorizationReq
2026-08-05 10:40:58.027587 [INFO] evse_manager:Ev  :: EVSE ISO V2G AuthorizationRes
2026-08-05 10:40:58.063286 [INFO] evse_manager:Ev  ::                                     CAR ISO V2G AuthorizationReq
2026-08-05 10:40:58.162158 [INFO] evse_manager:Ev  :: EVSE ISO V2G AuthorizationRes
2026-08-05 10:40:58.229042 [INFO] evse_manager:Ev  ::                                     CAR ISO V2G AuthorizationReq
2026-08-05 10:40:58.333330 [INFO] evse_manager:Ev  :: EVSE ISO V2G AuthorizationRes
2026-08-05 10:40:58.421259 [INFO] evse_manager:Ev  ::                                     CAR ISO V2G AuthorizationReq
2026-08-05 10:40:58.521282 [INFO] evse_manager:Ev  :: EVSE ISO V2G AuthorizationRes
2026-08-05 10:40:58.528906 [INFO] evse_manager:Ev  ::                                     CAR ISO V2G AuthorizationReq
2026-08-05 10:40:58.627885 [INFO] evse_manager:Ev  :: EVSE ISO V2G AuthorizationRes
2026-08-05 10:40:58.679301 [INFO] evse_manager:Ev  ::                                     CAR ISO V2G AuthorizationReq
2026-08-05 10:40:58.797498 [INFO] evse_manager:Ev  :: EVSE ISO V2G AuthorizationRes
2026-08-05 10:40:58.841326 [INFO] evse_manager:Ev  ::                                     CAR ISO V2G AuthorizationReq
2026-08-05 10:40:58.911810 [INFO] evse_manager:Ev  :: EVSE ISO V2G AuthorizationRes
2026-08-05 10:40:58.978856 [INFO] evse_manager:Ev  ::                                     CAR ISO V2G AuthorizationReq
2026-08-05 10:40:59.077421 [INFO] evse_manager:Ev  :: EVSE ISO V2G AuthorizationRes
2026-08-05 10:40:59.129194 [INFO] evse_manager:Ev  ::                                     CAR ISO V2G AuthorizationReq
2026-08-05 10:40:59.227437 [INFO] evse_manager:Ev  :: EVSE ISO V2G AuthorizationRes
2026-08-05 10:40:59.289398 [INFO] evse_manager:Ev  ::                                     CAR ISO V2G AuthorizationReq
2026-08-05 10:40:59.421356 [INFO] evse_manager:Ev  :: EVSE ISO V2G AuthorizationRes

2026-08-05 10:40:59.427920 [ERRO] iso15118_charge void dlog_func(dloglevel_t, const char*, int, const char*, const char*, ...) :: Failed response code detected for message "Authorization", error: Response FAILED
2026-08-05 10:40:59.428860 [INFO] evse_manager:Ev  ::                                     CAR ISO V2G AuthorizationReq
2026-08-05 10:40:59.527410 [INFO] evse_manager:Ev  :: EVSE ISO V2G AuthorizationRes
2026-08-05 10:40:59.628862 [ERRO] iso15118_charge void {anonymous}::log_handler(openssl::log_level_t, const std::string&) :: SSL_read: 0 1
C036ED505A750000:error:0A000126:SSL routines::unexpected eof while reading:../ssl/record/rec_layer_s3.c:698:

2026-08-05 10:40:59.628995 [ERRO] iso15118_charge void dlog_func(dloglevel_t, const char*, int, const char*, const char*, ...) :: connection_read(header) failed: Success

2026-08-05 10:40:59.629130 [ERRO] iso15118_charge void dlog_func(dloglevel_t, const char*, int, const char*, const char*, ...) :: v2g_incoming_v2gtp() (previous message "Authorization") failed

2026-08-05 10:40:59.629169 [INFO] iso15118_charge  :: v2g_dispatch_connection exited with -1
2026-08-05 10:40:59.630285 [INFO] evse_manager:Ev  :: EVSE ISO D-LINK_ERROR.req
2026-08-05 10:40:59.677297 [INFO] evse_manager:Ev  :: EVSE ISO D-LINK_READY (false)
2026-08-05 10:40:59.677299 [INFO] evse_manager:Ev  :: EVSE ISO SLAC UNMATCHED
2026-08-05 10:40:59.698211 [INFO] evse_manager:Ev  :: EVSE IEC Charger state: Wait for Auth->T_step_X1
2026-08-05 10:40:59.698826 [INFO] evse_manager:Ev  :: EVSE IEC Enter T_step_X1
2026-08-05 10:40:59.699010 [INFO] evse_manager:Ev  :: EVSE IEC Set PWM Off
2026-08-05 10:41:02.744646 [INFO] evse_manager:Ev  :: EVSE IEC Exit T_step_X1
2026-08-05 10:41:02.744931 [INFO] evse_manager:Ev  :: EVSE IEC Set PWM Off
2026-08-05 10:41:02.790042 [INFO] evse_manager:Ev  :: EVSE IEC Charger state: T_step_X1->T_step_EF
2026-08-05 10:41:02.790628 [INFO] evse_manager:Ev  :: EVSE IEC Enter T_step_EF
2026-08-05 10:41:02.790723 [INFO] evse_manager:Ev  :: EVSE IEC Set PWM F
2026-08-05 10:41:03.285361 [INFO] evse_manager:Ev  ::                                     CAR IEC Event BCDtoEF
2026-08-05 10:41:06.889476 [INFO] evse_manager:Ev  :: EVSE IEC Pause in X1 for EV READY regulations
2026-08-05 10:41:06.889717 [INFO] evse_manager:Ev  :: EVSE IEC Set PWM Off
2026-08-05 10:41:07.582218 [INFO] evse_manager:Ev  :: EVSE IEC Exit T_step_EF
2026-08-05 10:41:07.582440 [INFO] evse_manager:Ev  :: EVSE IEC Set PWM Off
2026-08-05 10:41:07.625408 [INFO] evse_manager:Ev  :: EVSE IEC Charger state: T_step_EF->Wait for Auth
2026-08-05 10:41:08.169732 [INFO] evse_manager:Ev  :: EVSE IEC Set PWM On (5.0%) took 0 ms

2026-08-05 10:42:10.393771 [INFO] iso15118_charge  :: Incoming connection on eth0 from [a00:ca72:0:0:fe80::]:51826

2026-08-05 10:42:10.393998 [INFO] iso15118_charge  :: Started new TCP connection thread

2026-08-05 10:42:10.398798 [INFO] iso15118_charge  :: Handling SupportedAppProtocolReq

2026-08-05 10:42:10.399302 [INFO] iso15118_charge  :: Protocol negotiation was successful. Selected protocol is ISO15118
2026-08-05 10:42:10.405547 [INFO] evse_manager:Ev  ::                                     CAR ISO V2G SupportedAppProtocolReq

2026-08-05 10:42:10.463410 [INFO] iso15118_charge  :: SessionSetupReq.EVCCID: AB:CD:EF:01:02:03

2026-08-05 10:42:10.463500 [INFO] iso15118_charge  :: No session_id found or not equal to the id from the preceding v2g session. Generating random session id.

2026-08-05 10:42:10.463517 [INFO] iso15118_charge  :: Created new session with id 0xb577a7e6153d721f
2026-08-05 10:42:10.473475 [INFO] evse_manager:Ev  :: EVSE ISO V2G SupportedAppProtocolRes
2026-08-05 10:42:10.505633 [INFO] evse_manager:Ev  ::                                     CAR ISO V2G SessionSetupReq
2026-08-05 10:42:10.561867 [INFO] evse_manager:Ev  :: EVSE ISO V2G SessionSetupRes

2026-08-05 10:42:10.570234 [WARN] iso15118_charge void dlog_func(dloglevel_t, const char*, int, const char*, const char*, ...) :: PnC is not allowed without TLS-communication. Correcting value to '1' (ExternalPayment)
2026-08-05 10:42:10.571320 [INFO] evse_manager:Ev  ::                                     CAR ISO V2G ServiceDiscoveryReq
2026-08-05 10:42:10.669847 [INFO] evse_manager:Ev  :: EVSE ISO V2G ServiceDiscoveryRes

2026-08-05 10:42:10.674761 [INFO] iso15118_charge  :: SelectedPaymentOption: ExternalPayment
2026-08-05 10:42:10.675525 [INFO] evse_manager:Ev  ::                                     CAR ISO V2G PaymentServiceSelectionReq
2026-08-05 10:42:10.773301 [INFO] evse_manager:Ev  :: EVSE ISO V2G PaymentServiceSelectionRes
2026-08-05 10:42:10.817649 [INFO] evse_manager:Ev  ::                                     CAR ISO V2G AuthorizationReq
2026-08-05 10:42:10.909406 [INFO] evse_manager:Ev  :: EVSE ISO V2G AuthorizationRes
2026-08-05 10:42:10.917375 [INFO] evse_manager:Ev  ::                                     CAR ISO V2G AuthorizationReq
2026-08-05 10:42:11.015826 [INFO] evse_manager:Ev  :: EVSE ISO V2G AuthorizationRes
2026-08-05 10:42:11.083174 [INFO] evse_manager:Ev  ::                                     CAR ISO V2G AuthorizationReq
2026-08-05 10:42:11.181543 [INFO] evse_manager:Ev  :: EVSE ISO V2G AuthorizationRes
2026-08-05 10:42:11.233141 [INFO] evse_manager:Ev  ::                                     CAR ISO V2G AuthorizationReq
2026-08-05 10:42:11.357366 [INFO] evse_manager:Ev  :: EVSE ISO V2G AuthorizationRes
2026-08-05 10:42:11.405413 [INFO] evse_manager:Ev  ::                                     CAR ISO V2G AuthorizationReq
2026-08-05 10:42:11.473423 [INFO] evse_manager:Ev  :: EVSE ISO V2G AuthorizationRes
2026-08-05 10:42:11.533089 [INFO] evse_manager:Ev  ::                                     CAR ISO V2G AuthorizationReq
2026-08-05 10:42:11.631286 [INFO] evse_manager:Ev  :: EVSE ISO V2G AuthorizationRes
2026-08-05 10:42:11.683430 [INFO] evse_manager:Ev  ::                                     CAR ISO V2G AuthorizationReq
2026-08-05 10:42:11.781856 [INFO] evse_manager:Ev  :: EVSE ISO V2G AuthorizationRes
2026-08-05 10:42:11.861357 [INFO] evse_manager:Ev  ::                                     CAR ISO V2G AuthorizationReq
2026-08-05 10:42:11.973416 [INFO] evse_manager:Ev  :: EVSE ISO V2G AuthorizationRes
2026-08-05 10:42:11.984062 [INFO] evse_manager:Ev  ::                                     CAR ISO V2G AuthorizationReq
2026-08-05 10:42:12.082621 [INFO] evse_manager:Ev  :: EVSE ISO V2G AuthorizationRes
2026-08-05 10:42:12.133279 [INFO] evse_manager:Ev  ::                                     CAR ISO V2G AuthorizationReq
2026-08-05 10:42:12.231484 [INFO] evse_manager:Ev  :: EVSE ISO V2G AuthorizationRes
2026-08-05 10:42:12.281775 [INFO] evse_manager:Ev  ::                                     CAR ISO V2G AuthorizationReq
2026-08-05 10:42:12.409371 [INFO] evse_manager:Ev  :: EVSE ISO V2G AuthorizationRes
2026-08-05 10:42:12.473242 [INFO] evse_manager:Ev  ::                                     CAR ISO V2G AuthorizationReq
2026-08-05 10:42:12.531451 [INFO] evse_manager:Ev  :: EVSE ISO V2G AuthorizationRes
2026-08-05 10:42:12.582537 [INFO] evse_manager:Ev  ::                                     CAR ISO V2G AuthorizationReq
2026-08-05 10:42:12.679874 [INFO] evse_manager:Ev  :: EVSE ISO V2G AuthorizationRes
2026-08-05 10:42:12.733016 [INFO] evse_manager:Ev  ::                                     CAR ISO V2G AuthorizationReq
2026-08-05 10:42:12.865609 [INFO] evse_manager:Ev  :: EVSE ISO V2G AuthorizationRes
2026-08-05 10:42:12.867092 [INFO] evse_manager:Ev  ::                                     CAR ISO V2G AuthorizationReq
2026-08-05 10:42:13.005329 [INFO] evse_manager:Ev  :: EVSE ISO V2G AuthorizationRes
2026-08-05 10:42:13.049469 [INFO] evse_manager:Ev  ::                                     CAR ISO V2G AuthorizationReq
2026-08-05 10:42:13.124459 [INFO] evse_manager:Ev  :: EVSE ISO V2G AuthorizationRes
2026-08-05 10:42:13.180853 [INFO] evse_manager:Ev  ::                                     CAR ISO V2G AuthorizationReq
2026-08-05 10:42:13.279276 [INFO] evse_manager:Ev  :: EVSE ISO V2G AuthorizationRes
2026-08-05 10:42:13.365591 [INFO] evse_manager:Ev  ::                                     CAR ISO V2G AuthorizationReq
2026-08-05 10:42:13.481281 [INFO] evse_manager:Ev  :: EVSE ISO V2G AuthorizationRes
2026-08-05 10:42:13.491673 [INFO] evse_manager:Ev  ::                                     CAR ISO V2G AuthorizationReq
2026-08-05 10:42:13.590150 [INFO] evse_manager:Ev  :: EVSE ISO V2G AuthorizationRes
2026-08-05 10:42:13.646239 [INFO] evse_manager:Ev  ::                                     CAR ISO V2G AuthorizationReq
2026-08-05 10:42:13.744859 [INFO] evse_manager:Ev  :: EVSE ISO V2G AuthorizationRes
2026-08-05 10:42:13.800417 [INFO] evse_manager:Ev  ::                                     CAR ISO V2G AuthorizationReq
2026-08-05 10:42:13.913376 [INFO] evse_manager:Ev  :: EVSE ISO V2G AuthorizationRes
2026-08-05 10:42:13.955720 [INFO] evse_manager:Ev  ::                                     CAR ISO V2G AuthorizationReq
2026-08-05 10:42:14.054212 [INFO] evse_manager:Ev  :: EVSE ISO V2G AuthorizationRes
2026-08-05 10:42:14.145218 [INFO] evse_manager:Ev  ::                                     CAR ISO V2G AuthorizationReq
2026-08-05 10:42:14.207356 [INFO] evse_manager:Ev  :: EVSE ISO V2G AuthorizationRes
2026-08-05 10:42:14.263152 [INFO] evse_manager:Ev  ::                                     CAR ISO V2G AuthorizationReq
2026-08-05 10:42:14.373470 [INFO] evse_manager:Ev  :: EVSE ISO V2G AuthorizationRes
2026-08-05 10:42:14.418042 [INFO] evse_manager:Ev  ::                                     CAR ISO V2G AuthorizationReq
2026-08-05 10:42:14.516713 [INFO] evse_manager:Ev  :: EVSE ISO V2G AuthorizationRes
2026-08-05 10:42:14.573513 [INFO] evse_manager:Ev  ::                                     CAR ISO V2G AuthorizationReq
2026-08-05 10:42:14.670782 [INFO] evse_manager:Ev  :: EVSE ISO V2G AuthorizationRes
2026-08-05 10:42:14.728608 [INFO] evse_manager:Ev  ::                                     CAR ISO V2G AuthorizationReq
2026-08-05 10:42:14.873359 [INFO] evse_manager:Ev  :: EVSE ISO V2G AuthorizationRes
2026-08-05 10:42:14.881737 [INFO] evse_manager:Ev  ::                                     CAR ISO V2G AuthorizationReq
2026-08-05 10:42:14.980397 [INFO] evse_manager:Ev  :: EVSE ISO V2G AuthorizationRes
2026-08-05 10:42:15.032739 [INFO] evse_manager:Ev  ::                                     CAR ISO V2G AuthorizationReq
2026-08-05 10:42:15.131002 [INFO] evse_manager:Ev  :: EVSE ISO V2G AuthorizationRes
2026-08-05 10:42:15.197314 [INFO] evse_manager:Ev  ::                                     CAR ISO V2G AuthorizationReq
2026-08-05 10:42:15.281335 [INFO] evse_manager:Ev  :: EVSE ISO V2G AuthorizationRes
2026-08-05 10:42:15.369527 [INFO] evse_manager:Ev  ::                                     CAR ISO V2G AuthorizationReq
2026-08-05 10:42:15.431128 [INFO] evse_manager:Ev  :: EVSE ISO V2G AuthorizationRes
2026-08-05 10:42:15.483277 [INFO] evse_manager:Ev  ::                                     CAR ISO V2G AuthorizationReq
2026-08-05 10:42:15.581756 [INFO] evse_manager:Ev  :: EVSE ISO V2G AuthorizationRes
2026-08-05 10:42:15.634298 [INFO] evse_manager:Ev  ::                                     CAR ISO V2G AuthorizationReq
2026-08-05 10:42:15.732795 [INFO] evse_manager:Ev  :: EVSE ISO V2G AuthorizationRes
2026-08-05 10:42:15.784578 [INFO] evse_manager:Ev  ::                                     CAR ISO V2G AuthorizationReq
2026-08-05 10:42:15.913315 [INFO] evse_manager:Ev  :: EVSE ISO V2G AuthorizationRes
2026-08-05 10:42:15.933914 [INFO] evse_manager:Ev  ::                                     CAR ISO V2G AuthorizationReq
2026-08-05 10:42:16.032288 [INFO] evse_manager:Ev  :: EVSE ISO V2G AuthorizationRes
2026-08-05 10:42:16.083994 [INFO] evse_manager:Ev  ::                                     CAR ISO V2G AuthorizationReq
2026-08-05 10:42:16.182483 [INFO] evse_manager:Ev  :: EVSE ISO V2G AuthorizationRes
2026-08-05 10:42:16.293336 [INFO] evse_manager:Ev  ::                                     CAR ISO V2G AuthorizationReq
2026-08-05 10:42:16.369563 [INFO] evse_manager:Ev  :: EVSE ISO V2G AuthorizationRes
2026-08-05 10:42:16.413313 [INFO] evse_manager:Ev  ::                                     CAR ISO V2G AuthorizationReq
2026-08-05 10:42:16.498053 [INFO] evse_manager:Ev  :: EVSE ISO V2G AuthorizationRes
2026-08-05 10:42:16.549941 [INFO] evse_manager:Ev  ::                                     CAR ISO V2G AuthorizationReq
2026-08-05 10:42:16.648305 [INFO] evse_manager:Ev  :: EVSE ISO V2G AuthorizationRes
2026-08-05 10:42:16.699548 [INFO] evse_manager:Ev  ::                                     CAR ISO V2G AuthorizationReq
2026-08-05 10:42:16.796944 [INFO] evse_manager:Ev  :: EVSE ISO V2G AuthorizationRes
2026-08-05 10:42:16.869491 [INFO] evse_manager:Ev  ::                                     CAR ISO V2G AuthorizationReq
2026-08-05 10:42:16.946972 [INFO] evse_manager:Ev  :: EVSE ISO V2G AuthorizationRes
2026-08-05 10:42:17.009685 [INFO] evse_manager:Ev  ::                                     CAR ISO V2G AuthorizationReq
2026-08-05 10:42:17.108283 [INFO] evse_manager:Ev  :: EVSE ISO V2G AuthorizationRes
2026-08-05 10:42:17.162027 [INFO] evse_manager:Ev  ::                                     CAR ISO V2G AuthorizationReq
2026-08-05 10:42:17.260743 [INFO] evse_manager:Ev  :: EVSE ISO V2G AuthorizationRes
2026-08-05 10:42:17.349313 [INFO] evse_manager:Ev  ::                                     CAR ISO V2G AuthorizationReq
2026-08-05 10:42:17.441606 [INFO] evse_manager:Ev  :: EVSE ISO V2G AuthorizationRes
2026-08-05 10:42:17.485398 [INFO] evse_manager:Ev  ::                                     CAR ISO V2G AuthorizationReq
2026-08-05 10:42:17.571254 [INFO] evse_manager:Ev  :: EVSE ISO V2G AuthorizationRes
2026-08-05 10:42:17.627994 [INFO] evse_manager:Ev  ::                                     CAR ISO V2G AuthorizationReq
2026-08-05 10:42:17.726569 [INFO] evse_manager:Ev  :: EVSE ISO V2G AuthorizationRes
2026-08-05 10:42:17.783442 [INFO] evse_manager:Ev  ::                                     CAR ISO V2G AuthorizationReq
2026-08-05 10:42:17.917403 [INFO] evse_manager:Ev  :: EVSE ISO V2G AuthorizationRes
2026-08-05 10:42:17.938210 [INFO] evse_manager:Ev  ::                                     CAR ISO V2G AuthorizationReq
2026-08-05 10:42:18.036776 [INFO] evse_manager:Ev  :: EVSE ISO V2G AuthorizationRes
2026-08-05 10:42:18.092880 [INFO] evse_manager:Ev  ::                                     CAR ISO V2G AuthorizationReq
2026-08-05 10:42:18.191165 [INFO] evse_manager:Ev  :: EVSE ISO V2G AuthorizationRes
2026-08-05 10:42:18.247253 [INFO] evse_manager:Ev  ::                                     CAR ISO V2G AuthorizationReq
2026-08-05 10:42:18.373393 [INFO] evse_manager:Ev  :: EVSE ISO V2G AuthorizationRes
2026-08-05 10:42:18.417481 [INFO] evse_manager:Ev  ::                                     CAR ISO V2G AuthorizationReq
2026-08-05 10:42:18.525280 [INFO] evse_manager:Ev  :: EVSE ISO V2G AuthorizationRes
2026-08-05 10:42:18.552931 [INFO] evse_manager:Ev  ::                                     CAR ISO V2G AuthorizationReq
2026-08-05 10:42:18.651546 [INFO] evse_manager:Ev  :: EVSE ISO V2G AuthorizationRes
2026-08-05 10:42:18.707261 [INFO] evse_manager:Ev  ::                                     CAR ISO V2G AuthorizationReq
2026-08-05 10:42:18.805596 [INFO] evse_manager:Ev  :: EVSE ISO V2G AuthorizationRes
2026-08-05 10:42:18.873421 [INFO] evse_manager:Ev  ::                                     CAR ISO V2G AuthorizationReq
2026-08-05 10:42:18.960969 [INFO] evse_manager:Ev  :: EVSE ISO V2G AuthorizationRes
2026-08-05 10:42:19.000874 [INFO] evse_manager:Ev  ::                                     CAR ISO V2G AuthorizationReq
2026-08-05 10:42:19.099136 [INFO] evse_manager:Ev  :: EVSE ISO V2G AuthorizationRes
2026-08-05 10:42:19.166535 [INFO] evse_manager:Ev  ::                                     CAR ISO V2G AuthorizationReq
2026-08-05 10:42:19.264962 [INFO] evse_manager:Ev  :: EVSE ISO V2G AuthorizationRes
2026-08-05 10:42:19.316548 [INFO] evse_manager:Ev  ::                                     CAR ISO V2G AuthorizationReq
2026-08-05 10:42:19.421346 [INFO] evse_manager:Ev  :: EVSE ISO V2G AuthorizationRes
2026-08-05 10:42:19.485320 [INFO] evse_manager:Ev  ::                                     CAR ISO V2G AuthorizationReq
2026-08-05 10:42:19.577318 [INFO] evse_manager:Ev  :: EVSE ISO V2G AuthorizationRes
2026-08-05 10:42:19.625365 [INFO] evse_manager:Ev  ::                                     CAR ISO V2G AuthorizationReq
2026-08-05 10:42:19.714688 [INFO] evse_manager:Ev  :: EVSE ISO V2G AuthorizationRes
2026-08-05 10:42:19.766575 [INFO] evse_manager:Ev  ::                                     CAR ISO V2G AuthorizationReq
2026-08-05 10:42:19.873370 [INFO] evse_manager:Ev  :: EVSE ISO V2G AuthorizationRes
2026-08-05 10:42:19.917382 [INFO] evse_manager:Ev  ::                                     CAR ISO V2G AuthorizationReq
2026-08-05 10:42:19.999497 [INFO] evse_manager:Ev  :: EVSE ISO V2G AuthorizationRes
2026-08-05 10:42:20.066791 [INFO] evse_manager:Ev  ::                                     CAR ISO V2G AuthorizationReq
2026-08-05 10:42:20.164128 [INFO] evse_manager:Ev  :: EVSE ISO V2G AuthorizationRes
2026-08-05 10:42:20.216375 [INFO] evse_manager:Ev  ::                                     CAR ISO V2G AuthorizationReq
2026-08-05 10:42:20.314642 [INFO] evse_manager:Ev  :: EVSE ISO V2G AuthorizationRes
2026-08-05 10:42:20.373555 [INFO] evse_manager:Ev  ::                                     CAR ISO V2G AuthorizationReq
2026-08-05 10:42:20.481236 [INFO] evse_manager:Ev  :: EVSE ISO V2G AuthorizationRes
2026-08-05 10:42:20.501090 [INFO] evse_manager:Ev  ::                                     CAR ISO V2G AuthorizationReq
2026-08-05 10:42:20.599450 [INFO] evse_manager:Ev  :: EVSE ISO V2G AuthorizationRes
2026-08-05 10:42:20.677299 [INFO] evse_manager:Ev  ::                                     CAR ISO V2G AuthorizationReq
2026-08-05 10:42:20.765311 [INFO] evse_manager:Ev  :: EVSE ISO V2G AuthorizationRes
2026-08-05 10:42:20.799873 [INFO] evse_manager:Ev  ::                                     CAR ISO V2G AuthorizationReq
2026-08-05 10:42:20.917449 [INFO] evse_manager:Ev  :: EVSE ISO V2G AuthorizationRes
2026-08-05 10:42:20.950070 [INFO] evse_manager:Ev  ::                                     CAR ISO V2G AuthorizationReq
2026-08-05 10:42:21.048350 [INFO] evse_manager:Ev  :: EVSE ISO V2G AuthorizationRes
2026-08-05 10:42:21.105153 [INFO] evse_manager:Ev  ::                                     CAR ISO V2G AuthorizationReq
2026-08-05 10:42:21.203536 [INFO] evse_manager:Ev  :: EVSE ISO V2G AuthorizationRes
2026-08-05 10:42:21.259739 [INFO] evse_manager:Ev  ::                                     CAR ISO V2G AuthorizationReq
2026-08-05 10:42:21.377353 [INFO] evse_manager:Ev  :: EVSE ISO V2G AuthorizationRes
2026-08-05 10:42:21.421415 [INFO] evse_manager:Ev  ::                                     CAR ISO V2G AuthorizationReq
2026-08-05 10:42:21.513603 [INFO] evse_manager:Ev  :: EVSE ISO V2G AuthorizationRes
2026-08-05 10:42:21.569500 [INFO] evse_manager:Ev  ::                                     CAR ISO V2G AuthorizationReq
2026-08-05 10:42:21.667900 [INFO] evse_manager:Ev  :: EVSE ISO V2G AuthorizationRes
2026-08-05 10:42:21.723568 [INFO] evse_manager:Ev  ::                                     CAR ISO V2G AuthorizationReq
2026-08-05 10:42:21.825355 [INFO] evse_manager:Ev  :: EVSE ISO V2G AuthorizationRes
2026-08-05 10:42:21.925316 [INFO] evse_manager:Ev  ::                                     CAR ISO V2G AuthorizationReq
2026-08-05 10:42:21.978086 [INFO] evse_manager:Ev  :: EVSE ISO V2G AuthorizationRes
2026-08-05 10:42:22.037237 [INFO] evse_manager:Ev  ::                                     CAR ISO V2G AuthorizationReq
2026-08-05 10:42:22.135910 [INFO] evse_manager:Ev  :: EVSE ISO V2G AuthorizationRes
2026-08-05 10:42:22.192954 [INFO] evse_manager:Ev  ::                                     CAR ISO V2G AuthorizationReq
2026-08-05 10:42:22.291332 [INFO] evse_manager:Ev  :: EVSE ISO V2G AuthorizationRes
2026-08-05 10:42:22.377325 [INFO] evse_manager:Ev  ::                                     CAR ISO V2G AuthorizationReq
2026-08-05 10:42:22.481230 [INFO] evse_manager:Ev  :: EVSE ISO V2G AuthorizationRes
2026-08-05 10:42:22.502812 [INFO] evse_manager:Ev  ::                                     CAR ISO V2G AuthorizationReq
2026-08-05 10:42:22.600264 [INFO] evse_manager:Ev  :: EVSE ISO V2G AuthorizationRes
2026-08-05 10:42:22.655292 [INFO] evse_manager:Ev  ::                                     CAR ISO V2G AuthorizationReq
2026-08-05 10:42:22.753717 [INFO] evse_manager:Ev  :: EVSE ISO V2G AuthorizationRes
2026-08-05 10:42:22.811100 [INFO] evse_manager:Ev  ::                                     CAR ISO V2G AuthorizationReq
2026-08-05 10:42:22.925349 [INFO] evse_manager:Ev  :: EVSE ISO V2G AuthorizationRes
2026-08-05 10:42:22.969266 [INFO] evse_manager:Ev  ::                                     CAR ISO V2G AuthorizationReq
2026-08-05 10:42:23.065208 [INFO] evse_manager:Ev  :: EVSE ISO V2G AuthorizationRes
2026-08-05 10:42:23.122580 [INFO] evse_manager:Ev  ::                                     CAR ISO V2G AuthorizationReq
2026-08-05 10:42:23.221051 [INFO] evse_manager:Ev  :: EVSE ISO V2G AuthorizationRes
2026-08-05 10:42:23.277196 [INFO] evse_manager:Ev  ::                                     CAR ISO V2G AuthorizationReq
2026-08-05 10:42:23.377258 [INFO] evse_manager:Ev  :: EVSE ISO V2G AuthorizationRes
2026-08-05 10:42:23.432099 [INFO] evse_manager:Ev  ::                                     CAR ISO V2G AuthorizationReq
2026-08-05 10:42:23.530582 [INFO] evse_manager:Ev  :: EVSE ISO V2G AuthorizationRes
2026-08-05 10:42:23.588041 [INFO] evse_manager:Ev  ::                                     CAR ISO V2G AuthorizationReq
2026-08-05 10:42:23.686553 [INFO] evse_manager:Ev  :: EVSE ISO V2G AuthorizationRes
2026-08-05 10:42:23.742444 [INFO] evse_manager:Ev  ::                                     CAR ISO V2G AuthorizationReq
2026-08-05 10:42:23.877380 [INFO] evse_manager:Ev  :: EVSE ISO V2G AuthorizationRes
2026-08-05 10:42:23.921314 [INFO] evse_manager:Ev  ::                                     CAR ISO V2G AuthorizationReq
2026-08-05 10:42:24.021298 [INFO] evse_manager:Ev  :: EVSE ISO V2G AuthorizationRes
2026-08-05 10:42:24.051290 [INFO] evse_manager:Ev  ::                                     CAR ISO V2G AuthorizationReq
2026-08-05 10:42:24.149435 [INFO] evse_manager:Ev  :: EVSE ISO V2G AuthorizationRes
2026-08-05 10:42:24.206423 [INFO] evse_manager:Ev  ::                                     CAR ISO V2G AuthorizationReq
2026-08-05 10:42:24.304026 [INFO] evse_manager:Ev  :: EVSE ISO V2G AuthorizationRes
2026-08-05 10:42:24.381259 [INFO] evse_manager:Ev  ::                                     CAR ISO V2G AuthorizationReq
2026-08-05 10:42:24.485581 [INFO] evse_manager:Ev  :: EVSE ISO V2G AuthorizationRes
2026-08-05 10:42:24.515135 [INFO] evse_manager:Ev  ::                                     CAR ISO V2G AuthorizationReq
2026-08-05 10:42:24.613691 [INFO] evse_manager:Ev  :: EVSE ISO V2G AuthorizationRes
2026-08-05 10:42:24.670236 [INFO] evse_manager:Ev  ::                                     CAR ISO V2G AuthorizationReq
2026-08-05 10:42:24.769020 [INFO] evse_manager:Ev  :: EVSE ISO V2G AuthorizationRes
2026-08-05 10:42:24.823812 [INFO] evse_manager:Ev  ::                                     CAR ISO V2G AuthorizationReq
2026-08-05 10:42:24.922005 [INFO] evse_manager:Ev  :: EVSE ISO V2G AuthorizationRes
2026-08-05 10:42:24.980183 [INFO] evse_manager:Ev  ::                                     CAR ISO V2G AuthorizationReq
2026-08-05 10:42:25.117411 [INFO] evse_manager:Ev  :: EVSE ISO V2G AuthorizationRes
2026-08-05 10:42:25.136288 [INFO] evse_manager:Ev  ::                                     CAR ISO V2G AuthorizationReq
2026-08-05 10:42:25.234916 [INFO] evse_manager:Ev  :: EVSE ISO V2G AuthorizationRes
2026-08-05 10:42:25.290137 [INFO] evse_manager:Ev  ::                                     CAR ISO V2G AuthorizationReq
2026-08-05 10:42:25.429241 [INFO] evse_manager:Ev  :: EVSE ISO V2G AuthorizationRes
2026-08-05 10:42:25.489225 [INFO] evse_manager:Ev  ::                                     CAR ISO V2G AuthorizationReq
2026-08-05 10:42:25.541804 [INFO] evse_manager:Ev  :: EVSE ISO V2G AuthorizationRes
2026-08-05 10:42:25.597232 [INFO] evse_manager:Ev  ::                                     CAR ISO V2G AuthorizationReq
2026-08-05 10:42:25.695541 [INFO] evse_manager:Ev  :: EVSE ISO V2G AuthorizationRes
2026-08-05 10:42:25.750417 [INFO] evse_manager:Ev  ::                                     CAR ISO V2G AuthorizationReq
2026-08-05 10:42:25.885426 [INFO] evse_manager:Ev  :: EVSE ISO V2G AuthorizationRes
2026-08-05 10:42:25.929277 [INFO] evse_manager:Ev  ::                                     CAR ISO V2G AuthorizationReq
2026-08-05 10:42:26.002260 [INFO] evse_manager:Ev  :: EVSE ISO V2G AuthorizationRes
2026-08-05 10:42:26.057254 [INFO] evse_manager:Ev  ::                                     CAR ISO V2G AuthorizationReq
2026-08-05 10:42:26.169482 [INFO] evse_manager:Ev  :: EVSE ISO V2G AuthorizationRes
2026-08-05 10:42:26.213262 [INFO] evse_manager:Ev  ::                                     CAR ISO V2G AuthorizationReq
2026-08-05 10:42:26.308630 [INFO] evse_manager:Ev  :: EVSE ISO V2G AuthorizationRes
2026-08-05 10:42:26.381231 [INFO] evse_manager:Ev  ::                                     CAR ISO V2G AuthorizationReq
2026-08-05 10:42:26.485360 [INFO] evse_manager:Ev  :: EVSE ISO V2G AuthorizationRes
2026-08-05 10:42:26.520123 [INFO] evse_manager:Ev  ::                                     CAR ISO V2G AuthorizationReq
2026-08-05 10:42:26.618579 [INFO] evse_manager:Ev  :: EVSE ISO V2G AuthorizationRes
2026-08-05 10:42:26.674241 [INFO] evse_manager:Ev  ::                                     CAR ISO V2G AuthorizationReq
2026-08-05 10:42:26.772655 [INFO] evse_manager:Ev  :: EVSE ISO V2G AuthorizationRes
2026-08-05 10:42:26.828418 [INFO] evse_manager:Ev  ::                                     CAR ISO V2G AuthorizationReq
2026-08-05 10:42:26.929275 [INFO] evse_manager:Ev  :: EVSE ISO V2G AuthorizationRes
2026-08-05 10:42:26.983467 [INFO] evse_manager:Ev  ::                                     CAR ISO V2G AuthorizationReq
2026-08-05 10:42:27.080852 [INFO] evse_manager:Ev  :: EVSE ISO V2G AuthorizationRes
2026-08-05 10:42:27.134011 [INFO] evse_manager:Ev  ::                                     CAR ISO V2G AuthorizationReq
2026-08-05 10:42:27.265351 [INFO] evse_manager:Ev  :: EVSE ISO V2G AuthorizationRes
2026-08-05 10:42:27.309317 [INFO] evse_manager:Ev  ::                                     CAR ISO V2G AuthorizationReq
2026-08-05 10:42:27.425280 [INFO] evse_manager:Ev  :: EVSE ISO V2G AuthorizationRes
2026-08-05 10:42:27.425471 [INFO] evse_manager:Ev  ::                                     CAR ISO V2G AuthorizationReq
2026-08-05 10:42:27.518094 [INFO] evse_manager:Ev  :: EVSE ISO V2G AuthorizationRes
2026-08-05 10:42:27.570192 [INFO] evse_manager:Ev  ::                                     CAR ISO V2G AuthorizationReq
2026-08-05 10:42:27.668753 [INFO] evse_manager:Ev  :: EVSE ISO V2G AuthorizationRes
2026-08-05 10:42:27.719457 [INFO] evse_manager:Ev  ::                                     CAR ISO V2G AuthorizationReq
2026-08-05 10:42:27.817066 [INFO] evse_manager:Ev  :: EVSE ISO V2G AuthorizationRes
2026-08-05 10:42:27.881336 [INFO] evse_manager:Ev  ::                                     CAR ISO V2G AuthorizationReq
2026-08-05 10:42:27.967148 [INFO] evse_manager:Ev  :: EVSE ISO V2G AuthorizationRes
2026-08-05 10:42:28.019324 [INFO] evse_manager:Ev  ::                                     CAR ISO V2G AuthorizationReq
2026-08-05 10:42:28.117825 [INFO] evse_manager:Ev  :: EVSE ISO V2G AuthorizationRes
2026-08-05 10:42:28.168385 [INFO] evse_manager:Ev  ::                                     CAR ISO V2G AuthorizationReq
2026-08-05 10:42:28.266633 [INFO] evse_manager:Ev  :: EVSE ISO V2G AuthorizationRes
2026-08-05 10:42:28.317674 [INFO] evse_manager:Ev  ::                                     CAR ISO V2G AuthorizationReq
2026-08-05 10:42:28.415856 [INFO] evse_manager:Ev  :: EVSE ISO V2G AuthorizationRes
2026-08-05 10:42:28.485601 [INFO] evse_manager:Ev  ::                                     CAR ISO V2G AuthorizationReq
2026-08-05 10:42:28.565027 [INFO] evse_manager:Ev  :: EVSE ISO V2G AuthorizationRes
2026-08-05 10:42:28.616943 [INFO] evse_manager:Ev  ::                                     CAR ISO V2G AuthorizationReq
2026-08-05 10:42:28.715105 [INFO] evse_manager:Ev  :: EVSE ISO V2G AuthorizationRes
2026-08-05 10:42:28.766962 [INFO] evse_manager:Ev  ::                                     CAR ISO V2G AuthorizationReq
2026-08-05 10:42:28.881370 [INFO] evse_manager:Ev  :: EVSE ISO V2G AuthorizationRes
2026-08-05 10:42:28.941172 [INFO] evse_manager:Ev  ::                                     CAR ISO V2G AuthorizationReq
2026-08-05 10:42:29.015434 [INFO] evse_manager:Ev  :: EVSE ISO V2G AuthorizationRes
2026-08-05 10:42:29.075238 [INFO] evse_manager:Ev  ::                                     CAR ISO V2G AuthorizationReq
2026-08-05 10:42:29.173617 [INFO] evse_manager:Ev  :: EVSE ISO V2G AuthorizationRes
2026-08-05 10:42:29.231258 [INFO] evse_manager:Ev  ::                                     CAR ISO V2G AuthorizationReq
2026-08-05 10:42:29.329637 [INFO] evse_manager:Ev  :: EVSE ISO V2G AuthorizationRes
2026-08-05 10:42:29.385373 [INFO] evse_manager:Ev  ::                                     CAR ISO V2G AuthorizationReq
2026-08-05 10:42:29.489305 [INFO] evse_manager:Ev  :: EVSE ISO V2G AuthorizationRes
2026-08-05 10:42:29.538229 [INFO] evse_manager:Ev  ::                                     CAR ISO V2G AuthorizationReq
2026-08-05 10:42:29.636835 [INFO] evse_manager:Ev  :: EVSE ISO V2G AuthorizationRes
2026-08-05 10:42:29.692939 [INFO] evse_manager:Ev  ::                                     CAR ISO V2G AuthorizationReq
2026-08-05 10:42:29.791416 [INFO] evse_manager:Ev  :: EVSE ISO V2G AuthorizationRes
2026-08-05 10:42:29.885446 [INFO] evse_manager:Ev  ::                                     CAR ISO V2G AuthorizationReq
2026-08-05 10:42:29.946378 [INFO] evse_manager:Ev  :: EVSE ISO V2G AuthorizationRes
2026-08-05 10:42:30.004053 [INFO] evse_manager:Ev  ::                                     CAR ISO V2G AuthorizationReq
2026-08-05 10:42:30.102733 [INFO] evse_manager:Ev  :: EVSE ISO V2G AuthorizationRes
2026-08-05 10:42:30.159364 [INFO] evse_manager:Ev  ::                                     CAR ISO V2G AuthorizationReq
2026-08-05 10:42:30.257767 [INFO] evse_manager:Ev  :: EVSE ISO V2G AuthorizationRes
2026-08-05 10:42:30.314240 [INFO] evse_manager:Ev  ::                                     CAR ISO V2G AuthorizationReq
2026-08-05 10:42:30.433470 [INFO] evse_manager:Ev  :: EVSE ISO V2G AuthorizationRes
2026-08-05 10:42:30.489424 [INFO] evse_manager:Ev  ::                                     CAR ISO V2G AuthorizationReq
2026-08-05 10:42:30.585464 [INFO] evse_manager:Ev  :: EVSE ISO V2G AuthorizationRes
2026-08-05 10:42:30.625830 [INFO] evse_manager:Ev  ::                                     CAR ISO V2G AuthorizationReq
2026-08-05 10:42:30.724312 [INFO] evse_manager:Ev  :: EVSE ISO V2G AuthorizationRes
2026-08-05 10:42:30.780932 [INFO] evse_manager:Ev  ::                                     CAR ISO V2G AuthorizationReq
2026-08-05 10:42:30.889464 [INFO] evse_manager:Ev  :: EVSE ISO V2G AuthorizationRes
2026-08-05 10:42:30.945235 [INFO] evse_manager:Ev  ::                                     CAR ISO V2G AuthorizationReq
2026-08-05 10:42:31.033944 [INFO] evse_manager:Ev  :: EVSE ISO V2G AuthorizationRes
2026-08-05 10:42:31.092641 [INFO] evse_manager:Ev  ::                                     CAR ISO V2G AuthorizationReq
2026-08-05 10:42:31.189770 [INFO] evse_manager:Ev  :: EVSE ISO V2G AuthorizationRes
2026-08-05 10:42:31.248474 [INFO] evse_manager:Ev  ::                                     CAR ISO V2G AuthorizationReq
2026-08-05 10:42:31.385577 [INFO] evse_manager:Ev  :: EVSE ISO V2G AuthorizationRes
2026-08-05 10:42:31.403022 [INFO] evse_manager:Ev  ::                                     CAR ISO V2G AuthorizationReq
2026-08-05 10:42:31.501838 [INFO] evse_manager:Ev  :: EVSE ISO V2G AuthorizationRes
2026-08-05 10:42:31.559425 [INFO] evse_manager:Ev  ::                                     CAR ISO V2G AuthorizationReq
2026-08-05 10:42:31.681290 [INFO] evse_manager:Ev  :: EVSE ISO V2G AuthorizationRes
2026-08-05 10:42:31.713638 [INFO] evse_manager:Ev  ::                                     CAR ISO V2G AuthorizationReq
2026-08-05 10:42:31.812144 [INFO] evse_manager:Ev  :: EVSE ISO V2G AuthorizationRes
2026-08-05 10:42:31.889342 [INFO] evse_manager:Ev  ::                                     CAR ISO V2G AuthorizationReq
2026-08-05 10:42:31.963943 [INFO] evse_manager:Ev  :: EVSE ISO V2G AuthorizationRes
2026-08-05 10:42:32.020830 [INFO] evse_manager:Ev  ::                                     CAR ISO V2G AuthorizationReq
2026-08-05 10:42:32.118135 [INFO] evse_manager:Ev  :: EVSE ISO V2G AuthorizationRes
2026-08-05 10:42:32.177675 [INFO] evse_manager:Ev  ::                                     CAR ISO V2G AuthorizationReq
2026-08-05 10:42:32.276165 [INFO] evse_manager:Ev  :: EVSE ISO V2G AuthorizationRes
2026-08-05 10:42:32.333190 [INFO] evse_manager:Ev  ::                                     CAR ISO V2G AuthorizationReq
2026-08-05 10:42:32.431096 [INFO] evse_manager:Ev  :: EVSE ISO V2G AuthorizationRes
2026-08-05 10:42:32.489235 [INFO] evse_manager:Ev  ::                                     CAR ISO V2G AuthorizationReq
2026-08-05 10:42:32.584126 [INFO] evse_manager:Ev  :: EVSE ISO V2G AuthorizationRes
2026-08-05 10:42:32.641705 [INFO] evse_manager:Ev  ::                                     CAR ISO V2G AuthorizationReq
2026-08-05 10:42:32.777369 [INFO] evse_manager:Ev  :: EVSE ISO V2G AuthorizationRes
2026-08-05 10:42:32.799493 [INFO] evse_manager:Ev  ::                                     CAR ISO V2G AuthorizationReq
2026-08-05 10:42:32.933574 [INFO] evse_manager:Ev  :: EVSE ISO V2G AuthorizationRes
2026-08-05 10:42:32.951803 [INFO] evse_manager:Ev  ::                                     CAR ISO V2G AuthorizationReq
2026-08-05 10:42:33.049028 [INFO] evse_manager:Ev  :: EVSE ISO V2G AuthorizationRes
2026-08-05 10:42:33.084899 [INFO] evse_manager:Ev  ::                                     CAR ISO V2G AuthorizationReq
2026-08-05 10:42:33.183726 [INFO] evse_manager:Ev  :: EVSE ISO V2G AuthorizationRes
2026-08-05 10:42:33.233806 [INFO] evse_manager:Ev  ::                                     CAR ISO V2G AuthorizationReq
2026-08-05 10:42:33.332148 [INFO] evse_manager:Ev  :: EVSE ISO V2G AuthorizationRes
2026-08-05 10:42:33.389297 [INFO] evse_manager:Ev  ::                                     CAR ISO V2G AuthorizationReq
2026-08-05 10:42:33.465683 [INFO] evse_manager:Ev  :: EVSE ISO V2G AuthorizationRes
2026-08-05 10:42:33.517510 [INFO] evse_manager:Ev  ::                                     CAR ISO V2G AuthorizationReq
2026-08-05 10:42:33.615728 [INFO] evse_manager:Ev  :: EVSE ISO V2G AuthorizationRes
2026-08-05 10:42:33.667076 [INFO] evse_manager:Ev  ::                                     CAR ISO V2G AuthorizationReq
2026-08-05 10:42:33.765420 [INFO] evse_manager:Ev  :: EVSE ISO V2G AuthorizationRes
2026-08-05 10:42:33.829186 [INFO] evse_manager:Ev  ::                                     CAR ISO V2G AuthorizationReq
2026-08-05 10:42:33.917310 [INFO] evse_manager:Ev  :: EVSE ISO V2G AuthorizationRes
2026-08-05 10:42:33.961368 [INFO] evse_manager:Ev  ::                                     CAR ISO V2G AuthorizationReq
2026-08-05 10:42:34.048561 [INFO] evse_manager:Ev  :: EVSE ISO V2G AuthorizationRes
2026-08-05 10:42:34.101156 [INFO] evse_manager:Ev  ::                                     CAR ISO V2G AuthorizationReq
2026-08-05 10:42:34.199131 [INFO] evse_manager:Ev  :: EVSE ISO V2G AuthorizationRes
2026-08-05 10:42:34.250809 [INFO] evse_manager:Ev  ::                                     CAR ISO V2G AuthorizationReq
2026-08-05 10:42:34.393387 [INFO] evse_manager:Ev  :: EVSE ISO V2G AuthorizationRes
2026-08-05 10:42:34.393680 [INFO] evse_manager:Ev  ::                                     CAR ISO V2G AuthorizationReq
2026-08-05 10:42:34.483452 [INFO] evse_manager:Ev  :: EVSE ISO V2G AuthorizationRes
2026-08-05 10:42:34.535328 [INFO] evse_manager:Ev  ::                                     CAR ISO V2G AuthorizationReq
2026-08-05 10:42:34.633709 [INFO] evse_manager:Ev  :: EVSE ISO V2G AuthorizationRes
2026-08-05 10:42:34.700657 [INFO] evse_manager:Ev  ::                                     CAR ISO V2G AuthorizationReq
2026-08-05 10:42:34.799066 [INFO] evse_manager:Ev  :: EVSE ISO V2G AuthorizationRes
2026-08-05 10:42:34.889375 [INFO] evse_manager:Ev  ::                                     CAR ISO V2G AuthorizationReq
2026-08-05 10:42:34.977356 [INFO] evse_manager:Ev  :: EVSE ISO V2G AuthorizationRes
2026-08-05 10:42:34.996886 [INFO] evse_manager:Ev  ::                                     CAR ISO V2G AuthorizationReq
2026-08-05 10:42:35.095326 [INFO] evse_manager:Ev  :: EVSE ISO V2G AuthorizationRes
2026-08-05 10:42:35.150379 [INFO] evse_manager:Ev  ::                                     CAR ISO V2G AuthorizationReq
2026-08-05 10:42:35.248639 [INFO] evse_manager:Ev  :: EVSE ISO V2G AuthorizationRes
2026-08-05 10:42:35.307317 [INFO] evse_manager:Ev  ::                                     CAR ISO V2G AuthorizationReq
2026-08-05 10:42:35.437421 [INFO] evse_manager:Ev  :: EVSE ISO V2G AuthorizationRes
2026-08-05 10:42:35.493266 [INFO] evse_manager:Ev  ::                                     CAR ISO V2G AuthorizationReq
2026-08-05 10:42:35.559631 [INFO] evse_manager:Ev  :: EVSE ISO V2G AuthorizationRes
2026-08-05 10:42:35.614284 [INFO] evse_manager:Ev  ::                                     CAR ISO V2G AuthorizationReq
2026-08-05 10:42:35.712653 [INFO] evse_manager:Ev  :: EVSE ISO V2G AuthorizationRes
2026-08-05 10:42:35.770340 [INFO] evse_manager:Ev  ::                                     CAR ISO V2G AuthorizationReq
2026-08-05 10:42:35.889352 [INFO] evse_manager:Ev  :: EVSE ISO V2G AuthorizationRes
2026-08-05 10:42:35.965227 [INFO] evse_manager:Ev  ::                                     CAR ISO V2G AuthorizationReq
2026-08-05 10:42:36.029190 [INFO] evse_manager:Ev  :: EVSE ISO V2G AuthorizationRes
2026-08-05 10:42:36.117434 [INFO] evse_manager:Ev  ::                                     CAR ISO V2G AuthorizationReq
2026-08-05 10:42:36.174834 [INFO] evse_manager:Ev  :: EVSE ISO V2G AuthorizationRes
2026-08-05 10:42:36.235385 [INFO] evse_manager:Ev  ::                                     CAR ISO V2G AuthorizationReq
2026-08-05 10:42:36.333914 [INFO] evse_manager:Ev  :: EVSE ISO V2G AuthorizationRes
2026-08-05 10:42:36.437318 [INFO] evse_manager:Ev  ::                                     CAR ISO V2G AuthorizationReq
2026-08-05 10:42:36.497427 [INFO] evse_manager:Ev  :: EVSE ISO V2G AuthorizationRes
2026-08-05 10:42:36.545020 [INFO] evse_manager:Ev  ::                                     CAR ISO V2G AuthorizationReq
2026-08-05 10:42:36.643386 [INFO] evse_manager:Ev  :: EVSE ISO V2G AuthorizationRes
2026-08-05 10:42:36.701767 [INFO] evse_manager:Ev  ::                                     CAR ISO V2G AuthorizationReq
2026-08-05 10:42:36.799083 [INFO] evse_manager:Ev  :: EVSE ISO V2G AuthorizationRes
2026-08-05 10:42:36.889366 [INFO] evse_manager:Ev  ::                                     CAR ISO V2G AuthorizationReq
2026-08-05 10:42:36.977231 [INFO] evse_manager:Ev  :: EVSE ISO V2G AuthorizationRes
2026-08-05 10:42:37.017464 [INFO] evse_manager:Ev  ::                                     CAR ISO V2G AuthorizationReq
2026-08-05 10:42:37.125264 [INFO] evse_manager:Ev  :: EVSE ISO V2G AuthorizationRes
2026-08-05 10:42:37.169502 [INFO] evse_manager:Ev  ::                                     CAR ISO V2G AuthorizationReq
2026-08-05 10:42:37.265049 [INFO] evse_manager:Ev  :: EVSE ISO V2G AuthorizationRes
2026-08-05 10:42:37.317463 [INFO] evse_manager:Ev  ::                                     CAR ISO V2G AuthorizationReq
2026-08-05 10:42:37.433200 [INFO] evse_manager:Ev  :: EVSE ISO V2G AuthorizationRes
2026-08-05 10:42:37.493264 [INFO] evse_manager:Ev  ::                                     CAR ISO V2G AuthorizationReq
2026-08-05 10:42:37.551889 [INFO] evse_manager:Ev  :: EVSE ISO V2G AuthorizationRes
2026-08-05 10:42:37.617610 [INFO] evse_manager:Ev  ::                                     CAR ISO V2G AuthorizationReq
2026-08-05 10:42:37.714801 [INFO] evse_manager:Ev  :: EVSE ISO V2G AuthorizationRes
2026-08-05 10:42:37.767422 [INFO] evse_manager:Ev  ::                                     CAR ISO V2G AuthorizationReq
2026-08-05 10:42:37.893373 [INFO] evse_manager:Ev  :: EVSE ISO V2G AuthorizationRes
2026-08-05 10:42:37.917315 [INFO] evse_manager:Ev  ::                                     CAR ISO V2G AuthorizationReq
2026-08-05 10:42:38.014925 [INFO] evse_manager:Ev  :: EVSE ISO V2G AuthorizationRes
2026-08-05 10:42:38.067246 [INFO] evse_manager:Ev  ::                                     CAR ISO V2G AuthorizationReq
2026-08-05 10:42:38.165629 [INFO] evse_manager:Ev  :: EVSE ISO V2G AuthorizationRes
2026-08-05 10:42:38.221291 [INFO] evse_manager:Ev  ::                                     CAR ISO V2G AuthorizationReq
2026-08-05 10:42:38.315505 [INFO] evse_manager:Ev  :: EVSE ISO V2G AuthorizationRes
2026-08-05 10:42:38.393404 [INFO] evse_manager:Ev  ::                                     CAR ISO V2G AuthorizationReq
2026-08-05 10:42:38.450984 [INFO] evse_manager:Ev  :: EVSE ISO V2G AuthorizationRes
2026-08-05 10:42:38.501362 [INFO] evse_manager:Ev  ::                                     CAR ISO V2G AuthorizationReq
2026-08-05 10:42:38.599246 [INFO] evse_manager:Ev  :: EVSE ISO V2G AuthorizationRes
2026-08-05 10:42:38.650945 [INFO] evse_manager:Ev  ::                                     CAR ISO V2G AuthorizationReq
2026-08-05 10:42:38.749320 [INFO] evse_manager:Ev  :: EVSE ISO V2G AuthorizationRes
2026-08-05 10:42:38.800662 [INFO] evse_manager:Ev  ::                                     CAR ISO V2G AuthorizationReq
2026-08-05 10:42:38.937280 [INFO] evse_manager:Ev  :: EVSE ISO V2G AuthorizationRes
2026-08-05 10:42:38.985469 [INFO] evse_manager:Ev  ::                                     CAR ISO V2G AuthorizationReq
2026-08-05 10:42:39.049352 [INFO] evse_manager:Ev  :: EVSE ISO V2G AuthorizationRes
2026-08-05 10:42:39.104846 [INFO] evse_manager:Ev  ::                                     CAR ISO V2G AuthorizationReq
2026-08-05 10:42:39.203335 [INFO] evse_manager:Ev  :: EVSE ISO V2G AuthorizationRes
2026-08-05 10:42:39.256405 [INFO] evse_manager:Ev  ::                                     CAR ISO V2G AuthorizationReq
2026-08-05 10:42:39.361285 [INFO] evse_manager:Ev  :: EVSE ISO V2G AuthorizationRes
2026-08-05 10:42:39.411634 [INFO] evse_manager:Ev  ::                                     CAR ISO V2G AuthorizationReq
2026-08-05 10:42:39.510045 [INFO] evse_manager:Ev  :: EVSE ISO V2G AuthorizationRes
2026-08-05 10:42:39.565670 [INFO] evse_manager:Ev  ::                                     CAR ISO V2G AuthorizationReq
2026-08-05 10:42:39.664114 [INFO] evse_manager:Ev  :: EVSE ISO V2G AuthorizationRes
2026-08-05 10:42:39.721405 [INFO] evse_manager:Ev  ::                                     CAR ISO V2G AuthorizationReq
2026-08-05 10:42:39.819062 [INFO] evse_manager:Ev  :: EVSE ISO V2G AuthorizationRes
2026-08-05 10:42:39.897293 [INFO] evse_manager:Ev  ::                                     CAR ISO V2G AuthorizationReq
2026-08-05 10:42:39.989237 [INFO] evse_manager:Ev  :: EVSE ISO V2G AuthorizationRes
2026-08-05 10:42:40.031205 [INFO] evse_manager:Ev  ::                                     CAR ISO V2G AuthorizationReq
2026-08-05 10:42:40.129649 [INFO] evse_manager:Ev  :: EVSE ISO V2G AuthorizationRes
2026-08-05 10:42:40.187872 [INFO] evse_manager:Ev  ::                                     CAR ISO V2G AuthorizationReq
2026-08-05 10:42:40.286476 [INFO] evse_manager:Ev  :: EVSE ISO V2G AuthorizationRes
2026-08-05 10:42:40.342351 [INFO] evse_manager:Ev  ::                                     CAR ISO V2G AuthorizationReq
2026-08-05 10:42:40.493166 [INFO] evse_manager:Ev  :: EVSE ISO V2G AuthorizationRes
2026-08-05 10:42:40.496769 [INFO] evse_manager:Ev  ::                                     CAR ISO V2G AuthorizationReq
2026-08-05 10:42:40.595425 [INFO] evse_manager:Ev  :: EVSE ISO V2G AuthorizationRes
2026-08-05 10:42:40.651355 [INFO] evse_manager:Ev  ::                                     CAR ISO V2G AuthorizationReq
2026-08-05 10:42:40.749671 [INFO] evse_manager:Ev  :: EVSE ISO V2G AuthorizationRes
2026-08-05 10:42:40.806460 [INFO] evse_manager:Ev  ::                                     CAR ISO V2G AuthorizationReq
2026-08-05 10:42:40.941399 [INFO] evse_manager:Ev  :: EVSE ISO V2G AuthorizationRes
2026-08-05 10:42:40.993256 [INFO] evse_manager:Ev  ::                                     CAR ISO V2G AuthorizationReq
2026-08-05 10:42:41.057840 [INFO] evse_manager:Ev  :: EVSE ISO V2G AuthorizationRes
2026-08-05 10:42:41.114091 [INFO] evse_manager:Ev  ::                                     CAR ISO V2G AuthorizationReq
2026-08-05 10:42:41.212325 [INFO] evse_manager:Ev  :: EVSE ISO V2G AuthorizationRes
2026-08-05 10:42:41.267906 [INFO] evse_manager:Ev  ::                                     CAR ISO V2G AuthorizationReq
2026-08-05 10:42:41.401397 [INFO] evse_manager:Ev  :: EVSE ISO V2G AuthorizationRes
2026-08-05 10:42:41.422107 [INFO] evse_manager:Ev  ::                                     CAR ISO V2G AuthorizationReq
2026-08-05 10:42:41.541332 [INFO] evse_manager:Ev  :: EVSE ISO V2G AuthorizationRes
2026-08-05 10:42:41.576449 [INFO] evse_manager:Ev  ::                                     CAR ISO V2G AuthorizationReq
2026-08-05 10:42:41.673868 [INFO] evse_manager:Ev  :: EVSE ISO V2G AuthorizationRes
2026-08-05 10:42:41.731163 [INFO] evse_manager:Ev  ::                                     CAR ISO V2G AuthorizationReq
2026-08-05 10:42:41.829528 [INFO] evse_manager:Ev  :: EVSE ISO V2G AuthorizationRes
2026-08-05 10:42:41.897261 [INFO] evse_manager:Ev  ::                                     CAR ISO V2G AuthorizationReq
2026-08-05 10:42:41.993237 [INFO] evse_manager:Ev  :: EVSE ISO V2G AuthorizationRes
2026-08-05 10:42:42.043168 [INFO] evse_manager:Ev  ::                                     CAR ISO V2G AuthorizationReq
2026-08-05 10:42:42.141639 [INFO] evse_manager:Ev  :: EVSE ISO V2G AuthorizationRes
2026-08-05 10:42:42.200546 [INFO] evse_manager:Ev  ::                                     CAR ISO V2G AuthorizationReq
2026-08-05 10:42:42.297896 [INFO] evse_manager:Ev  :: EVSE ISO V2G AuthorizationRes
2026-08-05 10:42:42.397335 [INFO] evse_manager:Ev  ::                                     CAR ISO V2G AuthorizationReq
2026-08-05 10:42:42.453554 [INFO] evse_manager:Ev  :: EVSE ISO V2G AuthorizationRes
2026-08-05 10:42:42.511903 [INFO] evse_manager:Ev  ::                                     CAR ISO V2G AuthorizationReq
2026-08-05 10:42:42.637402 [INFO] evse_manager:Ev  :: EVSE ISO V2G AuthorizationRes
2026-08-05 10:42:42.666051 [INFO] evse_manager:Ev  ::                                     CAR ISO V2G AuthorizationReq
2026-08-05 10:42:42.764321 [INFO] evse_manager:Ev  :: EVSE ISO V2G AuthorizationRes
2026-08-05 10:42:42.820418 [INFO] evse_manager:Ev  ::                                     CAR ISO V2G AuthorizationReq
2026-08-05 10:42:42.941334 [INFO] evse_manager:Ev  :: EVSE ISO V2G AuthorizationRes
2026-08-05 10:42:42.997338 [INFO] evse_manager:Ev  ::                                     CAR ISO V2G AuthorizationReq
2026-08-05 10:42:43.073569 [INFO] evse_manager:Ev  :: EVSE ISO V2G AuthorizationRes
2026-08-05 10:42:43.130141 [INFO] evse_manager:Ev  ::                                     CAR ISO V2G AuthorizationReq
2026-08-05 10:42:43.228620 [INFO] evse_manager:Ev  :: EVSE ISO V2G AuthorizationRes
2026-08-05 10:42:43.285857 [INFO] evse_manager:Ev  ::                                     CAR ISO V2G AuthorizationReq
2026-08-05 10:42:43.397305 [INFO] evse_manager:Ev  :: EVSE ISO V2G AuthorizationRes
2026-08-05 10:42:43.439538 [INFO] evse_manager:Ev  ::                                     CAR ISO V2G AuthorizationReq
2026-08-05 10:42:43.545236 [INFO] evse_manager:Ev  :: EVSE ISO V2G AuthorizationRes
2026-08-05 10:42:43.596232 [INFO] evse_manager:Ev  ::                                     CAR ISO V2G AuthorizationReq
2026-08-05 10:42:43.733347 [INFO] evse_manager:Ev  :: EVSE ISO V2G AuthorizationRes
2026-08-05 10:42:43.752218 [INFO] evse_manager:Ev  ::                                     CAR ISO V2G AuthorizationReq
2026-08-05 10:42:43.850516 [INFO] evse_manager:Ev  :: EVSE ISO V2G AuthorizationRes
2026-08-05 10:42:43.941349 [INFO] evse_manager:Ev  ::                                     CAR ISO V2G AuthorizationReq
2026-08-05 10:42:44.005261 [INFO] evse_manager:Ev  :: EVSE ISO V2G AuthorizationRes
2026-08-05 10:42:44.060099 [INFO] evse_manager:Ev  ::                                     CAR ISO V2G AuthorizationReq
2026-08-05 10:42:44.158606 [INFO] evse_manager:Ev  :: EVSE ISO V2G AuthorizationRes
2026-08-05 10:42:44.215980 [INFO] evse_manager:Ev  ::                                     CAR ISO V2G AuthorizationReq
2026-08-05 10:42:44.314471 [INFO] evse_manager:Ev  :: EVSE ISO V2G AuthorizationRes
2026-08-05 10:42:44.401418 [INFO] evse_manager:Ev  ::                                     CAR ISO V2G AuthorizationReq
2026-08-05 10:42:44.501462 [INFO] evse_manager:Ev  :: EVSE ISO V2G AuthorizationRes
2026-08-05 10:42:44.545260 [INFO] evse_manager:Ev  ::                                     CAR ISO V2G AuthorizationReq
2026-08-05 10:42:44.625493 [INFO] evse_manager:Ev  :: EVSE ISO V2G AuthorizationRes
2026-08-05 10:42:44.681505 [INFO] evse_manager:Ev  ::                                     CAR ISO V2G AuthorizationReq
2026-08-05 10:42:44.789294 [INFO] evse_manager:Ev  :: EVSE ISO V2G AuthorizationRes
2026-08-05 10:42:44.837495 [INFO] evse_manager:Ev  ::                                     CAR ISO V2G AuthorizationReq
2026-08-05 10:42:44.945387 [INFO] evse_manager:Ev  :: EVSE ISO V2G AuthorizationRes
2026-08-05 10:42:45.009281 [INFO] evse_manager:Ev  ::                                     CAR ISO V2G AuthorizationReq
2026-08-05 10:42:45.084730 [INFO] evse_manager:Ev  :: EVSE ISO V2G AuthorizationRes
2026-08-05 10:42:45.134722 [INFO] evse_manager:Ev  ::                                     CAR ISO V2G AuthorizationReq
2026-08-05 10:42:45.231924 [INFO] evse_manager:Ev  :: EVSE ISO V2G AuthorizationRes
2026-08-05 10:42:45.283204 [INFO] evse_manager:Ev  ::                                     CAR ISO V2G AuthorizationReq
2026-08-05 10:42:45.401373 [INFO] evse_manager:Ev  :: EVSE ISO V2G AuthorizationRes
2026-08-05 10:42:45.434542 [INFO] evse_manager:Ev  ::                                     CAR ISO V2G AuthorizationReq
2026-08-05 10:42:45.541271 [INFO] evse_manager:Ev  :: EVSE ISO V2G AuthorizationRes
2026-08-05 10:42:45.584500 [INFO] evse_manager:Ev  ::                                     CAR ISO V2G AuthorizationReq
2026-08-05 10:42:45.682585 [INFO] evse_manager:Ev  :: EVSE ISO V2G AuthorizationRes
2026-08-05 10:42:45.734660 [INFO] evse_manager:Ev  ::                                     CAR ISO V2G AuthorizationReq
2026-08-05 10:42:45.841354 [INFO] evse_manager:Ev  :: EVSE ISO V2G AuthorizationRes
2026-08-05 10:42:45.885522 [INFO] evse_manager:Ev  ::                                     CAR ISO V2G AuthorizationReq
2026-08-05 10:42:45.977389 [INFO] evse_manager:Ev  :: EVSE ISO V2G AuthorizationRes
2026-08-05 10:42:46.021307 [INFO] evse_manager:Ev  ::                                     CAR ISO V2G AuthorizationReq
2026-08-05 10:42:46.116229 [INFO] evse_manager:Ev  :: EVSE ISO V2G AuthorizationRes
2026-08-05 10:42:46.168462 [INFO] evse_manager:Ev  ::                                     CAR ISO V2G AuthorizationReq
2026-08-05 10:42:46.266624 [INFO] evse_manager:Ev  :: EVSE ISO V2G AuthorizationRes
2026-08-05 10:42:46.317984 [INFO] evse_manager:Ev  ::                                     CAR ISO V2G AuthorizationReq
2026-08-05 10:42:46.445382 [INFO] evse_manager:Ev  :: EVSE ISO V2G AuthorizationRes
2026-08-05 10:42:46.452191 [INFO] evse_manager:Ev  ::                                     CAR ISO V2G AuthorizationReq
2026-08-05 10:42:46.550598 [INFO] evse_manager:Ev  :: EVSE ISO V2G AuthorizationRes
2026-08-05 10:42:46.602187 [INFO] evse_manager:Ev  ::                                     CAR ISO V2G AuthorizationReq
2026-08-05 10:42:46.700542 [INFO] evse_manager:Ev  :: EVSE ISO V2G AuthorizationRes
2026-08-05 10:42:46.752330 [INFO] evse_manager:Ev  ::                                     CAR ISO V2G AuthorizationReq
2026-08-05 10:42:46.850715 [INFO] evse_manager:Ev  :: EVSE ISO V2G AuthorizationRes
2026-08-05 10:42:46.901607 [INFO] evse_manager:Ev  ::                                     CAR ISO V2G AuthorizationReq
2026-08-05 10:42:47.021209 [INFO] evse_manager:Ev  :: EVSE ISO V2G AuthorizationRes
2026-08-05 10:42:47.060267 [INFO] evse_manager:Ev  ::                                     CAR ISO V2G AuthorizationReq
2026-08-05 10:42:47.158736 [INFO] evse_manager:Ev  :: EVSE ISO V2G AuthorizationRes
2026-08-05 10:42:47.217956 [INFO] evse_manager:Ev  ::                                     CAR ISO V2G AuthorizationReq
2026-08-05 10:42:47.316210 [INFO] evse_manager:Ev  :: EVSE ISO V2G AuthorizationRes
2026-08-05 10:42:47.401392 [INFO] evse_manager:Ev  ::                                     CAR ISO V2G AuthorizationReq
2026-08-05 10:42:47.501405 [INFO] evse_manager:Ev  :: EVSE ISO V2G AuthorizationRes
2026-08-05 10:42:47.545246 [INFO] evse_manager:Ev  ::                                     CAR ISO V2G AuthorizationReq
2026-08-05 10:42:47.627488 [INFO] evse_manager:Ev  :: EVSE ISO V2G AuthorizationRes
2026-08-05 10:42:47.682035 [INFO] evse_manager:Ev  ::                                     CAR ISO V2G AuthorizationReq
2026-08-05 10:42:47.780462 [INFO] evse_manager:Ev  :: EVSE ISO V2G AuthorizationRes
2026-08-05 10:42:47.837622 [INFO] evse_manager:Ev  ::                                     CAR ISO V2G AuthorizationReq
2026-08-05 10:42:47.945453 [INFO] evse_manager:Ev  :: EVSE ISO V2G AuthorizationRes
2026-08-05 10:42:47.997394 [INFO] evse_manager:Ev  ::                                     CAR ISO V2G AuthorizationReq
2026-08-05 10:42:48.090059 [INFO] evse_manager:Ev  :: EVSE ISO V2G AuthorizationRes
2026-08-05 10:42:48.146559 [INFO] evse_manager:Ev  ::                                     CAR ISO V2G AuthorizationReq
2026-08-05 10:42:48.245079 [INFO] evse_manager:Ev  :: EVSE ISO V2G AuthorizationRes
2026-08-05 10:42:48.301224 [INFO] evse_manager:Ev  ::                                     CAR ISO V2G AuthorizationReq
2026-08-05 10:42:48.401443 [INFO] evse_manager:Ev  :: EVSE ISO V2G AuthorizationRes
2026-08-05 10:42:48.456942 [INFO] evse_manager:Ev  ::                                     CAR ISO V2G AuthorizationReq
2026-08-05 10:42:48.555265 [INFO] evse_manager:Ev  :: EVSE ISO V2G AuthorizationRes
2026-08-05 10:42:48.611608 [INFO] evse_manager:Ev  ::                                     CAR ISO V2G AuthorizationReq
2026-08-05 10:42:48.709966 [INFO] evse_manager:Ev  :: EVSE ISO V2G AuthorizationRes
2026-08-05 10:42:48.767026 [INFO] evse_manager:Ev  ::                                     CAR ISO V2G AuthorizationReq
2026-08-05 10:42:48.901525 [INFO] evse_manager:Ev  :: EVSE ISO V2G AuthorizationRes
2026-08-05 10:42:48.921672 [INFO] evse_manager:Ev  ::                                     CAR ISO V2G AuthorizationReq
2026-08-05 10:42:49.025219 [INFO] evse_manager:Ev  :: EVSE ISO V2G AuthorizationRes
2026-08-05 10:42:49.113367 [INFO] evse_manager:Ev  ::                                     CAR ISO V2G AuthorizationReq
2026-08-05 10:42:49.176004 [INFO] evse_manager:Ev  :: EVSE ISO V2G AuthorizationRes
2026-08-05 10:42:49.232119 [INFO] evse_manager:Ev  ::                                     CAR ISO V2G AuthorizationReq
2026-08-05 10:42:49.330499 [INFO] evse_manager:Ev  :: EVSE ISO V2G AuthorizationRes
2026-08-05 10:42:49.405384 [INFO] evse_manager:Ev  ::                                     CAR ISO V2G AuthorizationReq
2026-08-05 10:42:49.501352 [INFO] evse_manager:Ev  :: EVSE ISO V2G AuthorizationRes
2026-08-05 10:42:49.549186 [INFO] evse_manager:Ev  ::                                     CAR ISO V2G AuthorizationReq
2026-08-05 10:42:49.639441 [INFO] evse_manager:Ev  :: EVSE ISO V2G AuthorizationRes
2026-08-05 10:42:49.695636 [INFO] evse_manager:Ev  ::                                     CAR ISO V2G AuthorizationReq
2026-08-05 10:42:49.793031 [INFO] evse_manager:Ev  :: EVSE ISO V2G AuthorizationRes
2026-08-05 10:42:49.849391 [INFO] evse_manager:Ev  ::                                     CAR ISO V2G AuthorizationReq
2026-08-05 10:42:49.949267 [INFO] evse_manager:Ev  :: EVSE ISO V2G AuthorizationRes
2026-08-05 10:42:50.033197 [INFO] evse_manager:Ev  ::                                     CAR ISO V2G AuthorizationReq
2026-08-05 10:42:50.103664 [INFO] evse_manager:Ev  :: EVSE ISO V2G AuthorizationRes
2026-08-05 10:42:50.165244 [INFO] evse_manager:Ev  ::                                     CAR ISO V2G AuthorizationReq
2026-08-05 10:42:50.289329 [INFO] evse_manager:Ev  :: EVSE ISO V2G AuthorizationRes
2026-08-05 10:42:50.314973 [INFO] evse_manager:Ev  ::                                     CAR ISO V2G AuthorizationReq
2026-08-05 10:42:50.453562 [INFO] evse_manager:Ev  :: EVSE ISO V2G AuthorizationRes
2026-08-05 10:42:50.501335 [INFO] evse_manager:Ev  ::                                     CAR ISO V2G AuthorizationReq
2026-08-05 10:42:50.566963 [INFO] evse_manager:Ev  :: EVSE ISO V2G AuthorizationRes
2026-08-05 10:42:50.625583 [INFO] evse_manager:Ev  ::                                     CAR ISO V2G AuthorizationReq
2026-08-05 10:42:50.722928 [INFO] evse_manager:Ev  :: EVSE ISO V2G AuthorizationRes
2026-08-05 10:42:50.779671 [INFO] evse_manager:Ev  ::                                     CAR ISO V2G AuthorizationReq
2026-08-05 10:42:50.905346 [INFO] evse_manager:Ev  :: EVSE ISO V2G AuthorizationRes
2026-08-05 10:42:50.933261 [INFO] evse_manager:Ev  ::                                     CAR ISO V2G AuthorizationReq
2026-08-05 10:42:51.037356 [INFO] evse_manager:Ev  :: EVSE ISO V2G AuthorizationRes
2026-08-05 10:42:51.090137 [INFO] evse_manager:Ev  ::                                     CAR ISO V2G AuthorizationReq
2026-08-05 10:42:51.188518 [INFO] evse_manager:Ev  :: EVSE ISO V2G AuthorizationRes
2026-08-05 10:42:51.246049 [INFO] evse_manager:Ev  ::                                     CAR ISO V2G AuthorizationReq
2026-08-05 10:42:51.385398 [INFO] evse_manager:Ev  :: EVSE ISO V2G AuthorizationRes
2026-08-05 10:42:51.429387 [INFO] evse_manager:Ev  ::                                     CAR ISO V2G AuthorizationReq
2026-08-05 10:42:51.505448 [INFO] evse_manager:Ev  :: EVSE ISO V2G AuthorizationRes
2026-08-05 10:42:51.555142 [INFO] evse_manager:Ev  ::                                     CAR ISO V2G AuthorizationReq
2026-08-05 10:42:51.653833 [INFO] evse_manager:Ev  :: EVSE ISO V2G AuthorizationRes
2026-08-05 10:42:51.709615 [INFO] evse_manager:Ev  ::                                     CAR ISO V2G AuthorizationReq
2026-08-05 10:42:51.806741 [INFO] evse_manager:Ev  :: EVSE ISO V2G AuthorizationRes
2026-08-05 10:42:51.862899 [INFO] evse_manager:Ev  ::                                     CAR ISO V2G AuthorizationReq
2026-08-05 10:42:51.961367 [INFO] evse_manager:Ev  :: EVSE ISO V2G AuthorizationRes
2026-08-05 10:42:52.041367 [INFO] evse_manager:Ev  ::                                     CAR ISO V2G AuthorizationReq
2026-08-05 10:42:52.117102 [INFO] evse_manager:Ev  :: EVSE ISO V2G AuthorizationRes
2026-08-05 10:42:52.176150 [INFO] evse_manager:Ev  ::                                     CAR ISO V2G AuthorizationReq
2026-08-05 10:42:52.274488 [INFO] evse_manager:Ev  :: EVSE ISO V2G AuthorizationRes
2026-08-05 10:42:52.331358 [INFO] evse_manager:Ev  ::                                     CAR ISO V2G AuthorizationReq
2026-08-05 10:42:52.441385 [INFO] evse_manager:Ev  :: EVSE ISO V2G AuthorizationRes
2026-08-05 10:42:52.505590 [INFO] evse_manager:Ev  ::                                     CAR ISO V2G AuthorizationReq
2026-08-05 10:42:52.581808 [INFO] evse_manager:Ev  :: EVSE ISO V2G AuthorizationRes
2026-08-05 10:42:52.638776 [INFO] evse_manager:Ev  ::                                     CAR ISO V2G AuthorizationReq
2026-08-05 10:42:52.737471 [INFO] evse_manager:Ev  :: EVSE ISO V2G AuthorizationRes
2026-08-05 10:42:52.793350 [INFO] evse_manager:Ev  ::                                     CAR ISO V2G AuthorizationReq
2026-08-05 10:42:52.909351 [INFO] evse_manager:Ev  :: EVSE ISO V2G AuthorizationRes
2026-08-05 10:42:52.948156 [INFO] evse_manager:Ev  ::                                     CAR ISO V2G AuthorizationReq
2026-08-05 10:42:53.046637 [INFO] evse_manager:Ev  :: EVSE ISO V2G AuthorizationRes
2026-08-05 10:42:53.102135 [INFO] evse_manager:Ev  ::                                     CAR ISO V2G AuthorizationReq
2026-08-05 10:42:53.200714 [INFO] evse_manager:Ev  :: EVSE ISO V2G AuthorizationRes
2026-08-05 10:42:53.252852 [INFO] evse_manager:Ev  ::                                     CAR ISO V2G AuthorizationReq
2026-08-05 10:42:53.351244 [INFO] evse_manager:Ev  :: EVSE ISO V2G AuthorizationRes
2026-08-05 10:42:53.453501 [INFO] evse_manager:Ev  ::                                     CAR ISO V2G AuthorizationReq
2026-08-05 10:42:53.549252 [INFO] evse_manager:Ev  :: EVSE ISO V2G AuthorizationRes
2026-08-05 10:42:53.593329 [INFO] evse_manager:Ev  ::                                     CAR ISO V2G AuthorizationReq
2026-08-05 10:42:53.665946 [INFO] evse_manager:Ev  :: EVSE ISO V2G AuthorizationRes
2026-08-05 10:42:53.702899 [INFO] evse_manager:Ev  ::                                     CAR ISO V2G AuthorizationReq
2026-08-05 10:42:53.801327 [INFO] evse_manager:Ev  :: EVSE ISO V2G AuthorizationRes
2026-08-05 10:42:53.851784 [INFO] evse_manager:Ev  ::                                     CAR ISO V2G AuthorizationReq
2026-08-05 10:42:53.949992 [INFO] evse_manager:Ev  :: EVSE ISO V2G AuthorizationRes
2026-08-05 10:42:53.986059 [INFO] evse_manager:Ev  ::                                     CAR ISO V2G AuthorizationReq
2026-08-05 10:42:54.084698 [INFO] evse_manager:Ev  :: EVSE ISO V2G AuthorizationRes
2026-08-05 10:42:54.135221 [INFO] evse_manager:Ev  ::                                     CAR ISO V2G AuthorizationReq
2026-08-05 10:42:54.233439 [INFO] evse_manager:Ev  :: EVSE ISO V2G AuthorizationRes
2026-08-05 10:42:54.283838 [INFO] evse_manager:Ev  ::                                     CAR ISO V2G AuthorizationReq
2026-08-05 10:42:54.409357 [INFO] evse_manager:Ev  :: EVSE ISO V2G AuthorizationRes
2026-08-05 10:42:54.453489 [INFO] evse_manager:Ev  ::                                     CAR ISO V2G AuthorizationReq
2026-08-05 10:42:54.553425 [INFO] evse_manager:Ev  :: EVSE ISO V2G AuthorizationRes
2026-08-05 10:42:54.601326 [INFO] evse_manager:Ev  ::                                     CAR ISO V2G AuthorizationReq
2026-08-05 10:42:54.667745 [INFO] evse_manager:Ev  :: EVSE ISO V2G AuthorizationRes
2026-08-05 10:42:54.718556 [INFO] evse_manager:Ev  ::                                     CAR ISO V2G AuthorizationReq
2026-08-05 10:42:54.815737 [INFO] evse_manager:Ev  :: EVSE ISO V2G AuthorizationRes
2026-08-05 10:42:54.909349 [INFO] evse_manager:Ev  ::                                     CAR ISO V2G AuthorizationReq
2026-08-05 10:42:54.966332 [INFO] evse_manager:Ev  :: EVSE ISO V2G AuthorizationRes
2026-08-05 10:42:55.057272 [INFO] evse_manager:Ev  ::                                     CAR ISO V2G AuthorizationReq
2026-08-05 10:42:55.127509 [INFO] evse_manager:Ev  :: EVSE ISO V2G AuthorizationRes
2026-08-05 10:42:55.184627 [INFO] evse_manager:Ev  ::                                     CAR ISO V2G AuthorizationReq
2026-08-05 10:42:55.283010 [INFO] evse_manager:Ev  :: EVSE ISO V2G AuthorizationRes
2026-08-05 10:42:55.339675 [INFO] evse_manager:Ev  ::                                     CAR ISO V2G AuthorizationReq
2026-08-05 10:42:55.457319 [INFO] evse_manager:Ev  :: EVSE ISO V2G AuthorizationRes
2026-08-05 10:42:55.505251 [INFO] evse_manager:Ev  ::                                     CAR ISO V2G AuthorizationReq
2026-08-05 10:42:55.592130 [INFO] evse_manager:Ev  :: EVSE ISO V2G AuthorizationRes
2026-08-05 10:42:55.657308 [INFO] evse_manager:Ev  ::                                     CAR ISO V2G AuthorizationReq
2026-08-05 10:42:55.748254 [INFO] evse_manager:Ev  :: EVSE ISO V2G AuthorizationRes
2026-08-05 10:42:55.803341 [INFO] evse_manager:Ev  ::                                     CAR ISO V2G AuthorizationReq
2026-08-05 10:42:55.913305 [INFO] evse_manager:Ev  :: EVSE ISO V2G AuthorizationRes
2026-08-05 10:42:55.958133 [INFO] evse_manager:Ev  ::                                     CAR ISO V2G AuthorizationReq
2026-08-05 10:42:56.061166 [INFO] evse_manager:Ev  :: EVSE ISO V2G AuthorizationRes
2026-08-05 10:42:56.112900 [INFO] evse_manager:Ev  ::                                     CAR ISO V2G AuthorizationReq
2026-08-05 10:42:56.211188 [INFO] evse_manager:Ev  :: EVSE ISO V2G AuthorizationRes
2026-08-05 10:42:56.267134 [INFO] evse_manager:Ev  ::                                     CAR ISO V2G AuthorizationReq
2026-08-05 10:42:56.365579 [INFO] evse_manager:Ev  :: EVSE ISO V2G AuthorizationRes
2026-08-05 10:42:56.457281 [INFO] evse_manager:Ev  ::                                     CAR ISO V2G AuthorizationReq
2026-08-05 10:42:56.519500 [INFO] evse_manager:Ev  :: EVSE ISO V2G AuthorizationRes
2026-08-05 10:42:56.576338 [INFO] evse_manager:Ev  ::                                     CAR ISO V2G AuthorizationReq
2026-08-05 10:42:56.709297 [INFO] evse_manager:Ev  :: EVSE ISO V2G AuthorizationRes
2026-08-05 10:42:56.753435 [INFO] evse_manager:Ev  ::                                     CAR ISO V2G AuthorizationReq
2026-08-05 10:42:56.830624 [INFO] evse_manager:Ev  :: EVSE ISO V2G AuthorizationRes
2026-08-05 10:42:56.913452 [INFO] evse_manager:Ev  ::                                     CAR ISO V2G AuthorizationReq
2026-08-05 10:42:56.986886 [INFO] evse_manager:Ev  :: EVSE ISO V2G AuthorizationRes
2026-08-05 10:42:57.065253 [INFO] evse_manager:Ev  ::                                     CAR ISO V2G AuthorizationReq
2026-08-05 10:42:57.141601 [INFO] evse_manager:Ev  :: EVSE ISO V2G AuthorizationRes
2026-08-05 10:42:57.198502 [INFO] evse_manager:Ev  ::                                     CAR ISO V2G AuthorizationReq
2026-08-05 10:42:57.295954 [INFO] evse_manager:Ev  :: EVSE ISO V2G AuthorizationRes
2026-08-05 10:42:57.351252 [INFO] evse_manager:Ev  ::                                     CAR ISO V2G AuthorizationReq
2026-08-05 10:42:57.461261 [INFO] evse_manager:Ev  :: EVSE ISO V2G AuthorizationRes
2026-08-05 10:42:57.509536 [INFO] evse_manager:Ev  ::                                     CAR ISO V2G AuthorizationReq
2026-08-05 10:42:57.606478 [INFO] evse_manager:Ev  :: EVSE ISO V2G AuthorizationRes
2026-08-05 10:42:57.662153 [INFO] evse_manager:Ev  ::                                     CAR ISO V2G AuthorizationReq
2026-08-05 10:42:57.760446 [INFO] evse_manager:Ev  :: EVSE ISO V2G AuthorizationRes
2026-08-05 10:42:57.849315 [INFO] evse_manager:Ev  ::                                     CAR ISO V2G AuthorizationReq
2026-08-05 10:42:57.917261 [INFO] evse_manager:Ev  :: EVSE ISO V2G AuthorizationRes
2026-08-05 10:42:57.970995 [INFO] evse_manager:Ev  ::                                     CAR ISO V2G AuthorizationReq
2026-08-05 10:42:58.069637 [INFO] evse_manager:Ev  :: EVSE ISO V2G AuthorizationRes
2026-08-05 10:42:58.125797 [INFO] evse_manager:Ev  ::                                     CAR ISO V2G AuthorizationReq
2026-08-05 10:42:58.224096 [INFO] evse_manager:Ev  :: EVSE ISO V2G AuthorizationRes
2026-08-05 10:42:58.281800 [INFO] evse_manager:Ev  ::                                     CAR ISO V2G AuthorizationReq
2026-08-05 10:42:58.421529 [INFO] evse_manager:Ev  :: EVSE ISO V2G AuthorizationRes
2026-08-05 10:42:58.437996 [INFO] evse_manager:Ev  ::                                     CAR ISO V2G AuthorizationReq
2026-08-05 10:42:58.573235 [INFO] evse_manager:Ev  :: EVSE ISO V2G AuthorizationRes
2026-08-05 10:42:58.592801 [INFO] evse_manager:Ev  ::                                     CAR ISO V2G AuthorizationReq
2026-08-05 10:42:58.691238 [INFO] evse_manager:Ev  :: EVSE ISO V2G AuthorizationRes
2026-08-05 10:42:58.745971 [INFO] evse_manager:Ev  ::                                     CAR ISO V2G AuthorizationReq
2026-08-05 10:42:58.844383 [INFO] evse_manager:Ev  :: EVSE ISO V2G AuthorizationRes
2026-08-05 10:42:58.905918 [INFO] evse_manager:Ev  ::                                     CAR ISO V2G AuthorizationReq
2026-08-05 10:42:58.997287 [INFO] evse_manager:Ev  :: EVSE ISO V2G AuthorizationRes
2026-08-05 10:42:59.073225 [INFO] evse_manager:Ev  ::                                     CAR ISO V2G AuthorizationReq
2026-08-05 10:42:59.134838 [INFO] evse_manager:Ev  :: EVSE ISO V2G AuthorizationRes
2026-08-05 10:42:59.185344 [INFO] evse_manager:Ev  ::                                     CAR ISO V2G AuthorizationReq
2026-08-05 10:42:59.283634 [INFO] evse_manager:Ev  :: EVSE ISO V2G AuthorizationRes
2026-08-05 10:42:59.335779 [INFO] evse_manager:Ev  ::                                     CAR ISO V2G AuthorizationReq
2026-08-05 10:42:59.461338 [INFO] evse_manager:Ev  :: EVSE ISO V2G AuthorizationRes
2026-08-05 10:42:59.509277 [INFO] evse_manager:Ev  ::                                     CAR ISO V2G AuthorizationReq
2026-08-05 10:42:59.581270 [INFO] evse_manager:Ev  :: EVSE ISO V2G AuthorizationRes
2026-08-05 10:42:59.613846 [INFO] evse_manager:Ev  ::                                     CAR ISO V2G AuthorizationReq
2026-08-05 10:42:59.712106 [INFO] evse_manager:Ev  :: EVSE ISO V2G AuthorizationRes
2026-08-05 10:42:59.753380 [INFO] evse_manager:Ev  ::                                     CAR ISO V2G AuthorizationReq
2026-08-05 10:42:59.851762 [INFO] evse_manager:Ev  :: EVSE ISO V2G AuthorizationRes
2026-08-05 10:42:59.913331 [INFO] evse_manager:Ev  ::                                     CAR ISO V2G AuthorizationReq
2026-08-05 10:43:00.001387 [INFO] evse_manager:Ev  :: EVSE ISO V2G AuthorizationRes
2026-08-05 10:43:00.089407 [INFO] evse_manager:Ev  ::                                     CAR ISO V2G AuthorizationReq
2026-08-05 10:43:00.151490 [INFO] evse_manager:Ev  :: EVSE ISO V2G AuthorizationRes
2026-08-05 10:43:00.202440 [INFO] evse_manager:Ev  ::                                     CAR ISO V2G AuthorizationReq
2026-08-05 10:43:00.299746 [INFO] evse_manager:Ev  :: EVSE ISO V2G AuthorizationRes
2026-08-05 10:43:00.351795 [INFO] evse_manager:Ev  ::                                     CAR ISO V2G AuthorizationReq
2026-08-05 10:43:00.461343 [INFO] evse_manager:Ev  :: EVSE ISO V2G AuthorizationRes
2026-08-05 10:43:00.509260 [INFO] evse_manager:Ev  ::                                     CAR ISO V2G AuthorizationReq
2026-08-05 10:43:00.600943 [INFO] evse_manager:Ev  :: EVSE ISO V2G AuthorizationRes
2026-08-05 10:43:00.653192 [INFO] evse_manager:Ev  ::                                     CAR ISO V2G AuthorizationReq
2026-08-05 10:43:00.751729 [INFO] evse_manager:Ev  :: EVSE ISO V2G AuthorizationRes
2026-08-05 10:43:00.810909 [INFO] evse_manager:Ev  ::                                     CAR ISO V2G AuthorizationReq
2026-08-05 10:43:00.917349 [INFO] evse_manager:Ev  :: EVSE ISO V2G AuthorizationRes
2026-08-05 10:43:00.966562 [INFO] evse_manager:Ev  ::                                     CAR ISO V2G AuthorizationReq
2026-08-05 10:43:01.081210 [INFO] evse_manager:Ev  :: EVSE ISO V2G AuthorizationRes
2026-08-05 10:43:01.125200 [INFO] evse_manager:Ev  ::                                     CAR ISO V2G AuthorizationReq
2026-08-05 10:43:01.220844 [INFO] evse_manager:Ev  :: EVSE ISO V2G AuthorizationRes
2026-08-05 10:43:01.275517 [INFO] evse_manager:Ev  ::                                     CAR ISO V2G AuthorizationReq
2026-08-05 10:43:01.372955 [INFO] evse_manager:Ev  :: EVSE ISO V2G AuthorizationRes
2026-08-05 10:43:01.461494 [INFO] evse_manager:Ev  ::                                     CAR ISO V2G AuthorizationReq
2026-08-05 10:43:01.528553 [INFO] evse_manager:Ev  :: EVSE ISO V2G AuthorizationRes
2026-08-05 10:43:01.585392 [INFO] evse_manager:Ev  ::                                     CAR ISO V2G AuthorizationReq
2026-08-05 10:43:01.681679 [INFO] evse_manager:Ev  :: EVSE ISO V2G AuthorizationRes
2026-08-05 10:43:01.737246 [INFO] evse_manager:Ev  ::                                     CAR ISO V2G AuthorizationReq
2026-08-05 10:43:01.835558 [INFO] evse_manager:Ev  :: EVSE ISO V2G AuthorizationRes
2026-08-05 10:43:01.917332 [INFO] evse_manager:Ev  ::                                     CAR ISO V2G AuthorizationReq
2026-08-05 10:43:01.990565 [INFO] evse_manager:Ev  :: EVSE ISO V2G AuthorizationRes
2026-08-05 10:43:02.085347 [INFO] evse_manager:Ev  ::                                     CAR ISO V2G AuthorizationReq
2026-08-05 10:43:02.145503 [INFO] evse_manager:Ev  :: EVSE ISO V2G AuthorizationRes
2026-08-05 10:43:02.221620 [INFO] evse_manager:Ev  ::                                     CAR ISO V2G AuthorizationReq
2026-08-05 10:43:02.309246 [INFO] evse_manager:Ev  :: EVSE ISO V2G AuthorizationRes
2026-08-05 10:43:02.359107 [INFO] evse_manager:Ev  ::                                     CAR ISO V2G AuthorizationReq
2026-08-05 10:43:02.461261 [INFO] evse_manager:Ev  :: EVSE ISO V2G AuthorizationRes
2026-08-05 10:43:02.513510 [INFO] evse_manager:Ev  ::                                     CAR ISO V2G AuthorizationReq
2026-08-05 10:43:02.610989 [INFO] evse_manager:Ev  :: EVSE ISO V2G AuthorizationRes
2026-08-05 10:43:02.669259 [INFO] evse_manager:Ev  ::                                     CAR ISO V2G AuthorizationReq
2026-08-05 10:43:02.767496 [INFO] evse_manager:Ev  :: EVSE ISO V2G AuthorizationRes
2026-08-05 10:43:02.823677 [INFO] evse_manager:Ev  ::                                     CAR ISO V2G AuthorizationReq
2026-08-05 10:43:02.965266 [INFO] evse_manager:Ev  :: EVSE ISO V2G AuthorizationRes
2026-08-05 10:43:02.985150 [INFO] evse_manager:Ev  ::                                     CAR ISO V2G AuthorizationReq
2026-08-05 10:43:03.089409 [INFO] evse_manager:Ev  :: EVSE ISO V2G AuthorizationRes
2026-08-05 10:43:03.120034 [INFO] evse_manager:Ev  ::                                     CAR ISO V2G AuthorizationReq
2026-08-05 10:43:03.218319 [INFO] evse_manager:Ev  :: EVSE ISO V2G AuthorizationRes
2026-08-05 10:43:03.268922 [INFO] evse_manager:Ev  ::                                     CAR ISO V2G AuthorizationReq
2026-08-05 10:43:03.405334 [INFO] evse_manager:Ev  :: EVSE ISO V2G AuthorizationRes
2026-08-05 10:43:03.449293 [INFO] evse_manager:Ev  ::                                     CAR ISO V2G AuthorizationReq
2026-08-05 10:43:03.517057 [INFO] evse_manager:Ev  :: EVSE ISO V2G AuthorizationRes
2026-08-05 10:43:03.593302 [INFO] evse_manager:Ev  ::                                     CAR ISO V2G AuthorizationReq
2026-08-05 10:43:03.651891 [INFO] evse_manager:Ev  :: EVSE ISO V2G AuthorizationRes
2026-08-05 10:43:03.703238 [INFO] evse_manager:Ev  ::                                     CAR ISO V2G AuthorizationReq
2026-08-05 10:43:03.801421 [INFO] evse_manager:Ev  :: EVSE ISO V2G AuthorizationRes
2026-08-05 10:43:03.853328 [INFO] evse_manager:Ev  ::                                     CAR ISO V2G AuthorizationReq
2026-08-05 10:43:03.961308 [INFO] evse_manager:Ev  :: EVSE ISO V2G AuthorizationRes
2026-08-05 10:43:04.002274 [INFO] evse_manager:Ev  ::                                     CAR ISO V2G AuthorizationReq
2026-08-05 10:43:04.100525 [INFO] evse_manager:Ev  :: EVSE ISO V2G AuthorizationRes
2026-08-05 10:43:04.152344 [INFO] evse_manager:Ev  ::                                     CAR ISO V2G AuthorizationReq
2026-08-05 10:43:04.250517 [INFO] evse_manager:Ev  :: EVSE ISO V2G AuthorizationRes
2026-08-05 10:43:04.302209 [INFO] evse_manager:Ev  ::                                     CAR ISO V2G AuthorizationReq
2026-08-05 10:43:04.413415 [INFO] evse_manager:Ev  :: EVSE ISO V2G AuthorizationRes
2026-08-05 10:43:04.457408 [INFO] evse_manager:Ev  ::                                     CAR ISO V2G AuthorizationReq
2026-08-05 10:43:04.550016 [INFO] evse_manager:Ev  :: EVSE ISO V2G AuthorizationRes
2026-08-05 10:43:04.597204 [INFO] evse_manager:Ev  ::                                     CAR ISO V2G AuthorizationReq
2026-08-05 10:43:04.685395 [INFO] evse_manager:Ev  :: EVSE ISO V2G AuthorizationRes
2026-08-05 10:43:04.736503 [INFO] evse_manager:Ev  ::                                     CAR ISO V2G AuthorizationReq
2026-08-05 10:43:04.833896 [INFO] evse_manager:Ev  :: EVSE ISO V2G AuthorizationRes
2026-08-05 10:43:04.921461 [INFO] evse_manager:Ev  ::                                     CAR ISO V2G AuthorizationReq
2026-08-05 10:43:04.982861 [INFO] evse_manager:Ev  :: EVSE ISO V2G AuthorizationRes
2026-08-05 10:43:05.045222 [INFO] evse_manager:Ev  ::                                     CAR ISO V2G AuthorizationReq
2026-08-05 10:43:05.143600 [INFO] evse_manager:Ev  :: EVSE ISO V2G AuthorizationRes
2026-08-05 10:43:05.198035 [INFO] evse_manager:Ev  ::                                     CAR ISO V2G AuthorizationReq
2026-08-05 10:43:05.296534 [INFO] evse_manager:Ev  :: EVSE ISO V2G AuthorizationRes
2026-08-05 10:43:05.353576 [INFO] evse_manager:Ev  ::                                     CAR ISO V2G AuthorizationReq
2026-08-05 10:43:05.465205 [INFO] evse_manager:Ev  :: EVSE ISO V2G AuthorizationRes
2026-08-05 10:43:05.513172 [INFO] evse_manager:Ev  ::                                     CAR ISO V2G AuthorizationReq
2026-08-05 10:43:05.645227 [INFO] evse_manager:Ev  :: EVSE ISO V2G AuthorizationRes
2026-08-05 10:43:05.660212 [INFO] evse_manager:Ev  ::                                     CAR ISO V2G AuthorizationReq
2026-08-05 10:43:05.758557 [INFO] evse_manager:Ev  :: EVSE ISO V2G AuthorizationRes
2026-08-05 10:43:05.813728 [INFO] evse_manager:Ev  ::                                     CAR ISO V2G AuthorizationReq
2026-08-05 10:43:05.921613 [INFO] evse_manager:Ev  :: EVSE ISO V2G AuthorizationRes
2026-08-05 10:43:05.969980 [INFO] evse_manager:Ev  ::                                     CAR ISO V2G AuthorizationReq
2026-08-05 10:43:06.105336 [INFO] evse_manager:Ev  :: EVSE ISO V2G AuthorizationRes
2026-08-05 10:43:06.123216 [INFO] evse_manager:Ev  ::                                     CAR ISO V2G AuthorizationReq
2026-08-05 10:43:06.221808 [INFO] evse_manager:Ev  :: EVSE ISO V2G AuthorizationRes
2026-08-05 10:43:06.279542 [INFO] evse_manager:Ev  ::                                     CAR ISO V2G AuthorizationReq
2026-08-05 10:43:06.377008 [INFO] evse_manager:Ev  :: EVSE ISO V2G AuthorizationRes
2026-08-05 10:43:06.469346 [INFO] evse_manager:Ev  ::                                     CAR ISO V2G AuthorizationReq
2026-08-05 10:43:06.533479 [INFO] evse_manager:Ev  :: EVSE ISO V2G AuthorizationRes
2026-08-05 10:43:06.605295 [INFO] evse_manager:Ev  ::                                     CAR ISO V2G AuthorizationReq
2026-08-05 10:43:06.697284 [INFO] evse_manager:Ev  :: EVSE ISO V2G AuthorizationRes
2026-08-05 10:43:06.742186 [INFO] evse_manager:Ev  ::                                     CAR ISO V2G AuthorizationReq
2026-08-05 10:43:06.840754 [INFO] evse_manager:Ev  :: EVSE ISO V2G AuthorizationRes
2026-08-05 10:43:06.921382 [INFO] evse_manager:Ev  ::                                     CAR ISO V2G AuthorizationReq
2026-08-05 10:43:06.994418 [INFO] evse_manager:Ev  :: EVSE ISO V2G AuthorizationRes
2026-08-05 10:43:07.036818 [INFO] evse_manager:Ev  ::                                     CAR ISO V2G AuthorizationReq
2026-08-05 10:43:07.135136 [INFO] evse_manager:Ev  :: EVSE ISO V2G AuthorizationRes
2026-08-05 10:43:07.186028 [INFO] evse_manager:Ev  ::                                     CAR ISO V2G AuthorizationReq
2026-08-05 10:43:07.284340 [INFO] evse_manager:Ev  :: EVSE ISO V2G AuthorizationRes
2026-08-05 10:43:07.336244 [INFO] evse_manager:Ev  ::                                     CAR ISO V2G AuthorizationReq
2026-08-05 10:43:07.469426 [INFO] evse_manager:Ev  :: EVSE ISO V2G AuthorizationRes
2026-08-05 10:43:07.513291 [INFO] evse_manager:Ev  ::                                     CAR ISO V2G AuthorizationReq
2026-08-05 10:43:07.613258 [INFO] evse_manager:Ev  :: EVSE ISO V2G AuthorizationRes
2026-08-05 10:43:07.635966 [INFO] evse_manager:Ev  ::                                     CAR ISO V2G AuthorizationReq
2026-08-05 10:43:07.749276 [INFO] evse_manager:Ev  :: EVSE ISO V2G AuthorizationRes
2026-08-05 10:43:07.793287 [INFO] evse_manager:Ev  ::                                     CAR ISO V2G AuthorizationReq
2026-08-05 10:43:07.921416 [INFO] evse_manager:Ev  :: EVSE ISO V2G AuthorizationRes
2026-08-05 10:43:07.935757 [INFO] evse_manager:Ev  ::                                     CAR ISO V2G AuthorizationReq
2026-08-05 10:43:08.034030 [INFO] evse_manager:Ev  :: EVSE ISO V2G AuthorizationRes
2026-08-05 10:43:08.113363 [INFO] evse_manager:Ev  ::                                     CAR ISO V2G AuthorizationReq
2026-08-05 10:43:08.184400 [INFO] evse_manager:Ev  :: EVSE ISO V2G AuthorizationRes
2026-08-05 10:43:08.235845 [INFO] evse_manager:Ev  ::                                     CAR ISO V2G AuthorizationReq
2026-08-05 10:43:08.333105 [INFO] evse_manager:Ev  :: EVSE ISO V2G AuthorizationRes
2026-08-05 10:43:08.421476 [INFO] evse_manager:Ev  ::                                     CAR ISO V2G AuthorizationReq
2026-08-05 10:43:08.513245 [INFO] evse_manager:Ev  :: EVSE ISO V2G AuthorizationRes
2026-08-05 10:43:08.535754 [INFO] evse_manager:Ev  ::                                     CAR ISO V2G AuthorizationReq
2026-08-05 10:43:08.633113 [INFO] evse_manager:Ev  :: EVSE ISO V2G AuthorizationRes
2026-08-05 10:43:08.685868 [INFO] evse_manager:Ev  ::                                     CAR ISO V2G AuthorizationReq
2026-08-05 10:43:08.783053 [INFO] evse_manager:Ev  :: EVSE ISO V2G AuthorizationRes
2026-08-05 10:43:08.845211 [INFO] evse_manager:Ev  ::                                     CAR ISO V2G AuthorizationReq
2026-08-05 10:43:08.949365 [INFO] evse_manager:Ev  :: EVSE ISO V2G AuthorizationRes
2026-08-05 10:43:08.983085 [INFO] evse_manager:Ev  ::                                     CAR ISO V2G AuthorizationReq
2026-08-05 10:43:09.117270 [INFO] evse_manager:Ev  :: EVSE ISO V2G AuthorizationRes
2026-08-05 10:43:09.139070 [INFO] evse_manager:Ev  ::                                     CAR ISO V2G AuthorizationReq
2026-08-05 10:43:09.237808 [INFO] evse_manager:Ev  :: EVSE ISO V2G AuthorizationRes
2026-08-05 10:43:09.294159 [INFO] evse_manager:Ev  ::                                     CAR ISO V2G AuthorizationReq
2026-08-05 10:43:09.425367 [INFO] evse_manager:Ev  :: EVSE ISO V2G AuthorizationRes
2026-08-05 10:43:09.447555 [INFO] evse_manager:Ev  ::                                     CAR ISO V2G AuthorizationReq
2026-08-05 10:43:09.546082 [INFO] evse_manager:Ev  :: EVSE ISO V2G AuthorizationRes
2026-08-05 10:43:09.617290 [INFO] evse_manager:Ev  ::                                     CAR ISO V2G AuthorizationReq
2026-08-05 10:43:09.701817 [INFO] evse_manager:Ev  :: EVSE ISO V2G AuthorizationRes
2026-08-05 10:43:09.758321 [INFO] evse_manager:Ev  ::                                     CAR ISO V2G AuthorizationReq
2026-08-05 10:43:09.856765 [INFO] evse_manager:Ev  :: EVSE ISO V2G AuthorizationRes
2026-08-05 10:43:09.929420 [INFO] evse_manager:Ev  ::                                     CAR ISO V2G AuthorizationReq
2026-08-05 10:43:10.017208 [INFO] evse_manager:Ev  :: EVSE ISO V2G AuthorizationRes
2026-08-05 10:43:10.068491 [INFO] evse_manager:Ev  ::                                     CAR ISO V2G AuthorizationReq
2026-08-05 10:43:10.165955 [INFO] evse_manager:Ev  :: EVSE ISO V2G AuthorizationRes
2026-08-05 10:43:10.223900 [INFO] evse_manager:Ev  ::                                     CAR ISO V2G AuthorizationReq
2026-08-05 10:43:10.322239 [INFO] evse_manager:Ev  :: EVSE ISO V2G AuthorizationRes
2026-08-05 10:43:10.379299 [INFO] evse_manager:Ev  ::                                     CAR ISO V2G AuthorizationReq
2026-08-05 10:43:10.517208 [INFO] evse_manager:Ev  :: EVSE ISO V2G AuthorizationRes
2026-08-05 10:43:10.531578 [INFO] evse_manager:Ev  ::                                     CAR ISO V2G AuthorizationReq
2026-08-05 10:43:10.628925 [INFO] evse_manager:Ev  :: EVSE ISO V2G AuthorizationRes
2026-08-05 10:43:10.687892 [INFO] evse_manager:Ev  ::                                     CAR ISO V2G AuthorizationReq
2026-08-05 10:43:10.786246 [INFO] evse_manager:Ev  :: EVSE ISO V2G AuthorizationRes

2026-08-05 10:43:10.844385 [ERRO] iso15118_charge void dlog_func(dloglevel_t, const char*, int, const char*, const char*, ...) :: Timeout waiting for next request or peer closed connection

2026-08-05 10:43:10.844547 [INFO] iso15118_charge  :: v2g_handle_connection exited with -1

2026-08-05 10:43:10.844595 [INFO] iso15118_charge  :: Closing TCP connection

2026-08-05 10:43:12.844873 [INFO] iso15118_charge  :: TCP connection closed gracefully
2026-08-05 10:43:12.845736 [INFO] evse_manager:Ev  :: EVSE ISO D-LINK_ERROR.req
2026-08-05 10:43:12.860316 [INFO] evse_manager:Ev  :: EVSE IEC Charger state: Wait for Auth->T_step_X1
2026-08-05 10:43:12.860900 [INFO] evse_manager:Ev  :: EVSE IEC Enter T_step_X1
2026-08-05 10:43:12.861096 [INFO] evse_manager:Ev  :: EVSE IEC Set PWM Off
2026-08-05 10:43:15.908790 [INFO] evse_manager:Ev  :: EVSE IEC Exit T_step_X1
2026-08-05 10:43:15.909015 [INFO] evse_manager:Ev  :: EVSE IEC Set PWM Off
2026-08-05 10:43:15.953396 [INFO] evse_manager:Ev  :: EVSE IEC Charger state: T_step_X1->T_step_EF
2026-08-05 10:43:15.953756 [INFO] evse_manager:Ev  :: EVSE IEC Enter T_step_EF
2026-08-05 10:43:15.953823 [INFO] evse_manager:Ev  :: EVSE IEC Set PWM F
2026-08-05 10:43:16.477379 [INFO] evse_manager:Ev  ::                                     CAR IEC Event BCDtoEF
2026-08-05 10:43:19.981462 [INFO] evse_manager:Ev  :: EVSE IEC Pause in X1 for EV READY regulations
2026-08-05 10:43:19.981700 [INFO] evse_manager:Ev  :: EVSE IEC Set PWM Off
2026-08-05 10:43:20.727412 [INFO] evse_manager:Ev  :: EVSE IEC Exit T_step_EF
2026-08-05 10:43:20.727635 [INFO] evse_manager:Ev  :: EVSE IEC Set PWM Off
2026-08-05 10:43:20.769243 [INFO] evse_manager:Ev  :: EVSE IEC Charger state: T_step_EF->Wait for Auth
2026-08-05 10:43:21.317721 [INFO] evse_manager:Ev  :: EVSE IEC Set PWM On (5.0%) took 0 ms
