[2026-08-15 14:21:17,749] INFO (physical_interface): 61851 state set to A.
[2026-08-15 14:21:17,750] INFO (start_evse): Starting EVSE.
[2026-08-15 14:21:17,750] INFO (physical_interface): Duty cycle set to 100.
[2026-08-15 14:21:17,750] INFO (start_evse): Waiting for EV to plug.
[2026-08-15 14:21:17,750] INFO (physical_interface): 61851 state set to B.
[2026-08-15 14:21:18,752] INFO (udp_server): Starting UDP server.
[2026-08-15 14:21:18,757] INFO (udp_server): Waiting for discovery request...
[2026-08-15 14:21:18,757] INFO (tcp_server): Starting TCP server.
[2026-08-15 14:21:36,187] INFO (tcp_server): Connection made. Starting new communication session.
[2026-08-15 14:21:36,189] INFO (tcp_server): Sent notification.
[2026-08-15 14:21:36,196] INFO (tcp_server): Received request from ('fd00:edf::1', 49968, 0, 0).
[2026-08-15 14:21:36,196] INFO (message_handling): Message is valid.
[2026-08-15 14:21:36,196] DEBUG (tcp_server): Received EXI msg to be decoded: 8000F3AB9371D34B9B79D39BA321D34B9B79D 189A98989C1D1699181D22218010000040040 (tcp_server.py:84)
[2026-08-15 14:21:36,196] INFO (tcp_server): Payload type: 0x8001
[2026-08-15 14:21:36,197] INFO (message_handling): Supported App Protocol message to be decoded
[2026-08-15 14:21:36,237] DEBUG (tcp_server): Message successfully decoded (tcp_server.py:96)
[2026-08-15 14:21:36,237] DEBUG (tcp_server): XML message received: <?xml version="1.0" encoding="UTF-8"?><s0:supportedAppProtocolReq xmlns:s0="urn:iso:15118:2:2010:AppProtocol" xmlns:xsi="http://www.w3.org/2001/XMLSchema-instance" xmlns:xsd="http://www.w3.org/2001/XMLSchema"><AppProtocol><ProtocolNamespace>urn:iso:std:iso:15118:-20:DC</ProtocolNamespace><VersionNumberMajor>1</VersionNumberMajor><VersionNumberMinor>0</VersionNumberMinor><SchemaID>1</SchemaID><Priority>1</Priority></AppProtocol></s0:supportedAppProtocolReq> (tcp_server.py:97)
[2026-08-15 14:21:36,260] INFO (tcp_server): Received SupportedAppProtocolReq.
[2026-08-15 14:21:36,261] DEBUG (tcp_server): XML message to be sent: <?xml version="1.0" encoding="UTF-8"?>
<ns0:supportedAppProtocolRes xmlns:ns0="urn:iso:15118:2:2010:AppProtocol">
  <ResponseCode>OK_SuccessfulNegotiation</ResponseCode>
  <SchemaID>1</SchemaID>
</ns0:supportedAppProtocolRes>
 (tcp_server.py:124)
[2026-08-15 14:21:36,261] DEBUG (tcp_server): Encoding process start (tcp_server.py:125)
[2026-08-15 14:21:36,261] INFO (message_handling): Supported App Protocol message to be encoded
[2026-08-15 14:21:36,261] INFO (message_handling): Message is valid against Schema XSD
[2026-08-15 14:21:36,268] DEBUG (tcp_server): Encoded EXI message: 8040 0040 (tcp_server.py:134)
[2026-08-15 14:21:36,283] INFO (tcp_server): Received request from ('fd00:edf::1', 49968, 0, 0).
[2026-08-15 14:21:36,284] INFO (message_handling): Message is valid.
[2026-08-15 14:21:36,284] DEBUG (tcp_server): Received EXI msg to be decoded: 808C0400000000000000000F0 EB81D40620422AB21A1981880 (tcp_server.py:84)
[2026-08-15 14:21:36,284] INFO (tcp_server): Payload type: 0x8002
[2026-08-15 14:21:36,284] INFO (message_handling): Common message to be decoded
[2026-08-15 14:21:36,286] DEBUG (tcp_server): Message successfully decoded (tcp_server.py:96)
[2026-08-15 14:21:36,286] DEBUG (tcp_server): XML message received: <?xml version="1.0" encoding="UTF-8"?><s1:SessionSetupReq xmlns:s1="urn:iso:std:iso:15118:-20:CommonMessages" xmlns:xsi="http://www.w3.org/2001/XMLSchema-instance" xmlns:xsd="http://www.w3.org/2001/XMLSchema" xmlns:s0="http://www.w3.org/2000/09/xmldsig#" xmlns:s2="urn:iso:std:iso:15118:-20:CommonTypes"><s2:Header><s2:SessionID>0000000000000000</s2:SessionID><s2:TimeStamp>1786803696</s2:TimeStamp></s2:Header><s1:EVCCID>EVCC01</s1:EVCCID></s1:SessionSetupReq> (tcp_server.py:97)
[2026-08-15 14:21:36,287] INFO (tcp_server): Received SessionSetupReq.
[2026-08-15 14:21:36,289] DEBUG (tcp_server): XML message to be sent: <?xml version="1.0" encoding="UTF-8"?>
<ns0:SessionSetupRes xmlns:ns0="urn:iso:std:iso:15118:-20:CommonMessages">
  <ns1:Header xmlns:ns1="urn:iso:std:iso:15118:-20:CommonTypes">
    <ns1:SessionID>3530343735323631</ns1:SessionID>
    <ns1:TimeStamp>1786803696</ns1:TimeStamp>
  </ns1:Header>
  <ns1:ResponseCode xmlns:ns1="urn:iso:std:iso:15118:-20:CommonTypes">OK_NewSessionEstablished</ns1:ResponseCode>
  <ns0:EVSEID>ZZ000000</ns0:EVSEID>
</ns0:SessionSetupRes>
 (tcp_server.py:124)
[2026-08-15 14:21:36,289] DEBUG (tcp_server): Encoding process start (tcp_server.py:125)
[2026-08-15 14:21:36,289] INFO (message_handling): Common message to be encoded
[2026-08-15 14:21:36,289] INFO (message_handling): Message is valid against Schema XSD
[2026-08-15 14:21:36,291] DEBUG (tcp_server): Encoded EXI message: 8090041A981A1B9A991B188F0EB8 1D4062040296968C0C0C0C0C0C00 (tcp_server.py:134)
[2026-08-15 14:21:36,303] INFO (tcp_server): Received request from ('fd00:edf::1', 49968, 0, 0).
[2026-08-15 14:21:36,304] INFO (message_handling): Message is valid.
[2026-08-15 14:21:36,304] DEBUG (tcp_server): Received EXI msg to be decoded: 8008041A981A1B9A9 91B188F0EB81D4062 (tcp_server.py:84)
[2026-08-15 14:21:36,304] INFO (tcp_server): Payload type: 0x8002
[2026-08-15 14:21:36,304] INFO (message_handling): Common message to be decoded
[2026-08-15 14:21:36,304] DEBUG (tcp_server): Message successfully decoded (tcp_server.py:96)
[2026-08-15 14:21:36,304] DEBUG (tcp_server): XML message received: <?xml version="1.0" encoding="UTF-8"?><s1:AuthorizationSetupReq xmlns:s1="urn:iso:std:iso:15118:-20:CommonMessages" xmlns:xsi="http://www.w3.org/2001/XMLSchema-instance" xmlns:xsd="http://www.w3.org/2001/XMLSchema" xmlns:s0="http://www.w3.org/2000/09/xmldsig#" xmlns:s2="urn:iso:std:iso:15118:-20:CommonTypes"><s2:Header><s2:SessionID>3530343735323631</s2:SessionID><s2:TimeStamp>1786803696</s2:TimeStamp></s2:Header></s1:AuthorizationSetupReq> (tcp_server.py:97)
[2026-08-15 14:21:36,305] INFO (tcp_server): Received AuthorizationSetupReq.
[2026-08-15 14:21:36,306] DEBUG (tcp_server): XML message to be sent: <?xml version="1.0" encoding="UTF-8"?>
<ns0:AuthorizationSetupRes xmlns:ns0="urn:iso:std:iso:15118:-20:CommonMessages">
  <ns1:Header xmlns:ns1="urn:iso:std:iso:15118:-20:CommonTypes">
    <ns1:SessionID>3530343735323631</ns1:SessionID>
    <ns1:TimeStamp>1786803696</ns1:TimeStamp>
  </ns1:Header>
  <ns1:ResponseCode xmlns:ns1="urn:iso:std:iso:15118:-20:CommonTypes">OK</ns1:ResponseCode>
  <ns0:AuthorizationServices>EIM</ns0:AuthorizationServices>
  <ns0:CertificateInstallationService>false</ns0:CertificateInstallationService>
  <ns0:EIM_ASResAuthorizationMode/>
</ns0:AuthorizationSetupRes>
 (tcp_server.py:124)
[2026-08-15 14:21:36,306] DEBUG (tcp_server): Encoding process start (tcp_server.py:125)
[2026-08-15 14:21:36,306] INFO (message_handling): Common message to be encoded
[2026-08-15 14:21:36,306] INFO (message_handling): Message is valid against Schema XSD
[2026-08-15 14:21:36,307] DEBUG (tcp_server): Encoded EXI message: 800C041A981A1B9A991B 188F0EB81D4062000400 (tcp_server.py:134)
[2026-08-15 14:21:36,313] INFO (tcp_server): Received request from ('fd00:edf::1', 49968, 0, 0).
[2026-08-15 14:21:36,313] INFO (message_handling): Message is valid.
[2026-08-15 14:21:36,313] DEBUG (tcp_server): Received EXI msg to be decoded: 8000041A981A1B9A99 1B188F0EB81D406200 (tcp_server.py:84)
[2026-08-15 14:21:36,313] INFO (tcp_server): Payload type: 0x8002
[2026-08-15 14:21:36,313] INFO (message_handling): Common message to be decoded
[2026-08-15 14:21:36,314] DEBUG (tcp_server): Message successfully decoded (tcp_server.py:96)
[2026-08-15 14:21:36,314] DEBUG (tcp_server): XML message received: <?xml version="1.0" encoding="UTF-8"?><s1:AuthorizationReq xmlns:s1="urn:iso:std:iso:15118:-20:CommonMessages" xmlns:xsi="http://www.w3.org/2001/XMLSchema-instance" xmlns:xsd="http://www.w3.org/2001/XMLSchema" xmlns:s0="http://www.w3.org/2000/09/xmldsig#" xmlns:s2="urn:iso:std:iso:15118:-20:CommonTypes"><s2:Header><s2:SessionID>3530343735323631</s2:SessionID><s2:TimeStamp>1786803696</s2:TimeStamp></s2:Header><s1:SelectedAuthorizationService>EIM</s1:SelectedAuthorizationService><s1:EIM_AReqAuthorizationMode/></s1:AuthorizationReq> (tcp_server.py:97)
[2026-08-15 14:21:36,315] INFO (tcp_server): Received AuthorizationReq.
[2026-08-15 14:21:36,315] DEBUG (tcp_server): XML message to be sent: <?xml version="1.0" encoding="UTF-8"?>
<ns0:AuthorizationRes xmlns:ns0="urn:iso:std:iso:15118:-20:CommonMessages">
  <ns1:Header xmlns:ns1="urn:iso:std:iso:15118:-20:CommonTypes">
    <ns1:SessionID>3530343735323631</ns1:SessionID>
    <ns1:TimeStamp>1786803696</ns1:TimeStamp>
  </ns1:Header>
  <ns1:ResponseCode xmlns:ns1="urn:iso:std:iso:15118:-20:CommonTypes">OK</ns1:ResponseCode>
  <ns0:EVSEProcessing>Finished</ns0:EVSEProcessing>
</ns0:AuthorizationRes>
 (tcp_server.py:124)
[2026-08-15 14:21:36,315] DEBUG (tcp_server): Encoding process start (tcp_server.py:125)
[2026-08-15 14:21:36,315] INFO (message_handling): Common message to be encoded
[2026-08-15 14:21:36,315] INFO (message_handling): Message is valid against Schema XSD
[2026-08-15 14:21:36,316] DEBUG (tcp_server): Encoded EXI message: 8004041A981A1B9A991 B188F0EB81D40620000 (tcp_server.py:134)
[2026-08-15 14:21:36,318] INFO (tcp_server): Received request from ('fd00:edf::1', 49968, 0, 0).
[2026-08-15 14:21:36,318] INFO (message_handling): Message is valid.
[2026-08-15 14:21:36,318] DEBUG (tcp_server): Received EXI msg to be decoded: 807C041A981A1B9A99 1B188F0EB81D406280 (tcp_server.py:84)
[2026-08-15 14:21:36,318] INFO (tcp_server): Payload type: 0x8002
[2026-08-15 14:21:36,318] INFO (message_handling): Common message to be decoded
[2026-08-15 14:21:36,319] DEBUG (tcp_server): Message successfully decoded (tcp_server.py:96)
[2026-08-15 14:21:36,319] DEBUG (tcp_server): XML message received: <?xml version="1.0" encoding="UTF-8"?><s1:ServiceDiscoveryReq xmlns:s1="urn:iso:std:iso:15118:-20:CommonMessages" xmlns:xsi="http://www.w3.org/2001/XMLSchema-instance" xmlns:xsd="http://www.w3.org/2001/XMLSchema" xmlns:s0="http://www.w3.org/2000/09/xmldsig#" xmlns:s2="urn:iso:std:iso:15118:-20:CommonTypes"><s2:Header><s2:SessionID>3530343735323631</s2:SessionID><s2:TimeStamp>1786803696</s2:TimeStamp></s2:Header></s1:ServiceDiscoveryReq> (tcp_server.py:97)
[2026-08-15 14:21:36,319] INFO (tcp_server): Received ServiceDiscoveryReq.
Fatal error: protocol.data_received() call failed.
protocol: <secc.tcp_server.TCPServerProtocol object at 0x7d653cae8820>
transport: <_SelectorSocketTransport fd=22 read=polling write=<idle, bufsize=0>>
Traceback (most recent call last):
  File "/usr/local/lib/python3.8/asyncio/selector_events.py", line 862, in _read_ready__data_received
    self._protocol.data_received(data)
  File "/app/secc/../secc/tcp_server.py", line 60, in data_received
    self.process_incoming_message(packet)
  File "/app/secc/../secc/tcp_server.py", line 112, in process_incoming_message
    reaction = self.session.get_state(self.session.state).process_payload(xml_object)
  File "/app/secc/../secc/states/process_service_discovery_request.py", line 31, in process_payload
    if 6 in payload.supported_service_ids.service_id:
AttributeError: 'NoneType' object has no attribute 'service_id'
[2026-08-15 14:21:36,320] ERROR (tcp_server): 'NoneType' object has no attribute 'service_id'. (tcp_server.py:69)
[2026-08-15 14:21:43,797] INFO (tcp_server): Connection made. Starting new communication session.
[2026-08-15 14:21:43,799] INFO (tcp_server): Sent notification.
[2026-08-15 14:21:43,806] INFO (tcp_server): Received request from ('fd00:edf::1', 35380, 0, 0).
[2026-08-15 14:21:43,807] INFO (message_handling): Message is valid.
[2026-08-15 14:21:43,807] DEBUG (tcp_server): Received EXI msg to be decoded: 8000F3AB9371D34B9B79D39BA321D34B9B79D 189A98989C1D1699181D22218010000040040 (tcp_server.py:84)
[2026-08-15 14:21:43,807] INFO (tcp_server): Payload type: 0x8001
[2026-08-15 14:21:43,807] INFO (message_handling): Supported App Protocol message to be decoded
[2026-08-15 14:21:43,808] DEBUG (tcp_server): Message successfully decoded (tcp_server.py:96)
[2026-08-15 14:21:43,808] DEBUG (tcp_server): XML message received: <?xml version="1.0" encoding="UTF-8"?><s0:supportedAppProtocolReq xmlns:s0="urn:iso:15118:2:2010:AppProtocol" xmlns:xsi="http://www.w3.org/2001/XMLSchema-instance" xmlns:xsd="http://www.w3.org/2001/XMLSchema"><AppProtocol><ProtocolNamespace>urn:iso:std:iso:15118:-20:DC</ProtocolNamespace><VersionNumberMajor>1</VersionNumberMajor><VersionNumberMinor>0</VersionNumberMinor><SchemaID>1</SchemaID><Priority>1</Priority></AppProtocol></s0:supportedAppProtocolReq> (tcp_server.py:97)
[2026-08-15 14:21:43,809] INFO (tcp_server): Received SupportedAppProtocolReq.
[2026-08-15 14:21:43,809] DEBUG (tcp_server): XML message to be sent: <?xml version="1.0" encoding="UTF-8"?>
<ns0:supportedAppProtocolRes xmlns:ns0="urn:iso:15118:2:2010:AppProtocol">
  <ResponseCode>OK_SuccessfulNegotiation</ResponseCode>
  <SchemaID>1</SchemaID>
</ns0:supportedAppProtocolRes>
 (tcp_server.py:124)
[2026-08-15 14:21:43,809] DEBUG (tcp_server): Encoding process start (tcp_server.py:125)
[2026-08-15 14:21:43,810] INFO (message_handling): Supported App Protocol message to be encoded
[2026-08-15 14:21:43,810] INFO (message_handling): Message is valid against Schema XSD
[2026-08-15 14:21:43,811] DEBUG (tcp_server): Encoded EXI message: 8040 0040 (tcp_server.py:134)
[2026-08-15 14:21:43,829] INFO (tcp_server): Received request from ('fd00:edf::1', 35380, 0, 0).
[2026-08-15 14:21:43,829] INFO (message_handling): Message is valid.
[2026-08-15 14:21:43,829] DEBUG (tcp_server): Received EXI msg to be decoded: 808C0400000000000000000F7 EB81D40620422AB21A1981880 (tcp_server.py:84)
[2026-08-15 14:21:43,829] INFO (tcp_server): Payload type: 0x8002
[2026-08-15 14:21:43,829] INFO (message_handling): Common message to be decoded
[2026-08-15 14:21:43,831] DEBUG (tcp_server): Message successfully decoded (tcp_server.py:96)
[2026-08-15 14:21:43,831] DEBUG (tcp_server): XML message received: <?xml version="1.0" encoding="UTF-8"?><s1:SessionSetupReq xmlns:s1="urn:iso:std:iso:15118:-20:CommonMessages" xmlns:xsi="http://www.w3.org/2001/XMLSchema-instance" xmlns:xsd="http://www.w3.org/2001/XMLSchema" xmlns:s0="http://www.w3.org/2000/09/xmldsig#" xmlns:s2="urn:iso:std:iso:15118:-20:CommonTypes"><s2:Header><s2:SessionID>0000000000000000</s2:SessionID><s2:TimeStamp>1786803703</s2:TimeStamp></s2:Header><s1:EVCCID>EVCC01</s1:EVCCID></s1:SessionSetupReq> (tcp_server.py:97)
[2026-08-15 14:21:43,831] INFO (tcp_server): Received SessionSetupReq.
[2026-08-15 14:21:43,832] DEBUG (tcp_server): XML message to be sent: <?xml version="1.0" encoding="UTF-8"?>
<ns0:SessionSetupRes xmlns:ns0="urn:iso:std:iso:15118:-20:CommonMessages">
  <ns1:Header xmlns:ns1="urn:iso:std:iso:15118:-20:CommonTypes">
    <ns1:SessionID>3636353137393434</ns1:SessionID>
    <ns1:TimeStamp>1786803703</ns1:TimeStamp>
  </ns1:Header>
  <ns1:ResponseCode xmlns:ns1="urn:iso:std:iso:15118:-20:CommonTypes">OK_NewSessionEstablished</ns1:ResponseCode>
  <ns0:EVSEID>ZZ000000</ns0:EVSEID>
</ns0:SessionSetupRes>
 (tcp_server.py:124)
[2026-08-15 14:21:43,832] DEBUG (tcp_server): Encoding process start (tcp_server.py:125)
[2026-08-15 14:21:43,832] INFO (message_handling): Common message to be encoded
[2026-08-15 14:21:43,833] INFO (message_handling): Message is valid against Schema XSD
[2026-08-15 14:21:43,834] DEBUG (tcp_server): Encoded EXI message: 8090041B1B1A989B9C9A1A0F7EB8 1D4062040296968C0C0C0C0C0C00 (tcp_server.py:134)
[2026-08-15 14:21:43,847] INFO (tcp_server): Received request from ('fd00:edf::1', 35380, 0, 0).
[2026-08-15 14:21:43,847] INFO (message_handling): Message is valid.
[2026-08-15 14:21:43,847] DEBUG (tcp_server): Received EXI msg to be decoded: 8008041B1B1A989B9 C9A1A0F7EB81D4062 (tcp_server.py:84)
[2026-08-15 14:21:43,848] INFO (tcp_server): Payload type: 0x8002
[2026-08-15 14:21:43,848] INFO (message_handling): Common message to be decoded
[2026-08-15 14:21:43,849] DEBUG (tcp_server): Message successfully decoded (tcp_server.py:96)
[2026-08-15 14:21:43,849] DEBUG (tcp_server): XML message received: <?xml version="1.0" encoding="UTF-8"?><s1:AuthorizationSetupReq xmlns:s1="urn:iso:std:iso:15118:-20:CommonMessages" xmlns:xsi="http://www.w3.org/2001/XMLSchema-instance" xmlns:xsd="http://www.w3.org/2001/XMLSchema" xmlns:s0="http://www.w3.org/2000/09/xmldsig#" xmlns:s2="urn:iso:std:iso:15118:-20:CommonTypes"><s2:Header><s2:SessionID>3636353137393434</s2:SessionID><s2:TimeStamp>1786803703</s2:TimeStamp></s2:Header></s1:AuthorizationSetupReq> (tcp_server.py:97)
[2026-08-15 14:21:43,849] INFO (tcp_server): Received AuthorizationSetupReq.
[2026-08-15 14:21:43,850] DEBUG (tcp_server): XML message to be sent: <?xml version="1.0" encoding="UTF-8"?>
<ns0:AuthorizationSetupRes xmlns:ns0="urn:iso:std:iso:15118:-20:CommonMessages">
  <ns1:Header xmlns:ns1="urn:iso:std:iso:15118:-20:CommonTypes">
    <ns1:SessionID>3636353137393434</ns1:SessionID>
    <ns1:TimeStamp>1786803703</ns1:TimeStamp>
  </ns1:Header>
  <ns1:ResponseCode xmlns:ns1="urn:iso:std:iso:15118:-20:CommonTypes">OK</ns1:ResponseCode>
  <ns0:AuthorizationServices>EIM</ns0:AuthorizationServices>
  <ns0:CertificateInstallationService>false</ns0:CertificateInstallationService>
  <ns0:EIM_ASResAuthorizationMode/>
</ns0:AuthorizationSetupRes>
 (tcp_server.py:124)
[2026-08-15 14:21:43,850] DEBUG (tcp_server): Encoding process start (tcp_server.py:125)
[2026-08-15 14:21:43,850] INFO (message_handling): Common message to be encoded
[2026-08-15 14:21:43,851] INFO (message_handling): Message is valid against Schema XSD
[2026-08-15 14:21:43,852] DEBUG (tcp_server): Encoded EXI message: 800C041B1B1A989B9C9A 1A0F7EB81D4062000400 (tcp_server.py:134)
[2026-08-15 14:21:43,856] INFO (tcp_server): Received request from ('fd00:edf::1', 35380, 0, 0).
[2026-08-15 14:21:43,856] INFO (message_handling): Message is valid.
[2026-08-15 14:21:43,856] DEBUG (tcp_server): Received EXI msg to be decoded: 8000041B1B1A989B9C 9A1A0F7EB81D406200 (tcp_server.py:84)
[2026-08-15 14:21:43,856] INFO (tcp_server): Payload type: 0x8002
[2026-08-15 14:21:43,856] INFO (message_handling): Common message to be decoded
[2026-08-15 14:21:43,857] DEBUG (tcp_server): Message successfully decoded (tcp_server.py:96)
[2026-08-15 14:21:43,858] DEBUG (tcp_server): XML message received: <?xml version="1.0" encoding="UTF-8"?><s1:AuthorizationReq xmlns:s1="urn:iso:std:iso:15118:-20:CommonMessages" xmlns:xsi="http://www.w3.org/2001/XMLSchema-instance" xmlns:xsd="http://www.w3.org/2001/XMLSchema" xmlns:s0="http://www.w3.org/2000/09/xmldsig#" xmlns:s2="urn:iso:std:iso:15118:-20:CommonTypes"><s2:Header><s2:SessionID>3636353137393434</s2:SessionID><s2:TimeStamp>1786803703</s2:TimeStamp></s2:Header><s1:SelectedAuthorizationService>EIM</s1:SelectedAuthorizationService><s1:EIM_AReqAuthorizationMode/></s1:AuthorizationReq> (tcp_server.py:97)
[2026-08-15 14:21:43,859] INFO (tcp_server): Received AuthorizationReq.
[2026-08-15 14:21:43,859] DEBUG (tcp_server): XML message to be sent: <?xml version="1.0" encoding="UTF-8"?>
<ns0:AuthorizationRes xmlns:ns0="urn:iso:std:iso:15118:-20:CommonMessages">
  <ns1:Header xmlns:ns1="urn:iso:std:iso:15118:-20:CommonTypes">
    <ns1:SessionID>3636353137393434</ns1:SessionID>
    <ns1:TimeStamp>1786803703</ns1:TimeStamp>
  </ns1:Header>
  <ns1:ResponseCode xmlns:ns1="urn:iso:std:iso:15118:-20:CommonTypes">OK</ns1:ResponseCode>
  <ns0:EVSEProcessing>Finished</ns0:EVSEProcessing>
</ns0:AuthorizationRes>
 (tcp_server.py:124)
[2026-08-15 14:21:43,859] DEBUG (tcp_server): Encoding process start (tcp_server.py:125)
[2026-08-15 14:21:43,859] INFO (message_handling): Common message to be encoded
[2026-08-15 14:21:43,860] INFO (message_handling): Message is valid against Schema XSD
[2026-08-15 14:21:43,860] DEBUG (tcp_server): Encoded EXI message: 8004041B1B1A989B9C9 A1A0F7EB81D40620000 (tcp_server.py:134)
[2026-08-15 14:21:43,863] INFO (tcp_server): Received request from ('fd00:edf::1', 35380, 0, 0).
[2026-08-15 14:21:43,863] INFO (message_handling): Message is valid.
[2026-08-15 14:21:43,863] DEBUG (tcp_server): Received EXI msg to be decoded: 807C041B1B1A989B9C 9A1A0F7EB81D406280 (tcp_server.py:84)
[2026-08-15 14:21:43,863] INFO (tcp_server): Payload type: 0x8002
[2026-08-15 14:21:43,863] INFO (message_handling): Common message to be decoded
[2026-08-15 14:21:43,864] DEBUG (tcp_server): Message successfully decoded (tcp_server.py:96)
[2026-08-15 14:21:43,865] DEBUG (tcp_server): XML message received: <?xml version="1.0" encoding="UTF-8"?><s1:ServiceDiscoveryReq xmlns:s1="urn:iso:std:iso:15118:-20:CommonMessages" xmlns:xsi="http://www.w3.org/2001/XMLSchema-instance" xmlns:xsd="http://www.w3.org/2001/XMLSchema" xmlns:s0="http://www.w3.org/2000/09/xmldsig#" xmlns:s2="urn:iso:std:iso:15118:-20:CommonTypes"><s2:Header><s2:SessionID>3636353137393434</s2:SessionID><s2:TimeStamp>1786803703</s2:TimeStamp></s2:Header></s1:ServiceDiscoveryReq> (tcp_server.py:97)
[2026-08-15 14:21:43,865] INFO (tcp_server): Received ServiceDiscoveryReq.
Fatal error: protocol.data_received() call failed.
protocol: <secc.tcp_server.TCPServerProtocol object at 0x7d653cae8640>
transport: <_SelectorSocketTransport fd=22 read=polling write=<idle, bufsize=0>>
Traceback (most recent call last):
  File "/usr/local/lib/python3.8/asyncio/selector_events.py", line 862, in _read_ready__data_received
    self._protocol.data_received(data)
  File "/app/secc/../secc/tcp_server.py", line 60, in data_received
    self.process_incoming_message(packet)
  File "/app/secc/../secc/tcp_server.py", line 112, in process_incoming_message
    reaction = self.session.get_state(self.session.state).process_payload(xml_object)
  File "/app/secc/../secc/states/process_service_discovery_request.py", line 31, in process_payload
    if 6 in payload.supported_service_ids.service_id:
AttributeError: 'NoneType' object has no attribute 'service_id'
[2026-08-15 14:21:43,866] ERROR (tcp_server): 'NoneType' object has no attribute 'service_id'. (tcp_server.py:69)
[2026-08-15 14:21:52,132] INFO (tcp_server): Connection made. Starting new communication session.
[2026-08-15 14:21:52,137] INFO (tcp_server): Sent notification.
[2026-08-15 14:21:52,142] INFO (tcp_server): Received request from ('fd00:edf::1', 40848, 0, 0).
[2026-08-15 14:21:52,142] INFO (message_handling): Message is valid.
[2026-08-15 14:21:52,142] DEBUG (tcp_server): Received EXI msg to be decoded: 8000F3AB9371D34B9B79D39BA321D34B9B79D 189A98989C1D1699181D22218010000040040 (tcp_server.py:84)
[2026-08-15 14:21:52,142] INFO (tcp_server): Payload type: 0x8001
[2026-08-15 14:21:52,142] INFO (message_handling): Supported App Protocol message to be decoded
[2026-08-15 14:21:52,143] DEBUG (tcp_server): Message successfully decoded (tcp_server.py:96)
[2026-08-15 14:21:52,143] DEBUG (tcp_server): XML message received: <?xml version="1.0" encoding="UTF-8"?><s0:supportedAppProtocolReq xmlns:s0="urn:iso:15118:2:2010:AppProtocol" xmlns:xsi="http://www.w3.org/2001/XMLSchema-instance" xmlns:xsd="http://www.w3.org/2001/XMLSchema"><AppProtocol><ProtocolNamespace>urn:iso:std:iso:15118:-20:DC</ProtocolNamespace><VersionNumberMajor>1</VersionNumberMajor><VersionNumberMinor>0</VersionNumberMinor><SchemaID>1</SchemaID><Priority>1</Priority></AppProtocol></s0:supportedAppProtocolReq> (tcp_server.py:97)
[2026-08-15 14:21:52,144] INFO (tcp_server): Received SupportedAppProtocolReq.
[2026-08-15 14:21:52,144] DEBUG (tcp_server): XML message to be sent: <?xml version="1.0" encoding="UTF-8"?>
<ns0:supportedAppProtocolRes xmlns:ns0="urn:iso:15118:2:2010:AppProtocol">
  <ResponseCode>OK_SuccessfulNegotiation</ResponseCode>
  <SchemaID>1</SchemaID>
</ns0:supportedAppProtocolRes>
 (tcp_server.py:124)
[2026-08-15 14:21:52,145] DEBUG (tcp_server): Encoding process start (tcp_server.py:125)
[2026-08-15 14:21:52,145] INFO (message_handling): Supported App Protocol message to be encoded
[2026-08-15 14:21:52,145] INFO (message_handling): Message is valid against Schema XSD
[2026-08-15 14:21:52,146] DEBUG (tcp_server): Encoded EXI message: 8040 0040 (tcp_server.py:134)
[2026-08-15 14:21:52,161] INFO (tcp_server): Received request from ('fd00:edf::1', 40848, 0, 0).
[2026-08-15 14:21:52,162] INFO (message_handling): Message is valid.
[2026-08-15 14:21:52,162] DEBUG (tcp_server): Received EXI msg to be decoded: 808C040000000000000000080 EC81D40620422AB21A1981880 (tcp_server.py:84)
[2026-08-15 14:21:52,162] INFO (tcp_server): Payload type: 0x8002
[2026-08-15 14:21:52,162] INFO (message_handling): Common message to be decoded
[2026-08-15 14:21:52,163] DEBUG (tcp_server): Message successfully decoded (tcp_server.py:96)
[2026-08-15 14:21:52,163] DEBUG (tcp_server): XML message received: <?xml version="1.0" encoding="UTF-8"?><s1:SessionSetupReq xmlns:s1="urn:iso:std:iso:15118:-20:CommonMessages" xmlns:xsi="http://www.w3.org/2001/XMLSchema-instance" xmlns:xsd="http://www.w3.org/2001/XMLSchema" xmlns:s0="http://www.w3.org/2000/09/xmldsig#" xmlns:s2="urn:iso:std:iso:15118:-20:CommonTypes"><s2:Header><s2:SessionID>0000000000000000</s2:SessionID><s2:TimeStamp>1786803712</s2:TimeStamp></s2:Header><s1:EVCCID>EVCC01</s1:EVCCID></s1:SessionSetupReq> (tcp_server.py:97)
[2026-08-15 14:21:52,163] INFO (tcp_server): Received SessionSetupReq.
[2026-08-15 14:21:52,164] DEBUG (tcp_server): XML message to be sent: <?xml version="1.0" encoding="UTF-8"?>
<ns0:SessionSetupRes xmlns:ns0="urn:iso:std:iso:15118:-20:CommonMessages">
  <ns1:Header xmlns:ns1="urn:iso:std:iso:15118:-20:CommonTypes">
    <ns1:SessionID>3936373531313333</ns1:SessionID>
    <ns1:TimeStamp>1786803712</ns1:TimeStamp>
  </ns1:Header>
  <ns1:ResponseCode xmlns:ns1="urn:iso:std:iso:15118:-20:CommonTypes">OK_NewSessionEstablished</ns1:ResponseCode>
  <ns0:EVSEID>ZZ000000</ns0:EVSEID>
</ns0:SessionSetupRes>
 (tcp_server.py:124)
[2026-08-15 14:21:52,164] DEBUG (tcp_server): Encoding process start (tcp_server.py:125)
[2026-08-15 14:21:52,164] INFO (message_handling): Common message to be encoded
[2026-08-15 14:21:52,164] INFO (message_handling): Message is valid against Schema XSD
[2026-08-15 14:21:52,165] DEBUG (tcp_server): Encoded EXI message: 8090041C9B1B9A98989999880EC8 1D4062040296968C0C0C0C0C0C00 (tcp_server.py:134)
[2026-08-15 14:21:52,176] INFO (tcp_server): Received request from ('fd00:edf::1', 40848, 0, 0).
[2026-08-15 14:21:52,176] INFO (message_handling): Message is valid.
[2026-08-15 14:21:52,176] DEBUG (tcp_server): Received EXI msg to be decoded: 8008041C9B1B9A989 89999880EC81D4062 (tcp_server.py:84)
[2026-08-15 14:21:52,176] INFO (tcp_server): Payload type: 0x8002
[2026-08-15 14:21:52,176] INFO (message_handling): Common message to be decoded
[2026-08-15 14:21:52,177] DEBUG (tcp_server): Message successfully decoded (tcp_server.py:96)
[2026-08-15 14:21:52,177] DEBUG (tcp_server): XML message received: <?xml version="1.0" encoding="UTF-8"?><s1:AuthorizationSetupReq xmlns:s1="urn:iso:std:iso:15118:-20:CommonMessages" xmlns:xsi="http://www.w3.org/2001/XMLSchema-instance" xmlns:xsd="http://www.w3.org/2001/XMLSchema" xmlns:s0="http://www.w3.org/2000/09/xmldsig#" xmlns:s2="urn:iso:std:iso:15118:-20:CommonTypes"><s2:Header><s2:SessionID>3936373531313333</s2:SessionID><s2:TimeStamp>1786803712</s2:TimeStamp></s2:Header></s1:AuthorizationSetupReq> (tcp_server.py:97)
[2026-08-15 14:21:52,178] INFO (tcp_server): Received AuthorizationSetupReq.
[2026-08-15 14:21:52,179] DEBUG (tcp_server): XML message to be sent: <?xml version="1.0" encoding="UTF-8"?>
<ns0:AuthorizationSetupRes xmlns:ns0="urn:iso:std:iso:15118:-20:CommonMessages">
  <ns1:Header xmlns:ns1="urn:iso:std:iso:15118:-20:CommonTypes">
    <ns1:SessionID>3936373531313333</ns1:SessionID>
    <ns1:TimeStamp>1786803712</ns1:TimeStamp>
  </ns1:Header>
  <ns1:ResponseCode xmlns:ns1="urn:iso:std:iso:15118:-20:CommonTypes">OK</ns1:ResponseCode>
  <ns0:AuthorizationServices>EIM</ns0:AuthorizationServices>
  <ns0:CertificateInstallationService>false</ns0:CertificateInstallationService>
  <ns0:EIM_ASResAuthorizationMode/>
</ns0:AuthorizationSetupRes>
 (tcp_server.py:124)
[2026-08-15 14:21:52,179] DEBUG (tcp_server): Encoding process start (tcp_server.py:125)
[2026-08-15 14:21:52,179] INFO (message_handling): Common message to be encoded
[2026-08-15 14:21:52,179] INFO (message_handling): Message is valid against Schema XSD
[2026-08-15 14:21:52,180] DEBUG (tcp_server): Encoded EXI message: 800C041C9B1B9A989899 99880EC81D4062000400 (tcp_server.py:134)
[2026-08-15 14:21:52,183] INFO (tcp_server): Received request from ('fd00:edf::1', 40848, 0, 0).
[2026-08-15 14:21:52,183] INFO (message_handling): Message is valid.
[2026-08-15 14:21:52,184] DEBUG (tcp_server): Received EXI msg to be decoded: 8000041C9B1B9A9898 9999880EC81D406200 (tcp_server.py:84)
[2026-08-15 14:21:52,184] INFO (tcp_server): Payload type: 0x8002
[2026-08-15 14:21:52,184] INFO (message_handling): Common message to be decoded
[2026-08-15 14:21:52,184] DEBUG (tcp_server): Message successfully decoded (tcp_server.py:96)
[2026-08-15 14:21:52,184] DEBUG (tcp_server): XML message received: <?xml version="1.0" encoding="UTF-8"?><s1:AuthorizationReq xmlns:s1="urn:iso:std:iso:15118:-20:CommonMessages" xmlns:xsi="http://www.w3.org/2001/XMLSchema-instance" xmlns:xsd="http://www.w3.org/2001/XMLSchema" xmlns:s0="http://www.w3.org/2000/09/xmldsig#" xmlns:s2="urn:iso:std:iso:15118:-20:CommonTypes"><s2:Header><s2:SessionID>3936373531313333</s2:SessionID><s2:TimeStamp>1786803712</s2:TimeStamp></s2:Header><s1:SelectedAuthorizationService>EIM</s1:SelectedAuthorizationService><s1:EIM_AReqAuthorizationMode/></s1:AuthorizationReq> (tcp_server.py:97)
[2026-08-15 14:21:52,185] INFO (tcp_server): Received AuthorizationReq.
[2026-08-15 14:21:52,185] DEBUG (tcp_server): XML message to be sent: <?xml version="1.0" encoding="UTF-8"?>
<ns0:AuthorizationRes xmlns:ns0="urn:iso:std:iso:15118:-20:CommonMessages">
  <ns1:Header xmlns:ns1="urn:iso:std:iso:15118:-20:CommonTypes">
    <ns1:SessionID>3936373531313333</ns1:SessionID>
    <ns1:TimeStamp>1786803712</ns1:TimeStamp>
  </ns1:Header>
  <ns1:ResponseCode xmlns:ns1="urn:iso:std:iso:15118:-20:CommonTypes">OK</ns1:ResponseCode>
  <ns0:EVSEProcessing>Finished</ns0:EVSEProcessing>
</ns0:AuthorizationRes>
 (tcp_server.py:124)
[2026-08-15 14:21:52,185] DEBUG (tcp_server): Encoding process start (tcp_server.py:125)
[2026-08-15 14:21:52,185] INFO (message_handling): Common message to be encoded
[2026-08-15 14:21:52,185] INFO (message_handling): Message is valid against Schema XSD
[2026-08-15 14:21:52,186] DEBUG (tcp_server): Encoded EXI message: 8004041C9B1B9A98989 999880EC81D40620000 (tcp_server.py:134)
[2026-08-15 14:21:52,188] INFO (tcp_server): Received request from ('fd00:edf::1', 40848, 0, 0).
[2026-08-15 14:21:52,188] INFO (message_handling): Message is valid.
[2026-08-15 14:21:52,188] DEBUG (tcp_server): Received EXI msg to be decoded: 807C041C9B1B9A9898 9999880EC81D406280 (tcp_server.py:84)
[2026-08-15 14:21:52,188] INFO (tcp_server): Payload type: 0x8002
[2026-08-15 14:21:52,188] INFO (message_handling): Common message to be decoded
[2026-08-15 14:21:52,189] DEBUG (tcp_server): Message successfully decoded (tcp_server.py:96)
[2026-08-15 14:21:52,189] DEBUG (tcp_server): XML message received: <?xml version="1.0" encoding="UTF-8"?><s1:ServiceDiscoveryReq xmlns:s1="urn:iso:std:iso:15118:-20:CommonMessages" xmlns:xsi="http://www.w3.org/2001/XMLSchema-instance" xmlns:xsd="http://www.w3.org/2001/XMLSchema" xmlns:s0="http://www.w3.org/2000/09/xmldsig#" xmlns:s2="urn:iso:std:iso:15118:-20:CommonTypes"><s2:Header><s2:SessionID>3936373531313333</s2:SessionID><s2:TimeStamp>1786803712</s2:TimeStamp></s2:Header></s1:ServiceDiscoveryReq> (tcp_server.py:97)
[2026-08-15 14:21:52,189] INFO (tcp_server): Received ServiceDiscoveryReq.
Fatal error: protocol.data_received() call failed.
protocol: <secc.tcp_server.TCPServerProtocol object at 0x7d653ca9ec10>
transport: <_SelectorSocketTransport fd=22 read=polling write=<idle, bufsize=0>>
Traceback (most recent call last):
  File "/usr/local/lib/python3.8/asyncio/selector_events.py", line 862, in _read_ready__data_received
    self._protocol.data_received(data)
  File "/app/secc/../secc/tcp_server.py", line 60, in data_received
    self.process_incoming_message(packet)
  File "/app/secc/../secc/tcp_server.py", line 112, in process_incoming_message
    reaction = self.session.get_state(self.session.state).process_payload(xml_object)
  File "/app/secc/../secc/states/process_service_discovery_request.py", line 31, in process_payload
    if 6 in payload.supported_service_ids.service_id:
AttributeError: 'NoneType' object has no attribute 'service_id'
[2026-08-15 14:21:52,189] ERROR (tcp_server): 'NoneType' object has no attribute 'service_id'. (tcp_server.py:69)
[2026-08-15 14:21:59,616] INFO (tcp_server): Connection made. Starting new communication session.
[2026-08-15 14:21:59,620] INFO (tcp_server): Sent notification.
[2026-08-15 14:21:59,622] INFO (tcp_server): Received request from ('fd00:edf::1', 42042, 0, 0).
[2026-08-15 14:21:59,623] INFO (message_handling): Message is valid.
[2026-08-15 14:21:59,623] DEBUG (tcp_server): Received EXI msg to be decoded: 8000F3AB9371D34B9B79D39BA321D34B9B79D 189A98989C1D1699181D22218010000040040 (tcp_server.py:84)
[2026-08-15 14:21:59,623] INFO (tcp_server): Payload type: 0x8001
[2026-08-15 14:21:59,623] INFO (message_handling): Supported App Protocol message to be decoded
[2026-08-15 14:21:59,624] DEBUG (tcp_server): Message successfully decoded (tcp_server.py:96)
[2026-08-15 14:21:59,624] DEBUG (tcp_server): XML message received: <?xml version="1.0" encoding="UTF-8"?><s0:supportedAppProtocolReq xmlns:s0="urn:iso:15118:2:2010:AppProtocol" xmlns:xsi="http://www.w3.org/2001/XMLSchema-instance" xmlns:xsd="http://www.w3.org/2001/XMLSchema"><AppProtocol><ProtocolNamespace>urn:iso:std:iso:15118:-20:DC</ProtocolNamespace><VersionNumberMajor>1</VersionNumberMajor><VersionNumberMinor>0</VersionNumberMinor><SchemaID>1</SchemaID><Priority>1</Priority></AppProtocol></s0:supportedAppProtocolReq> (tcp_server.py:97)
[2026-08-15 14:21:59,624] INFO (tcp_server): Received SupportedAppProtocolReq.
[2026-08-15 14:21:59,625] DEBUG (tcp_server): XML message to be sent: <?xml version="1.0" encoding="UTF-8"?>
<ns0:supportedAppProtocolRes xmlns:ns0="urn:iso:15118:2:2010:AppProtocol">
  <ResponseCode>OK_SuccessfulNegotiation</ResponseCode>
  <SchemaID>1</SchemaID>
</ns0:supportedAppProtocolRes>
 (tcp_server.py:124)
[2026-08-15 14:21:59,625] DEBUG (tcp_server): Encoding process start (tcp_server.py:125)
[2026-08-15 14:21:59,625] INFO (message_handling): Supported App Protocol message to be encoded
[2026-08-15 14:21:59,625] INFO (message_handling): Message is valid against Schema XSD
[2026-08-15 14:21:59,626] DEBUG (tcp_server): Encoded EXI message: 8040 0040 (tcp_server.py:134)
[2026-08-15 14:21:59,640] INFO (tcp_server): Received request from ('fd00:edf::1', 42042, 0, 0).
[2026-08-15 14:21:59,640] INFO (message_handling): Message is valid.
[2026-08-15 14:21:59,640] DEBUG (tcp_server): Received EXI msg to be decoded: 808C040000000000000000087 EC81D40620422AB21A1981880 (tcp_server.py:84)
[2026-08-15 14:21:59,640] INFO (tcp_server): Payload type: 0x8002
[2026-08-15 14:21:59,640] INFO (message_handling): Common message to be decoded
[2026-08-15 14:21:59,641] DEBUG (tcp_server): Message successfully decoded (tcp_server.py:96)
[2026-08-15 14:21:59,641] DEBUG (tcp_server): XML message received: <?xml version="1.0" encoding="UTF-8"?><s1:SessionSetupReq xmlns:s1="urn:iso:std:iso:15118:-20:CommonMessages" xmlns:xsi="http://www.w3.org/2001/XMLSchema-instance" xmlns:xsd="http://www.w3.org/2001/XMLSchema" xmlns:s0="http://www.w3.org/2000/09/xmldsig#" xmlns:s2="urn:iso:std:iso:15118:-20:CommonTypes"><s2:Header><s2:SessionID>0000000000000000</s2:SessionID><s2:TimeStamp>1786803719</s2:TimeStamp></s2:Header><s1:EVCCID>EVCC01</s1:EVCCID></s1:SessionSetupReq> (tcp_server.py:97)
[2026-08-15 14:21:59,642] INFO (tcp_server): Received SessionSetupReq.
[2026-08-15 14:21:59,642] DEBUG (tcp_server): XML message to be sent: <?xml version="1.0" encoding="UTF-8"?>
<ns0:SessionSetupRes xmlns:ns0="urn:iso:std:iso:15118:-20:CommonMessages">
  <ns1:Header xmlns:ns1="urn:iso:std:iso:15118:-20:CommonTypes">
    <ns1:SessionID>3236303739373437</ns1:SessionID>
    <ns1:TimeStamp>1786803719</ns1:TimeStamp>
  </ns1:Header>
  <ns1:ResponseCode xmlns:ns1="urn:iso:std:iso:15118:-20:CommonTypes">OK_NewSessionEstablished</ns1:ResponseCode>
  <ns0:EVSEID>ZZ000000</ns0:EVSEID>
</ns0:SessionSetupRes>
 (tcp_server.py:124)
[2026-08-15 14:21:59,642] DEBUG (tcp_server): Encoding process start (tcp_server.py:125)
[2026-08-15 14:21:59,642] INFO (message_handling): Common message to be encoded
[2026-08-15 14:21:59,643] INFO (message_handling): Message is valid against Schema XSD
[2026-08-15 14:21:59,643] DEBUG (tcp_server): Encoded EXI message: 809004191B181B9C9B9A1B887EC8 1D4062040296968C0C0C0C0C0C00 (tcp_server.py:134)
[2026-08-15 14:21:59,655] INFO (tcp_server): Received request from ('fd00:edf::1', 42042, 0, 0).
[2026-08-15 14:21:59,656] INFO (message_handling): Message is valid.
[2026-08-15 14:21:59,656] DEBUG (tcp_server): Received EXI msg to be decoded: 800804191B181B9C9 B9A1B887EC81D4062 (tcp_server.py:84)
[2026-08-15 14:21:59,656] INFO (tcp_server): Payload type: 0x8002
[2026-08-15 14:21:59,656] INFO (message_handling): Common message to be decoded
[2026-08-15 14:21:59,657] DEBUG (tcp_server): Message successfully decoded (tcp_server.py:96)
[2026-08-15 14:21:59,657] DEBUG (tcp_server): XML message received: <?xml version="1.0" encoding="UTF-8"?><s1:AuthorizationSetupReq xmlns:s1="urn:iso:std:iso:15118:-20:CommonMessages" xmlns:xsi="http://www.w3.org/2001/XMLSchema-instance" xmlns:xsd="http://www.w3.org/2001/XMLSchema" xmlns:s0="http://www.w3.org/2000/09/xmldsig#" xmlns:s2="urn:iso:std:iso:15118:-20:CommonTypes"><s2:Header><s2:SessionID>3236303739373437</s2:SessionID><s2:TimeStamp>1786803719</s2:TimeStamp></s2:Header></s1:AuthorizationSetupReq> (tcp_server.py:97)
[2026-08-15 14:21:59,657] INFO (tcp_server): Received AuthorizationSetupReq.
[2026-08-15 14:21:59,658] DEBUG (tcp_server): XML message to be sent: <?xml version="1.0" encoding="UTF-8"?>
<ns0:AuthorizationSetupRes xmlns:ns0="urn:iso:std:iso:15118:-20:CommonMessages">
  <ns1:Header xmlns:ns1="urn:iso:std:iso:15118:-20:CommonTypes">
    <ns1:SessionID>3236303739373437</ns1:SessionID>
    <ns1:TimeStamp>1786803719</ns1:TimeStamp>
  </ns1:Header>
  <ns1:ResponseCode xmlns:ns1="urn:iso:std:iso:15118:-20:CommonTypes">OK</ns1:ResponseCode>
  <ns0:AuthorizationServices>EIM</ns0:AuthorizationServices>
  <ns0:CertificateInstallationService>false</ns0:CertificateInstallationService>
  <ns0:EIM_ASResAuthorizationMode/>
</ns0:AuthorizationSetupRes>
 (tcp_server.py:124)
[2026-08-15 14:21:59,658] DEBUG (tcp_server): Encoding process start (tcp_server.py:125)
[2026-08-15 14:21:59,658] INFO (message_handling): Common message to be encoded
[2026-08-15 14:21:59,658] INFO (message_handling): Message is valid against Schema XSD
[2026-08-15 14:21:59,659] DEBUG (tcp_server): Encoded EXI message: 800C04191B181B9C9B9A 1B887EC81D4062000400 (tcp_server.py:134)
[2026-08-15 14:21:59,664] INFO (tcp_server): Received request from ('fd00:edf::1', 42042, 0, 0).
[2026-08-15 14:21:59,664] INFO (message_handling): Message is valid.
[2026-08-15 14:21:59,664] DEBUG (tcp_server): Received EXI msg to be decoded: 800004191B181B9C9B 9A1B887EC81D406200 (tcp_server.py:84)
[2026-08-15 14:21:59,664] INFO (tcp_server): Payload type: 0x8002
[2026-08-15 14:21:59,665] INFO (message_handling): Common message to be decoded
[2026-08-15 14:21:59,665] DEBUG (tcp_server): Message successfully decoded (tcp_server.py:96)
[2026-08-15 14:21:59,665] DEBUG (tcp_server): XML message received: <?xml version="1.0" encoding="UTF-8"?><s1:AuthorizationReq xmlns:s1="urn:iso:std:iso:15118:-20:CommonMessages" xmlns:xsi="http://www.w3.org/2001/XMLSchema-instance" xmlns:xsd="http://www.w3.org/2001/XMLSchema" xmlns:s0="http://www.w3.org/2000/09/xmldsig#" xmlns:s2="urn:iso:std:iso:15118:-20:CommonTypes"><s2:Header><s2:SessionID>3236303739373437</s2:SessionID><s2:TimeStamp>1786803719</s2:TimeStamp></s2:Header><s1:SelectedAuthorizationService>EIM</s1:SelectedAuthorizationService><s1:EIM_AReqAuthorizationMode/></s1:AuthorizationReq> (tcp_server.py:97)
[2026-08-15 14:21:59,666] INFO (tcp_server): Received AuthorizationReq.
[2026-08-15 14:21:59,666] DEBUG (tcp_server): XML message to be sent: <?xml version="1.0" encoding="UTF-8"?>
<ns0:AuthorizationRes xmlns:ns0="urn:iso:std:iso:15118:-20:CommonMessages">
  <ns1:Header xmlns:ns1="urn:iso:std:iso:15118:-20:CommonTypes">
    <ns1:SessionID>3236303739373437</ns1:SessionID>
    <ns1:TimeStamp>1786803719</ns1:TimeStamp>
  </ns1:Header>
  <ns1:ResponseCode xmlns:ns1="urn:iso:std:iso:15118:-20:CommonTypes">OK</ns1:ResponseCode>
  <ns0:EVSEProcessing>Finished</ns0:EVSEProcessing>
</ns0:AuthorizationRes>
 (tcp_server.py:124)
[2026-08-15 14:21:59,666] DEBUG (tcp_server): Encoding process start (tcp_server.py:125)
[2026-08-15 14:21:59,667] INFO (message_handling): Common message to be encoded
[2026-08-15 14:21:59,667] INFO (message_handling): Message is valid against Schema XSD
[2026-08-15 14:21:59,667] DEBUG (tcp_server): Encoded EXI message: 800404191B181B9C9B9 A1B887EC81D40620000 (tcp_server.py:134)
[2026-08-15 14:21:59,669] INFO (tcp_server): Received request from ('fd00:edf::1', 42042, 0, 0).
[2026-08-15 14:21:59,670] INFO (message_handling): Message is valid.
[2026-08-15 14:21:59,670] DEBUG (tcp_server): Received EXI msg to be decoded: 807C04191B181B9C9B 9A1B887EC81D406280 (tcp_server.py:84)
[2026-08-15 14:21:59,670] INFO (tcp_server): Payload type: 0x8002
[2026-08-15 14:21:59,670] INFO (message_handling): Common message to be decoded
[2026-08-15 14:21:59,671] DEBUG (tcp_server): Message successfully decoded (tcp_server.py:96)
[2026-08-15 14:21:59,671] DEBUG (tcp_server): XML message received: <?xml version="1.0" encoding="UTF-8"?><s1:ServiceDiscoveryReq xmlns:s1="urn:iso:std:iso:15118:-20:CommonMessages" xmlns:xsi="http://www.w3.org/2001/XMLSchema-instance" xmlns:xsd="http://www.w3.org/2001/XMLSchema" xmlns:s0="http://www.w3.org/2000/09/xmldsig#" xmlns:s2="urn:iso:std:iso:15118:-20:CommonTypes"><s2:Header><s2:SessionID>3236303739373437</s2:SessionID><s2:TimeStamp>1786803719</s2:TimeStamp></s2:Header></s1:ServiceDiscoveryReq> (tcp_server.py:97)
[2026-08-15 14:21:59,671] INFO (tcp_server): Received ServiceDiscoveryReq.
Fatal error: protocol.data_received() call failed.
protocol: <secc.tcp_server.TCPServerProtocol object at 0x7d653c9ed700>
transport: <_SelectorSocketTransport fd=22 read=polling write=<idle, bufsize=0>>
Traceback (most recent call last):
  File "/usr/local/lib/python3.8/asyncio/selector_events.py", line 862, in _read_ready__data_received
    self._protocol.data_received(data)
  File "/app/secc/../secc/tcp_server.py", line 60, in data_received
    self.process_incoming_message(packet)
  File "/app/secc/../secc/tcp_server.py", line 112, in process_incoming_message
    reaction = self.session.get_state(self.session.state).process_payload(xml_object)
  File "/app/secc/../secc/states/process_service_discovery_request.py", line 31, in process_payload
    if 6 in payload.supported_service_ids.service_id:
AttributeError: 'NoneType' object has no attribute 'service_id'
[2026-08-15 14:21:59,672] ERROR (tcp_server): 'NoneType' object has no attribute 'service_id'. (tcp_server.py:69)
[2026-08-15 14:22:07,164] INFO (tcp_server): Connection made. Starting new communication session.
[2026-08-15 14:22:07,167] INFO (tcp_server): Sent notification.
[2026-08-15 14:22:07,175] INFO (tcp_server): Received request from ('fd00:edf::1', 42056, 0, 0).
[2026-08-15 14:22:07,176] INFO (message_handling): Message is valid.
[2026-08-15 14:22:07,176] DEBUG (tcp_server): Received EXI msg to be decoded: 8000F3AB9371D34B9B79D39BA321D34B9B79D 189A98989C1D1699181D22218010000040040 (tcp_server.py:84)
[2026-08-15 14:22:07,176] INFO (tcp_server): Payload type: 0x8001
[2026-08-15 14:22:07,176] INFO (message_handling): Supported App Protocol message to be decoded
[2026-08-15 14:22:07,177] DEBUG (tcp_server): Message successfully decoded (tcp_server.py:96)
[2026-08-15 14:22:07,177] DEBUG (tcp_server): XML message received: <?xml version="1.0" encoding="UTF-8"?><s0:supportedAppProtocolReq xmlns:s0="urn:iso:15118:2:2010:AppProtocol" xmlns:xsi="http://www.w3.org/2001/XMLSchema-instance" xmlns:xsd="http://www.w3.org/2001/XMLSchema"><AppProtocol><ProtocolNamespace>urn:iso:std:iso:15118:-20:DC</ProtocolNamespace><VersionNumberMajor>1</VersionNumberMajor><VersionNumberMinor>0</VersionNumberMinor><SchemaID>1</SchemaID><Priority>1</Priority></AppProtocol></s0:supportedAppProtocolReq> (tcp_server.py:97)
[2026-08-15 14:22:07,177] INFO (tcp_server): Received SupportedAppProtocolReq.
[2026-08-15 14:22:07,178] DEBUG (tcp_server): XML message to be sent: <?xml version="1.0" encoding="UTF-8"?>
<ns0:supportedAppProtocolRes xmlns:ns0="urn:iso:15118:2:2010:AppProtocol">
  <ResponseCode>OK_SuccessfulNegotiation</ResponseCode>
  <SchemaID>1</SchemaID>
</ns0:supportedAppProtocolRes>
 (tcp_server.py:124)
[2026-08-15 14:22:07,178] DEBUG (tcp_server): Encoding process start (tcp_server.py:125)
[2026-08-15 14:22:07,178] INFO (message_handling): Supported App Protocol message to be encoded
[2026-08-15 14:22:07,178] INFO (message_handling): Message is valid against Schema XSD
[2026-08-15 14:22:07,179] DEBUG (tcp_server): Encoded EXI message: 8040 0040 (tcp_server.py:134)
[2026-08-15 14:22:07,197] INFO (tcp_server): Received request from ('fd00:edf::1', 42056, 0, 0).
[2026-08-15 14:22:07,198] INFO (message_handling): Message is valid.
[2026-08-15 14:22:07,198] DEBUG (tcp_server): Received EXI msg to be decoded: 808C04000000000000000008F EC81D40620422AB21A1981880 (tcp_server.py:84)
[2026-08-15 14:22:07,198] INFO (tcp_server): Payload type: 0x8002
[2026-08-15 14:22:07,198] INFO (message_handling): Common message to be decoded
[2026-08-15 14:22:07,199] DEBUG (tcp_server): Message successfully decoded (tcp_server.py:96)
[2026-08-15 14:22:07,199] DEBUG (tcp_server): XML message received: <?xml version="1.0" encoding="UTF-8"?><s1:SessionSetupReq xmlns:s1="urn:iso:std:iso:15118:-20:CommonMessages" xmlns:xsi="http://www.w3.org/2001/XMLSchema-instance" xmlns:xsd="http://www.w3.org/2001/XMLSchema" xmlns:s0="http://www.w3.org/2000/09/xmldsig#" xmlns:s2="urn:iso:std:iso:15118:-20:CommonTypes"><s2:Header><s2:SessionID>0000000000000000</s2:SessionID><s2:TimeStamp>1786803727</s2:TimeStamp></s2:Header><s1:EVCCID>EVCC01</s1:EVCCID></s1:SessionSetupReq> (tcp_server.py:97)
[2026-08-15 14:22:07,199] INFO (tcp_server): Received SessionSetupReq.
[2026-08-15 14:22:07,200] DEBUG (tcp_server): XML message to be sent: <?xml version="1.0" encoding="UTF-8"?>
<ns0:SessionSetupRes xmlns:ns0="urn:iso:std:iso:15118:-20:CommonMessages">
  <ns1:Header xmlns:ns1="urn:iso:std:iso:15118:-20:CommonTypes">
    <ns1:SessionID>3430343832373733</ns1:SessionID>
    <ns1:TimeStamp>1786803727</ns1:TimeStamp>
  </ns1:Header>
  <ns1:ResponseCode xmlns:ns1="urn:iso:std:iso:15118:-20:CommonTypes">OK_NewSessionEstablished</ns1:ResponseCode>
  <ns0:EVSEID>ZZ000000</ns0:EVSEID>
</ns0:SessionSetupRes>
 (tcp_server.py:124)
[2026-08-15 14:22:07,200] DEBUG (tcp_server): Encoding process start (tcp_server.py:125)
[2026-08-15 14:22:07,200] INFO (message_handling): Common message to be encoded
[2026-08-15 14:22:07,200] INFO (message_handling): Message is valid against Schema XSD
[2026-08-15 14:22:07,202] DEBUG (tcp_server): Encoded EXI message: 8090041A181A1C191B9B9988FEC8 1D4062040296968C0C0C0C0C0C00 (tcp_server.py:134)
[2026-08-15 14:22:07,212] INFO (tcp_server): Received request from ('fd00:edf::1', 42056, 0, 0).
[2026-08-15 14:22:07,213] INFO (message_handling): Message is valid.
[2026-08-15 14:22:07,213] DEBUG (tcp_server): Received EXI msg to be decoded: 8008041A181A1C191 B9B9988FEC81D4062 (tcp_server.py:84)
[2026-08-15 14:22:07,213] INFO (tcp_server): Payload type: 0x8002
[2026-08-15 14:22:07,213] INFO (message_handling): Common message to be decoded
[2026-08-15 14:22:07,213] DEBUG (tcp_server): Message successfully decoded (tcp_server.py:96)
[2026-08-15 14:22:07,214] DEBUG (tcp_server): XML message received: <?xml version="1.0" encoding="UTF-8"?><s1:AuthorizationSetupReq xmlns:s1="urn:iso:std:iso:15118:-20:CommonMessages" xmlns:xsi="http://www.w3.org/2001/XMLSchema-instance" xmlns:xsd="http://www.w3.org/2001/XMLSchema" xmlns:s0="http://www.w3.org/2000/09/xmldsig#" xmlns:s2="urn:iso:std:iso:15118:-20:CommonTypes"><s2:Header><s2:SessionID>3430343832373733</s2:SessionID><s2:TimeStamp>1786803727</s2:TimeStamp></s2:Header></s1:AuthorizationSetupReq> (tcp_server.py:97)
[2026-08-15 14:22:07,214] INFO (tcp_server): Received AuthorizationSetupReq.
[2026-08-15 14:22:07,214] DEBUG (tcp_server): XML message to be sent: <?xml version="1.0" encoding="UTF-8"?>
<ns0:AuthorizationSetupRes xmlns:ns0="urn:iso:std:iso:15118:-20:CommonMessages">
  <ns1:Header xmlns:ns1="urn:iso:std:iso:15118:-20:CommonTypes">
    <ns1:SessionID>3430343832373733</ns1:SessionID>
    <ns1:TimeStamp>1786803727</ns1:TimeStamp>
  </ns1:Header>
  <ns1:ResponseCode xmlns:ns1="urn:iso:std:iso:15118:-20:CommonTypes">OK</ns1:ResponseCode>
  <ns0:AuthorizationServices>EIM</ns0:AuthorizationServices>
  <ns0:CertificateInstallationService>false</ns0:CertificateInstallationService>
  <ns0:EIM_ASResAuthorizationMode/>
</ns0:AuthorizationSetupRes>
 (tcp_server.py:124)
[2026-08-15 14:22:07,214] DEBUG (tcp_server): Encoding process start (tcp_server.py:125)
[2026-08-15 14:22:07,215] INFO (message_handling): Common message to be encoded
[2026-08-15 14:22:07,215] INFO (message_handling): Message is valid against Schema XSD
[2026-08-15 14:22:07,215] DEBUG (tcp_server): Encoded EXI message: 800C041A181A1C191B9B 9988FEC81D4062000400 (tcp_server.py:134)
[2026-08-15 14:22:07,220] INFO (tcp_server): Received request from ('fd00:edf::1', 42056, 0, 0).
[2026-08-15 14:22:07,220] INFO (message_handling): Message is valid.
[2026-08-15 14:22:07,220] DEBUG (tcp_server): Received EXI msg to be decoded: 8000041A181A1C191B 9B9988FEC81D406200 (tcp_server.py:84)
[2026-08-15 14:22:07,220] INFO (tcp_server): Payload type: 0x8002
[2026-08-15 14:22:07,220] INFO (message_handling): Common message to be decoded
[2026-08-15 14:22:07,221] DEBUG (tcp_server): Message successfully decoded (tcp_server.py:96)
[2026-08-15 14:22:07,221] DEBUG (tcp_server): XML message received: <?xml version="1.0" encoding="UTF-8"?><s1:AuthorizationReq xmlns:s1="urn:iso:std:iso:15118:-20:CommonMessages" xmlns:xsi="http://www.w3.org/2001/XMLSchema-instance" xmlns:xsd="http://www.w3.org/2001/XMLSchema" xmlns:s0="http://www.w3.org/2000/09/xmldsig#" xmlns:s2="urn:iso:std:iso:15118:-20:CommonTypes"><s2:Header><s2:SessionID>3430343832373733</s2:SessionID><s2:TimeStamp>1786803727</s2:TimeStamp></s2:Header><s1:SelectedAuthorizationService>EIM</s1:SelectedAuthorizationService><s1:EIM_AReqAuthorizationMode/></s1:AuthorizationReq> (tcp_server.py:97)
[2026-08-15 14:22:07,222] INFO (tcp_server): Received AuthorizationReq.
[2026-08-15 14:22:07,223] DEBUG (tcp_server): XML message to be sent: <?xml version="1.0" encoding="UTF-8"?>
<ns0:AuthorizationRes xmlns:ns0="urn:iso:std:iso:15118:-20:CommonMessages">
  <ns1:Header xmlns:ns1="urn:iso:std:iso:15118:-20:CommonTypes">
    <ns1:SessionID>3430343832373733</ns1:SessionID>
    <ns1:TimeStamp>1786803727</ns1:TimeStamp>
  </ns1:Header>
  <ns1:ResponseCode xmlns:ns1="urn:iso:std:iso:15118:-20:CommonTypes">OK</ns1:ResponseCode>
  <ns0:EVSEProcessing>Finished</ns0:EVSEProcessing>
</ns0:AuthorizationRes>
 (tcp_server.py:124)
[2026-08-15 14:22:07,223] DEBUG (tcp_server): Encoding process start (tcp_server.py:125)
[2026-08-15 14:22:07,223] INFO (message_handling): Common message to be encoded
[2026-08-15 14:22:07,223] INFO (message_handling): Message is valid against Schema XSD
[2026-08-15 14:22:07,224] DEBUG (tcp_server): Encoded EXI message: 8004041A181A1C191B9 B9988FEC81D40620000 (tcp_server.py:134)
[2026-08-15 14:22:07,227] INFO (tcp_server): Received request from ('fd00:edf::1', 42056, 0, 0).
[2026-08-15 14:22:07,227] INFO (message_handling): Message is valid.
[2026-08-15 14:22:07,227] DEBUG (tcp_server): Received EXI msg to be decoded: 807C041A181A1C191B 9B9988FEC81D406280 (tcp_server.py:84)
[2026-08-15 14:22:07,227] INFO (tcp_server): Payload type: 0x8002
[2026-08-15 14:22:07,227] INFO (message_handling): Common message to be decoded
[2026-08-15 14:22:07,228] DEBUG (tcp_server): Message successfully decoded (tcp_server.py:96)
[2026-08-15 14:22:07,228] DEBUG (tcp_server): XML message received: <?xml version="1.0" encoding="UTF-8"?><s1:ServiceDiscoveryReq xmlns:s1="urn:iso:std:iso:15118:-20:CommonMessages" xmlns:xsi="http://www.w3.org/2001/XMLSchema-instance" xmlns:xsd="http://www.w3.org/2001/XMLSchema" xmlns:s0="http://www.w3.org/2000/09/xmldsig#" xmlns:s2="urn:iso:std:iso:15118:-20:CommonTypes"><s2:Header><s2:SessionID>3430343832373733</s2:SessionID><s2:TimeStamp>1786803727</s2:TimeStamp></s2:Header></s1:ServiceDiscoveryReq> (tcp_server.py:97)
[2026-08-15 14:22:07,229] INFO (tcp_server): Received ServiceDiscoveryReq.
Fatal error: protocol.data_received() call failed.
protocol: <secc.tcp_server.TCPServerProtocol object at 0x7d653c9ed2e0>
transport: <_SelectorSocketTransport fd=22 read=polling write=<idle, bufsize=0>>
Traceback (most recent call last):
  File "/usr/local/lib/python3.8/asyncio/selector_events.py", line 862, in _read_ready__data_received
    self._protocol.data_received(data)
  File "/app/secc/../secc/tcp_server.py", line 60, in data_received
    self.process_incoming_message(packet)
  File "/app/secc/../secc/tcp_server.py", line 112, in process_incoming_message
    reaction = self.session.get_state(self.session.state).process_payload(xml_object)
  File "/app/secc/../secc/states/process_service_discovery_request.py", line 31, in process_payload
    if 6 in payload.supported_service_ids.service_id:
AttributeError: 'NoneType' object has no attribute 'service_id'
[2026-08-15 14:22:07,230] ERROR (tcp_server): 'NoneType' object has no attribute 'service_id'. (tcp_server.py:69)
[2026-08-15 14:22:14,901] INFO (tcp_server): Connection made. Starting new communication session.
[2026-08-15 14:22:14,905] INFO (tcp_server): Sent notification.
[2026-08-15 14:22:14,912] INFO (tcp_server): Received request from ('fd00:edf::1', 40836, 0, 0).
[2026-08-15 14:22:14,912] INFO (message_handling): Message is valid.
[2026-08-15 14:22:14,912] DEBUG (tcp_server): Received EXI msg to be decoded: 8000F3AB9371D34B9B79D39BA321D34B9B79D 189A98989C1D1699181D22218010000040040 (tcp_server.py:84)
[2026-08-15 14:22:14,912] INFO (tcp_server): Payload type: 0x8001
[2026-08-15 14:22:14,912] INFO (message_handling): Supported App Protocol message to be decoded
[2026-08-15 14:22:14,913] DEBUG (tcp_server): Message successfully decoded (tcp_server.py:96)
[2026-08-15 14:22:14,913] DEBUG (tcp_server): XML message received: <?xml version="1.0" encoding="UTF-8"?><s0:supportedAppProtocolReq xmlns:s0="urn:iso:15118:2:2010:AppProtocol" xmlns:xsi="http://www.w3.org/2001/XMLSchema-instance" xmlns:xsd="http://www.w3.org/2001/XMLSchema"><AppProtocol><ProtocolNamespace>urn:iso:std:iso:15118:-20:DC</ProtocolNamespace><VersionNumberMajor>1</VersionNumberMajor><VersionNumberMinor>0</VersionNumberMinor><SchemaID>1</SchemaID><Priority>1</Priority></AppProtocol></s0:supportedAppProtocolReq> (tcp_server.py:97)
[2026-08-15 14:22:14,913] INFO (tcp_server): Received SupportedAppProtocolReq.
[2026-08-15 14:22:14,914] DEBUG (tcp_server): XML message to be sent: <?xml version="1.0" encoding="UTF-8"?>
<ns0:supportedAppProtocolRes xmlns:ns0="urn:iso:15118:2:2010:AppProtocol">
  <ResponseCode>OK_SuccessfulNegotiation</ResponseCode>
  <SchemaID>1</SchemaID>
</ns0:supportedAppProtocolRes>
 (tcp_server.py:124)
[2026-08-15 14:22:14,914] DEBUG (tcp_server): Encoding process start (tcp_server.py:125)
[2026-08-15 14:22:14,914] INFO (message_handling): Supported App Protocol message to be encoded
[2026-08-15 14:22:14,914] INFO (message_handling): Message is valid against Schema XSD
[2026-08-15 14:22:14,914] DEBUG (tcp_server): Encoded EXI message: 8040 0040 (tcp_server.py:134)
[2026-08-15 14:22:14,927] INFO (tcp_server): Received request from ('fd00:edf::1', 40836, 0, 0).
[2026-08-15 14:22:14,928] INFO (message_handling): Message is valid.
[2026-08-15 14:22:14,928] DEBUG (tcp_server): Received EXI msg to be decoded: 808C040000000000000000096 EC81D40620422AB21A1981880 (tcp_server.py:84)
[2026-08-15 14:22:14,928] INFO (tcp_server): Payload type: 0x8002
[2026-08-15 14:22:14,928] INFO (message_handling): Common message to be decoded
[2026-08-15 14:22:14,929] DEBUG (tcp_server): Message successfully decoded (tcp_server.py:96)
[2026-08-15 14:22:14,929] DEBUG (tcp_server): XML message received: <?xml version="1.0" encoding="UTF-8"?><s1:SessionSetupReq xmlns:s1="urn:iso:std:iso:15118:-20:CommonMessages" xmlns:xsi="http://www.w3.org/2001/XMLSchema-instance" xmlns:xsd="http://www.w3.org/2001/XMLSchema" xmlns:s0="http://www.w3.org/2000/09/xmldsig#" xmlns:s2="urn:iso:std:iso:15118:-20:CommonTypes"><s2:Header><s2:SessionID>0000000000000000</s2:SessionID><s2:TimeStamp>1786803734</s2:TimeStamp></s2:Header><s1:EVCCID>EVCC01</s1:EVCCID></s1:SessionSetupReq> (tcp_server.py:97)
[2026-08-15 14:22:14,930] INFO (tcp_server): Received SessionSetupReq.
[2026-08-15 14:22:14,931] DEBUG (tcp_server): XML message to be sent: <?xml version="1.0" encoding="UTF-8"?>
<ns0:SessionSetupRes xmlns:ns0="urn:iso:std:iso:15118:-20:CommonMessages">
  <ns1:Header xmlns:ns1="urn:iso:std:iso:15118:-20:CommonTypes">
    <ns1:SessionID>3736383831393438</ns1:SessionID>
    <ns1:TimeStamp>1786803734</ns1:TimeStamp>
  </ns1:Header>
  <ns1:ResponseCode xmlns:ns1="urn:iso:std:iso:15118:-20:CommonTypes">OK_NewSessionEstablished</ns1:ResponseCode>
  <ns0:EVSEID>ZZ000000</ns0:EVSEID>
</ns0:SessionSetupRes>
 (tcp_server.py:124)
[2026-08-15 14:22:14,931] DEBUG (tcp_server): Encoding process start (tcp_server.py:125)
[2026-08-15 14:22:14,931] INFO (message_handling): Common message to be encoded
[2026-08-15 14:22:14,931] INFO (message_handling): Message is valid against Schema XSD
[2026-08-15 14:22:14,932] DEBUG (tcp_server): Encoded EXI message: 8090041B9B1C1C189C9A1C096EC8 1D4062040296968C0C0C0C0C0C00 (tcp_server.py:134)
[2026-08-15 14:22:14,944] INFO (tcp_server): Received request from ('fd00:edf::1', 40836, 0, 0).
[2026-08-15 14:22:14,945] INFO (message_handling): Message is valid.
[2026-08-15 14:22:14,945] DEBUG (tcp_server): Received EXI msg to be decoded: 8008041B9B1C1C189 C9A1C096EC81D4062 (tcp_server.py:84)
[2026-08-15 14:22:14,945] INFO (tcp_server): Payload type: 0x8002
[2026-08-15 14:22:14,945] INFO (message_handling): Common message to be decoded
[2026-08-15 14:22:14,946] DEBUG (tcp_server): Message successfully decoded (tcp_server.py:96)
[2026-08-15 14:22:14,946] DEBUG (tcp_server): XML message received: <?xml version="1.0" encoding="UTF-8"?><s1:AuthorizationSetupReq xmlns:s1="urn:iso:std:iso:15118:-20:CommonMessages" xmlns:xsi="http://www.w3.org/2001/XMLSchema-instance" xmlns:xsd="http://www.w3.org/2001/XMLSchema" xmlns:s0="http://www.w3.org/2000/09/xmldsig#" xmlns:s2="urn:iso:std:iso:15118:-20:CommonTypes"><s2:Header><s2:SessionID>3736383831393438</s2:SessionID><s2:TimeStamp>1786803734</s2:TimeStamp></s2:Header></s1:AuthorizationSetupReq> (tcp_server.py:97)
[2026-08-15 14:22:14,946] INFO (tcp_server): Received AuthorizationSetupReq.
[2026-08-15 14:22:14,947] DEBUG (tcp_server): XML message to be sent: <?xml version="1.0" encoding="UTF-8"?>
<ns0:AuthorizationSetupRes xmlns:ns0="urn:iso:std:iso:15118:-20:CommonMessages">
  <ns1:Header xmlns:ns1="urn:iso:std:iso:15118:-20:CommonTypes">
    <ns1:SessionID>3736383831393438</ns1:SessionID>
    <ns1:TimeStamp>1786803734</ns1:TimeStamp>
  </ns1:Header>
  <ns1:ResponseCode xmlns:ns1="urn:iso:std:iso:15118:-20:CommonTypes">OK</ns1:ResponseCode>
  <ns0:AuthorizationServices>EIM</ns0:AuthorizationServices>
  <ns0:CertificateInstallationService>false</ns0:CertificateInstallationService>
  <ns0:EIM_ASResAuthorizationMode/>
</ns0:AuthorizationSetupRes>
 (tcp_server.py:124)
[2026-08-15 14:22:14,947] DEBUG (tcp_server): Encoding process start (tcp_server.py:125)
[2026-08-15 14:22:14,947] INFO (message_handling): Common message to be encoded
[2026-08-15 14:22:14,947] INFO (message_handling): Message is valid against Schema XSD
[2026-08-15 14:22:14,948] DEBUG (tcp_server): Encoded EXI message: 800C041B9B1C1C189C9A 1C096EC81D4062000400 (tcp_server.py:134)
[2026-08-15 14:22:14,952] INFO (tcp_server): Received request from ('fd00:edf::1', 40836, 0, 0).
[2026-08-15 14:22:14,952] INFO (message_handling): Message is valid.
[2026-08-15 14:22:14,952] DEBUG (tcp_server): Received EXI msg to be decoded: 8000041B9B1C1C189C 9A1C096EC81D406200 (tcp_server.py:84)
[2026-08-15 14:22:14,952] INFO (tcp_server): Payload type: 0x8002
[2026-08-15 14:22:14,952] INFO (message_handling): Common message to be decoded
[2026-08-15 14:22:14,953] DEBUG (tcp_server): Message successfully decoded (tcp_server.py:96)
[2026-08-15 14:22:14,953] DEBUG (tcp_server): XML message received: <?xml version="1.0" encoding="UTF-8"?><s1:AuthorizationReq xmlns:s1="urn:iso:std:iso:15118:-20:CommonMessages" xmlns:xsi="http://www.w3.org/2001/XMLSchema-instance" xmlns:xsd="http://www.w3.org/2001/XMLSchema" xmlns:s0="http://www.w3.org/2000/09/xmldsig#" xmlns:s2="urn:iso:std:iso:15118:-20:CommonTypes"><s2:Header><s2:SessionID>3736383831393438</s2:SessionID><s2:TimeStamp>1786803734</s2:TimeStamp></s2:Header><s1:SelectedAuthorizationService>EIM</s1:SelectedAuthorizationService><s1:EIM_AReqAuthorizationMode/></s1:AuthorizationReq> (tcp_server.py:97)
[2026-08-15 14:22:14,953] INFO (tcp_server): Received AuthorizationReq.
[2026-08-15 14:22:14,954] DEBUG (tcp_server): XML message to be sent: <?xml version="1.0" encoding="UTF-8"?>
<ns0:AuthorizationRes xmlns:ns0="urn:iso:std:iso:15118:-20:CommonMessages">
  <ns1:Header xmlns:ns1="urn:iso:std:iso:15118:-20:CommonTypes">
    <ns1:SessionID>3736383831393438</ns1:SessionID>
    <ns1:TimeStamp>1786803734</ns1:TimeStamp>
  </ns1:Header>
  <ns1:ResponseCode xmlns:ns1="urn:iso:std:iso:15118:-20:CommonTypes">OK</ns1:ResponseCode>
  <ns0:EVSEProcessing>Finished</ns0:EVSEProcessing>
</ns0:AuthorizationRes>
 (tcp_server.py:124)
[2026-08-15 14:22:14,954] DEBUG (tcp_server): Encoding process start (tcp_server.py:125)
[2026-08-15 14:22:14,954] INFO (message_handling): Common message to be encoded
[2026-08-15 14:22:14,954] INFO (message_handling): Message is valid against Schema XSD
[2026-08-15 14:22:14,954] DEBUG (tcp_server): Encoded EXI message: 8004041B9B1C1C189C9 A1C096EC81D40620000 (tcp_server.py:134)
[2026-08-15 14:22:14,955] INFO (tcp_server): Received request from ('fd00:edf::1', 40836, 0, 0).
[2026-08-15 14:22:14,955] INFO (message_handling): Message is valid.
[2026-08-15 14:22:14,956] DEBUG (tcp_server): Received EXI msg to be decoded: 807C041B9B1C1C189C 9A1C096EC81D406280 (tcp_server.py:84)
[2026-08-15 14:22:14,956] INFO (tcp_server): Payload type: 0x8002
[2026-08-15 14:22:14,956] INFO (message_handling): Common message to be decoded
[2026-08-15 14:22:14,956] DEBUG (tcp_server): Message successfully decoded (tcp_server.py:96)
[2026-08-15 14:22:14,956] DEBUG (tcp_server): XML message received: <?xml version="1.0" encoding="UTF-8"?><s1:ServiceDiscoveryReq xmlns:s1="urn:iso:std:iso:15118:-20:CommonMessages" xmlns:xsi="http://www.w3.org/2001/XMLSchema-instance" xmlns:xsd="http://www.w3.org/2001/XMLSchema" xmlns:s0="http://www.w3.org/2000/09/xmldsig#" xmlns:s2="urn:iso:std:iso:15118:-20:CommonTypes"><s2:Header><s2:SessionID>3736383831393438</s2:SessionID><s2:TimeStamp>1786803734</s2:TimeStamp></s2:Header></s1:ServiceDiscoveryReq> (tcp_server.py:97)
[2026-08-15 14:22:14,956] INFO (tcp_server): Received ServiceDiscoveryReq.
Fatal error: protocol.data_received() call failed.
protocol: <secc.tcp_server.TCPServerProtocol object at 0x7d653c9f8550>
transport: <_SelectorSocketTransport fd=22 read=polling write=<idle, bufsize=0>>
Traceback (most recent call last):
  File "/usr/local/lib/python3.8/asyncio/selector_events.py", line 862, in _read_ready__data_received
    self._protocol.data_received(data)
  File "/app/secc/../secc/tcp_server.py", line 60, in data_received
    self.process_incoming_message(packet)
  File "/app/secc/../secc/tcp_server.py", line 112, in process_incoming_message
    reaction = self.session.get_state(self.session.state).process_payload(xml_object)
  File "/app/secc/../secc/states/process_service_discovery_request.py", line 31, in process_payload
    if 6 in payload.supported_service_ids.service_id:
AttributeError: 'NoneType' object has no attribute 'service_id'
[2026-08-15 14:22:14,957] ERROR (tcp_server): 'NoneType' object has no attribute 'service_id'. (tcp_server.py:69)
[2026-08-15 14:22:22,451] INFO (tcp_server): Connection made. Starting new communication session.
[2026-08-15 14:22:22,454] INFO (tcp_server): Sent notification.
[2026-08-15 14:22:22,459] INFO (tcp_server): Received request from ('fd00:edf::1', 40646, 0, 0).
[2026-08-15 14:22:22,459] INFO (message_handling): Message is valid.
[2026-08-15 14:22:22,459] DEBUG (tcp_server): Received EXI msg to be decoded: 8000F3AB9371D34B9B79D39BA321D34B9B79D 189A98989C1D1699181D22218010000040040 (tcp_server.py:84)
[2026-08-15 14:22:22,459] INFO (tcp_server): Payload type: 0x8001
[2026-08-15 14:22:22,459] INFO (message_handling): Supported App Protocol message to be decoded
[2026-08-15 14:22:22,461] DEBUG (tcp_server): Message successfully decoded (tcp_server.py:96)
[2026-08-15 14:22:22,461] DEBUG (tcp_server): XML message received: <?xml version="1.0" encoding="UTF-8"?><s0:supportedAppProtocolReq xmlns:s0="urn:iso:15118:2:2010:AppProtocol" xmlns:xsi="http://www.w3.org/2001/XMLSchema-instance" xmlns:xsd="http://www.w3.org/2001/XMLSchema"><AppProtocol><ProtocolNamespace>urn:iso:std:iso:15118:-20:DC</ProtocolNamespace><VersionNumberMajor>1</VersionNumberMajor><VersionNumberMinor>0</VersionNumberMinor><SchemaID>1</SchemaID><Priority>1</Priority></AppProtocol></s0:supportedAppProtocolReq> (tcp_server.py:97)
[2026-08-15 14:22:22,461] INFO (tcp_server): Received SupportedAppProtocolReq.
[2026-08-15 14:22:22,462] DEBUG (tcp_server): XML message to be sent: <?xml version="1.0" encoding="UTF-8"?>
<ns0:supportedAppProtocolRes xmlns:ns0="urn:iso:15118:2:2010:AppProtocol">
  <ResponseCode>OK_SuccessfulNegotiation</ResponseCode>
  <SchemaID>1</SchemaID>
</ns0:supportedAppProtocolRes>
 (tcp_server.py:124)
[2026-08-15 14:22:22,462] DEBUG (tcp_server): Encoding process start (tcp_server.py:125)
[2026-08-15 14:22:22,462] INFO (message_handling): Supported App Protocol message to be encoded
[2026-08-15 14:22:22,462] INFO (message_handling): Message is valid against Schema XSD
[2026-08-15 14:22:22,463] DEBUG (tcp_server): Encoded EXI message: 8040 0040 (tcp_server.py:134)
[2026-08-15 14:22:22,477] INFO (tcp_server): Received request from ('fd00:edf::1', 40646, 0, 0).
[2026-08-15 14:22:22,477] INFO (message_handling): Message is valid.
[2026-08-15 14:22:22,477] DEBUG (tcp_server): Received EXI msg to be decoded: 808C04000000000000000009E EC81D40620422AB21A1981880 (tcp_server.py:84)
[2026-08-15 14:22:22,478] INFO (tcp_server): Payload type: 0x8002
[2026-08-15 14:22:22,478] INFO (message_handling): Common message to be decoded
[2026-08-15 14:22:22,478] DEBUG (tcp_server): Message successfully decoded (tcp_server.py:96)
[2026-08-15 14:22:22,478] DEBUG (tcp_server): XML message received: <?xml version="1.0" encoding="UTF-8"?><s1:SessionSetupReq xmlns:s1="urn:iso:std:iso:15118:-20:CommonMessages" xmlns:xsi="http://www.w3.org/2001/XMLSchema-instance" xmlns:xsd="http://www.w3.org/2001/XMLSchema" xmlns:s0="http://www.w3.org/2000/09/xmldsig#" xmlns:s2="urn:iso:std:iso:15118:-20:CommonTypes"><s2:Header><s2:SessionID>0000000000000000</s2:SessionID><s2:TimeStamp>1786803742</s2:TimeStamp></s2:Header><s1:EVCCID>EVCC01</s1:EVCCID></s1:SessionSetupReq> (tcp_server.py:97)
[2026-08-15 14:22:22,479] INFO (tcp_server): Received SessionSetupReq.
[2026-08-15 14:22:22,479] DEBUG (tcp_server): XML message to be sent: <?xml version="1.0" encoding="UTF-8"?>
<ns0:SessionSetupRes xmlns:ns0="urn:iso:std:iso:15118:-20:CommonMessages">
  <ns1:Header xmlns:ns1="urn:iso:std:iso:15118:-20:CommonTypes">
    <ns1:SessionID>3139313933373234</ns1:SessionID>
    <ns1:TimeStamp>1786803742</ns1:TimeStamp>
  </ns1:Header>
  <ns1:ResponseCode xmlns:ns1="urn:iso:std:iso:15118:-20:CommonTypes">OK_NewSessionEstablished</ns1:ResponseCode>
  <ns0:EVSEID>ZZ000000</ns0:EVSEID>
</ns0:SessionSetupRes>
 (tcp_server.py:124)
[2026-08-15 14:22:22,479] DEBUG (tcp_server): Encoding process start (tcp_server.py:125)
[2026-08-15 14:22:22,479] INFO (message_handling): Common message to be encoded
[2026-08-15 14:22:22,479] INFO (message_handling): Message is valid against Schema XSD
[2026-08-15 14:22:22,481] DEBUG (tcp_server): Encoded EXI message: 809004189C989C999B991A09EEC8 1D4062040296968C0C0C0C0C0C00 (tcp_server.py:134)
[2026-08-15 14:22:22,489] INFO (tcp_server): Received request from ('fd00:edf::1', 40646, 0, 0).
[2026-08-15 14:22:22,489] INFO (message_handling): Message is valid.
[2026-08-15 14:22:22,490] DEBUG (tcp_server): Received EXI msg to be decoded: 800804189C989C999 B991A09EEC81D4062 (tcp_server.py:84)
[2026-08-15 14:22:22,490] INFO (tcp_server): Payload type: 0x8002
[2026-08-15 14:22:22,490] INFO (message_handling): Common message to be decoded
[2026-08-15 14:22:22,490] DEBUG (tcp_server): Message successfully decoded (tcp_server.py:96)
[2026-08-15 14:22:22,490] DEBUG (tcp_server): XML message received: <?xml version="1.0" encoding="UTF-8"?><s1:AuthorizationSetupReq xmlns:s1="urn:iso:std:iso:15118:-20:CommonMessages" xmlns:xsi="http://www.w3.org/2001/XMLSchema-instance" xmlns:xsd="http://www.w3.org/2001/XMLSchema" xmlns:s0="http://www.w3.org/2000/09/xmldsig#" xmlns:s2="urn:iso:std:iso:15118:-20:CommonTypes"><s2:Header><s2:SessionID>3139313933373234</s2:SessionID><s2:TimeStamp>1786803742</s2:TimeStamp></s2:Header></s1:AuthorizationSetupReq> (tcp_server.py:97)
[2026-08-15 14:22:22,491] INFO (tcp_server): Received AuthorizationSetupReq.
[2026-08-15 14:22:22,491] DEBUG (tcp_server): XML message to be sent: <?xml version="1.0" encoding="UTF-8"?>
<ns0:AuthorizationSetupRes xmlns:ns0="urn:iso:std:iso:15118:-20:CommonMessages">
  <ns1:Header xmlns:ns1="urn:iso:std:iso:15118:-20:CommonTypes">
    <ns1:SessionID>3139313933373234</ns1:SessionID>
    <ns1:TimeStamp>1786803742</ns1:TimeStamp>
  </ns1:Header>
  <ns1:ResponseCode xmlns:ns1="urn:iso:std:iso:15118:-20:CommonTypes">OK</ns1:ResponseCode>
  <ns0:AuthorizationServices>EIM</ns0:AuthorizationServices>
  <ns0:CertificateInstallationService>false</ns0:CertificateInstallationService>
  <ns0:EIM_ASResAuthorizationMode/>
</ns0:AuthorizationSetupRes>
 (tcp_server.py:124)
[2026-08-15 14:22:22,491] DEBUG (tcp_server): Encoding process start (tcp_server.py:125)
[2026-08-15 14:22:22,491] INFO (message_handling): Common message to be encoded
[2026-08-15 14:22:22,491] INFO (message_handling): Message is valid against Schema XSD
[2026-08-15 14:22:22,492] DEBUG (tcp_server): Encoded EXI message: 800C04189C989C999B99 1A09EEC81D4062000400 (tcp_server.py:134)
[2026-08-15 14:22:22,496] INFO (tcp_server): Received request from ('fd00:edf::1', 40646, 0, 0).
[2026-08-15 14:22:22,496] INFO (message_handling): Message is valid.
[2026-08-15 14:22:22,496] DEBUG (tcp_server): Received EXI msg to be decoded: 800004189C989C999B 991A09EEC81D406200 (tcp_server.py:84)
[2026-08-15 14:22:22,496] INFO (tcp_server): Payload type: 0x8002
[2026-08-15 14:22:22,497] INFO (message_handling): Common message to be decoded
[2026-08-15 14:22:22,497] DEBUG (tcp_server): Message successfully decoded (tcp_server.py:96)
[2026-08-15 14:22:22,497] DEBUG (tcp_server): XML message received: <?xml version="1.0" encoding="UTF-8"?><s1:AuthorizationReq xmlns:s1="urn:iso:std:iso:15118:-20:CommonMessages" xmlns:xsi="http://www.w3.org/2001/XMLSchema-instance" xmlns:xsd="http://www.w3.org/2001/XMLSchema" xmlns:s0="http://www.w3.org/2000/09/xmldsig#" xmlns:s2="urn:iso:std:iso:15118:-20:CommonTypes"><s2:Header><s2:SessionID>3139313933373234</s2:SessionID><s2:TimeStamp>1786803742</s2:TimeStamp></s2:Header><s1:SelectedAuthorizationService>EIM</s1:SelectedAuthorizationService><s1:EIM_AReqAuthorizationMode/></s1:AuthorizationReq> (tcp_server.py:97)
[2026-08-15 14:22:22,498] INFO (tcp_server): Received AuthorizationReq.
[2026-08-15 14:22:22,498] DEBUG (tcp_server): XML message to be sent: <?xml version="1.0" encoding="UTF-8"?>
<ns0:AuthorizationRes xmlns:ns0="urn:iso:std:iso:15118:-20:CommonMessages">
  <ns1:Header xmlns:ns1="urn:iso:std:iso:15118:-20:CommonTypes">
    <ns1:SessionID>3139313933373234</ns1:SessionID>
    <ns1:TimeStamp>1786803742</ns1:TimeStamp>
  </ns1:Header>
  <ns1:ResponseCode xmlns:ns1="urn:iso:std:iso:15118:-20:CommonTypes">OK</ns1:ResponseCode>
  <ns0:EVSEProcessing>Finished</ns0:EVSEProcessing>
</ns0:AuthorizationRes>
 (tcp_server.py:124)
[2026-08-15 14:22:22,498] DEBUG (tcp_server): Encoding process start (tcp_server.py:125)
[2026-08-15 14:22:22,498] INFO (message_handling): Common message to be encoded
[2026-08-15 14:22:22,498] INFO (message_handling): Message is valid against Schema XSD
[2026-08-15 14:22:22,499] DEBUG (tcp_server): Encoded EXI message: 800404189C989C999B9 91A09EEC81D40620000 (tcp_server.py:134)
[2026-08-15 14:22:22,501] INFO (tcp_server): Received request from ('fd00:edf::1', 40646, 0, 0).
[2026-08-15 14:22:22,501] INFO (message_handling): Message is valid.
[2026-08-15 14:22:22,501] DEBUG (tcp_server): Received EXI msg to be decoded: 807C04189C989C999B 991A09EEC81D406280 (tcp_server.py:84)
[2026-08-15 14:22:22,501] INFO (tcp_server): Payload type: 0x8002
[2026-08-15 14:22:22,501] INFO (message_handling): Common message to be decoded
[2026-08-15 14:22:22,502] DEBUG (tcp_server): Message successfully decoded (tcp_server.py:96)
[2026-08-15 14:22:22,502] DEBUG (tcp_server): XML message received: <?xml version="1.0" encoding="UTF-8"?><s1:ServiceDiscoveryReq xmlns:s1="urn:iso:std:iso:15118:-20:CommonMessages" xmlns:xsi="http://www.w3.org/2001/XMLSchema-instance" xmlns:xsd="http://www.w3.org/2001/XMLSchema" xmlns:s0="http://www.w3.org/2000/09/xmldsig#" xmlns:s2="urn:iso:std:iso:15118:-20:CommonTypes"><s2:Header><s2:SessionID>3139313933373234</s2:SessionID><s2:TimeStamp>1786803742</s2:TimeStamp></s2:Header></s1:ServiceDiscoveryReq> (tcp_server.py:97)
[2026-08-15 14:22:22,502] INFO (tcp_server): Received ServiceDiscoveryReq.
Fatal error: protocol.data_received() call failed.
protocol: <secc.tcp_server.TCPServerProtocol object at 0x7d653c9a34c0>
transport: <_SelectorSocketTransport fd=22 read=polling write=<idle, bufsize=0>>
Traceback (most recent call last):
  File "/usr/local/lib/python3.8/asyncio/selector_events.py", line 862, in _read_ready__data_received
    self._protocol.data_received(data)
  File "/app/secc/../secc/tcp_server.py", line 60, in data_received
    self.process_incoming_message(packet)
  File "/app/secc/../secc/tcp_server.py", line 112, in process_incoming_message
    reaction = self.session.get_state(self.session.state).process_payload(xml_object)
  File "/app/secc/../secc/states/process_service_discovery_request.py", line 31, in process_payload
    if 6 in payload.supported_service_ids.service_id:
AttributeError: 'NoneType' object has no attribute 'service_id'
[2026-08-15 14:22:22,502] ERROR (tcp_server): 'NoneType' object has no attribute 'service_id'. (tcp_server.py:69)
[2026-08-15 14:22:30,099] INFO (tcp_server): Connection made. Starting new communication session.
[2026-08-15 14:22:30,101] INFO (tcp_server): Sent notification.
[2026-08-15 14:22:30,106] INFO (tcp_server): Received request from ('fd00:edf::1', 34384, 0, 0).
[2026-08-15 14:22:30,106] INFO (message_handling): Message is valid.
[2026-08-15 14:22:30,106] DEBUG (tcp_server): Received EXI msg to be decoded: 8000F3AB9371D34B9B79D39BA321D34B9B79D 189A98989C1D1699181D22218010000040040 (tcp_server.py:84)
[2026-08-15 14:22:30,106] INFO (tcp_server): Payload type: 0x8001
[2026-08-15 14:22:30,106] INFO (message_handling): Supported App Protocol message to be decoded
[2026-08-15 14:22:30,107] DEBUG (tcp_server): Message successfully decoded (tcp_server.py:96)
[2026-08-15 14:22:30,107] DEBUG (tcp_server): XML message received: <?xml version="1.0" encoding="UTF-8"?><s0:supportedAppProtocolReq xmlns:s0="urn:iso:15118:2:2010:AppProtocol" xmlns:xsi="http://www.w3.org/2001/XMLSchema-instance" xmlns:xsd="http://www.w3.org/2001/XMLSchema"><AppProtocol><ProtocolNamespace>urn:iso:std:iso:15118:-20:DC</ProtocolNamespace><VersionNumberMajor>1</VersionNumberMajor><VersionNumberMinor>0</VersionNumberMinor><SchemaID>1</SchemaID><Priority>1</Priority></AppProtocol></s0:supportedAppProtocolReq> (tcp_server.py:97)
[2026-08-15 14:22:30,107] INFO (tcp_server): Received SupportedAppProtocolReq.
[2026-08-15 14:22:30,108] DEBUG (tcp_server): XML message to be sent: <?xml version="1.0" encoding="UTF-8"?>
<ns0:supportedAppProtocolRes xmlns:ns0="urn:iso:15118:2:2010:AppProtocol">
  <ResponseCode>OK_SuccessfulNegotiation</ResponseCode>
  <SchemaID>1</SchemaID>
</ns0:supportedAppProtocolRes>
 (tcp_server.py:124)
[2026-08-15 14:22:30,108] DEBUG (tcp_server): Encoding process start (tcp_server.py:125)
[2026-08-15 14:22:30,108] INFO (message_handling): Supported App Protocol message to be encoded
[2026-08-15 14:22:30,108] INFO (message_handling): Message is valid against Schema XSD
[2026-08-15 14:22:30,108] DEBUG (tcp_server): Encoded EXI message: 8040 0040 (tcp_server.py:134)
[2026-08-15 14:22:30,123] INFO (tcp_server): Received request from ('fd00:edf::1', 34384, 0, 0).
[2026-08-15 14:22:30,123] INFO (message_handling): Message is valid.
[2026-08-15 14:22:30,123] DEBUG (tcp_server): Received EXI msg to be decoded: 808C0400000000000000000A6 EC81D40620422AB21A1981880 (tcp_server.py:84)
[2026-08-15 14:22:30,123] INFO (tcp_server): Payload type: 0x8002
[2026-08-15 14:22:30,123] INFO (message_handling): Common message to be decoded
[2026-08-15 14:22:30,124] DEBUG (tcp_server): Message successfully decoded (tcp_server.py:96)
[2026-08-15 14:22:30,124] DEBUG (tcp_server): XML message received: <?xml version="1.0" encoding="UTF-8"?><s1:SessionSetupReq xmlns:s1="urn:iso:std:iso:15118:-20:CommonMessages" xmlns:xsi="http://www.w3.org/2001/XMLSchema-instance" xmlns:xsd="http://www.w3.org/2001/XMLSchema" xmlns:s0="http://www.w3.org/2000/09/xmldsig#" xmlns:s2="urn:iso:std:iso:15118:-20:CommonTypes"><s2:Header><s2:SessionID>0000000000000000</s2:SessionID><s2:TimeStamp>1786803750</s2:TimeStamp></s2:Header><s1:EVCCID>EVCC01</s1:EVCCID></s1:SessionSetupReq> (tcp_server.py:97)
[2026-08-15 14:22:30,124] INFO (tcp_server): Received SessionSetupReq.
[2026-08-15 14:22:30,125] DEBUG (tcp_server): XML message to be sent: <?xml version="1.0" encoding="UTF-8"?>
<ns0:SessionSetupRes xmlns:ns0="urn:iso:std:iso:15118:-20:CommonMessages">
  <ns1:Header xmlns:ns1="urn:iso:std:iso:15118:-20:CommonTypes">
    <ns1:SessionID>3836323932373436</ns1:SessionID>
    <ns1:TimeStamp>1786803750</ns1:TimeStamp>
  </ns1:Header>
  <ns1:ResponseCode xmlns:ns1="urn:iso:std:iso:15118:-20:CommonTypes">OK_NewSessionEstablished</ns1:ResponseCode>
  <ns0:EVSEID>ZZ000000</ns0:EVSEID>
</ns0:SessionSetupRes>
 (tcp_server.py:124)
[2026-08-15 14:22:30,125] DEBUG (tcp_server): Encoding process start (tcp_server.py:125)
[2026-08-15 14:22:30,125] INFO (message_handling): Common message to be encoded
[2026-08-15 14:22:30,125] INFO (message_handling): Message is valid against Schema XSD
[2026-08-15 14:22:30,126] DEBUG (tcp_server): Encoded EXI message: 8090041C1B191C991B9A1B0A6EC8 1D4062040296968C0C0C0C0C0C00 (tcp_server.py:134)
[2026-08-15 14:22:30,135] INFO (tcp_server): Received request from ('fd00:edf::1', 34384, 0, 0).
[2026-08-15 14:22:30,136] INFO (message_handling): Message is valid.
[2026-08-15 14:22:30,136] DEBUG (tcp_server): Received EXI msg to be decoded: 8008041C1B191C991 B9A1B0A6EC81D4062 (tcp_server.py:84)
[2026-08-15 14:22:30,136] INFO (tcp_server): Payload type: 0x8002
[2026-08-15 14:22:30,136] INFO (message_handling): Common message to be decoded
[2026-08-15 14:22:30,137] DEBUG (tcp_server): Message successfully decoded (tcp_server.py:96)
[2026-08-15 14:22:30,137] DEBUG (tcp_server): XML message received: <?xml version="1.0" encoding="UTF-8"?><s1:AuthorizationSetupReq xmlns:s1="urn:iso:std:iso:15118:-20:CommonMessages" xmlns:xsi="http://www.w3.org/2001/XMLSchema-instance" xmlns:xsd="http://www.w3.org/2001/XMLSchema" xmlns:s0="http://www.w3.org/2000/09/xmldsig#" xmlns:s2="urn:iso:std:iso:15118:-20:CommonTypes"><s2:Header><s2:SessionID>3836323932373436</s2:SessionID><s2:TimeStamp>1786803750</s2:TimeStamp></s2:Header></s1:AuthorizationSetupReq> (tcp_server.py:97)
[2026-08-15 14:22:30,137] INFO (tcp_server): Received AuthorizationSetupReq.
[2026-08-15 14:22:30,137] DEBUG (tcp_server): XML message to be sent: <?xml version="1.0" encoding="UTF-8"?>
<ns0:AuthorizationSetupRes xmlns:ns0="urn:iso:std:iso:15118:-20:CommonMessages">
  <ns1:Header xmlns:ns1="urn:iso:std:iso:15118:-20:CommonTypes">
    <ns1:SessionID>3836323932373436</ns1:SessionID>
    <ns1:TimeStamp>1786803750</ns1:TimeStamp>
  </ns1:Header>
  <ns1:ResponseCode xmlns:ns1="urn:iso:std:iso:15118:-20:CommonTypes">OK</ns1:ResponseCode>
  <ns0:AuthorizationServices>EIM</ns0:AuthorizationServices>
  <ns0:CertificateInstallationService>false</ns0:CertificateInstallationService>
  <ns0:EIM_ASResAuthorizationMode/>
</ns0:AuthorizationSetupRes>
 (tcp_server.py:124)
[2026-08-15 14:22:30,137] DEBUG (tcp_server): Encoding process start (tcp_server.py:125)
[2026-08-15 14:22:30,138] INFO (message_handling): Common message to be encoded
[2026-08-15 14:22:30,138] INFO (message_handling): Message is valid against Schema XSD
[2026-08-15 14:22:30,138] DEBUG (tcp_server): Encoded EXI message: 800C041C1B191C991B9A 1B0A6EC81D4062000400 (tcp_server.py:134)
[2026-08-15 14:22:30,144] INFO (tcp_server): Received request from ('fd00:edf::1', 34384, 0, 0).
[2026-08-15 14:22:30,144] INFO (message_handling): Message is valid.
[2026-08-15 14:22:30,144] DEBUG (tcp_server): Received EXI msg to be decoded: 8000041C1B191C991B 9A1B0A6EC81D406200 (tcp_server.py:84)
[2026-08-15 14:22:30,144] INFO (tcp_server): Payload type: 0x8002
[2026-08-15 14:22:30,144] INFO (message_handling): Common message to be decoded
[2026-08-15 14:22:30,145] DEBUG (tcp_server): Message successfully decoded (tcp_server.py:96)
[2026-08-15 14:22:30,145] DEBUG (tcp_server): XML message received: <?xml version="1.0" encoding="UTF-8"?><s1:AuthorizationReq xmlns:s1="urn:iso:std:iso:15118:-20:CommonMessages" xmlns:xsi="http://www.w3.org/2001/XMLSchema-instance" xmlns:xsd="http://www.w3.org/2001/XMLSchema" xmlns:s0="http://www.w3.org/2000/09/xmldsig#" xmlns:s2="urn:iso:std:iso:15118:-20:CommonTypes"><s2:Header><s2:SessionID>3836323932373436</s2:SessionID><s2:TimeStamp>1786803750</s2:TimeStamp></s2:Header><s1:SelectedAuthorizationService>EIM</s1:SelectedAuthorizationService><s1:EIM_AReqAuthorizationMode/></s1:AuthorizationReq> (tcp_server.py:97)
[2026-08-15 14:22:30,146] INFO (tcp_server): Received AuthorizationReq.
[2026-08-15 14:22:30,146] DEBUG (tcp_server): XML message to be sent: <?xml version="1.0" encoding="UTF-8"?>
<ns0:AuthorizationRes xmlns:ns0="urn:iso:std:iso:15118:-20:CommonMessages">
  <ns1:Header xmlns:ns1="urn:iso:std:iso:15118:-20:CommonTypes">
    <ns1:SessionID>3836323932373436</ns1:SessionID>
    <ns1:TimeStamp>1786803750</ns1:TimeStamp>
  </ns1:Header>
  <ns1:ResponseCode xmlns:ns1="urn:iso:std:iso:15118:-20:CommonTypes">OK</ns1:ResponseCode>
  <ns0:EVSEProcessing>Finished</ns0:EVSEProcessing>
</ns0:AuthorizationRes>
 (tcp_server.py:124)
[2026-08-15 14:22:30,146] DEBUG (tcp_server): Encoding process start (tcp_server.py:125)
[2026-08-15 14:22:30,146] INFO (message_handling): Common message to be encoded
[2026-08-15 14:22:30,146] INFO (message_handling): Message is valid against Schema XSD
[2026-08-15 14:22:30,147] DEBUG (tcp_server): Encoded EXI message: 8004041C1B191C991B9 A1B0A6EC81D40620000 (tcp_server.py:134)
[2026-08-15 14:22:30,149] INFO (tcp_server): Received request from ('fd00:edf::1', 34384, 0, 0).
[2026-08-15 14:22:30,149] INFO (message_handling): Message is valid.
[2026-08-15 14:22:30,149] DEBUG (tcp_server): Received EXI msg to be decoded: 807C041C1B191C991B 9A1B0A6EC81D406280 (tcp_server.py:84)
[2026-08-15 14:22:30,149] INFO (tcp_server): Payload type: 0x8002
[2026-08-15 14:22:30,149] INFO (message_handling): Common message to be decoded
[2026-08-15 14:22:30,150] DEBUG (tcp_server): Message successfully decoded (tcp_server.py:96)
[2026-08-15 14:22:30,150] DEBUG (tcp_server): XML message received: <?xml version="1.0" encoding="UTF-8"?><s1:ServiceDiscoveryReq xmlns:s1="urn:iso:std:iso:15118:-20:CommonMessages" xmlns:xsi="http://www.w3.org/2001/XMLSchema-instance" xmlns:xsd="http://www.w3.org/2001/XMLSchema" xmlns:s0="http://www.w3.org/2000/09/xmldsig#" xmlns:s2="urn:iso:std:iso:15118:-20:CommonTypes"><s2:Header><s2:SessionID>3836323932373436</s2:SessionID><s2:TimeStamp>1786803750</s2:TimeStamp></s2:Header></s1:ServiceDiscoveryReq> (tcp_server.py:97)
[2026-08-15 14:22:30,150] INFO (tcp_server): Received ServiceDiscoveryReq.
Fatal error: protocol.data_received() call failed.
protocol: <secc.tcp_server.TCPServerProtocol object at 0x7d653c9a34c0>
transport: <_SelectorSocketTransport fd=22 read=polling write=<idle, bufsize=0>>
Traceback (most recent call last):
  File "/usr/local/lib/python3.8/asyncio/selector_events.py", line 862, in _read_ready__data_received
    self._protocol.data_received(data)
  File "/app/secc/../secc/tcp_server.py", line 60, in data_received
    self.process_incoming_message(packet)
  File "/app/secc/../secc/tcp_server.py", line 112, in process_incoming_message
    reaction = self.session.get_state(self.session.state).process_payload(xml_object)
  File "/app/secc/../secc/states/process_service_discovery_request.py", line 31, in process_payload
    if 6 in payload.supported_service_ids.service_id:
AttributeError: 'NoneType' object has no attribute 'service_id'
[2026-08-15 14:22:30,151] ERROR (tcp_server): 'NoneType' object has no attribute 'service_id'. (tcp_server.py:69)
[2026-08-15 14:22:36,324] WARNING (timer): Message timer requirement not fulfilled: over 60.00 seconds). (timer.py:99)
[2026-08-15 14:22:37,434] INFO (tcp_server): Connection made. Starting new communication session.
[2026-08-15 14:22:37,436] INFO (tcp_server): Sent notification.
[2026-08-15 14:22:37,446] INFO (tcp_server): Received request from ('fd00:edf::1', 34398, 0, 0).
[2026-08-15 14:22:37,446] INFO (message_handling): Message is valid.
[2026-08-15 14:22:37,446] DEBUG (tcp_server): Received EXI msg to be decoded: 8000F3AB9371D34B9B79D39BA321D34B9B79D 189A98989C1D1699181D22218010000040040 (tcp_server.py:84)
[2026-08-15 14:22:37,446] INFO (tcp_server): Payload type: 0x8001
[2026-08-15 14:22:37,446] INFO (message_handling): Supported App Protocol message to be decoded
[2026-08-15 14:22:37,447] DEBUG (tcp_server): Message successfully decoded (tcp_server.py:96)
[2026-08-15 14:22:37,447] DEBUG (tcp_server): XML message received: <?xml version="1.0" encoding="UTF-8"?><s0:supportedAppProtocolReq xmlns:s0="urn:iso:15118:2:2010:AppProtocol" xmlns:xsi="http://www.w3.org/2001/XMLSchema-instance" xmlns:xsd="http://www.w3.org/2001/XMLSchema"><AppProtocol><ProtocolNamespace>urn:iso:std:iso:15118:-20:DC</ProtocolNamespace><VersionNumberMajor>1</VersionNumberMajor><VersionNumberMinor>0</VersionNumberMinor><SchemaID>1</SchemaID><Priority>1</Priority></AppProtocol></s0:supportedAppProtocolReq> (tcp_server.py:97)
[2026-08-15 14:22:37,448] INFO (tcp_server): Received SupportedAppProtocolReq.
[2026-08-15 14:22:37,448] DEBUG (tcp_server): XML message to be sent: <?xml version="1.0" encoding="UTF-8"?>
<ns0:supportedAppProtocolRes xmlns:ns0="urn:iso:15118:2:2010:AppProtocol">
  <ResponseCode>OK_SuccessfulNegotiation</ResponseCode>
  <SchemaID>1</SchemaID>
</ns0:supportedAppProtocolRes>
 (tcp_server.py:124)
[2026-08-15 14:22:37,449] DEBUG (tcp_server): Encoding process start (tcp_server.py:125)
[2026-08-15 14:22:37,449] INFO (message_handling): Supported App Protocol message to be encoded
[2026-08-15 14:22:37,449] INFO (message_handling): Message is valid against Schema XSD
[2026-08-15 14:22:37,449] DEBUG (tcp_server): Encoded EXI message: 8040 0040 (tcp_server.py:134)
[2026-08-15 14:22:37,463] INFO (tcp_server): Received request from ('fd00:edf::1', 34398, 0, 0).
[2026-08-15 14:22:37,463] INFO (message_handling): Message is valid.
[2026-08-15 14:22:37,464] DEBUG (tcp_server): Received EXI msg to be decoded: 808C0400000000000000000AD EC81D40620422AB21A1981880 (tcp_server.py:84)
[2026-08-15 14:22:37,464] INFO (tcp_server): Payload type: 0x8002
[2026-08-15 14:22:37,464] INFO (message_handling): Common message to be decoded
[2026-08-15 14:22:37,465] DEBUG (tcp_server): Message successfully decoded (tcp_server.py:96)
[2026-08-15 14:22:37,465] DEBUG (tcp_server): XML message received: <?xml version="1.0" encoding="UTF-8"?><s1:SessionSetupReq xmlns:s1="urn:iso:std:iso:15118:-20:CommonMessages" xmlns:xsi="http://www.w3.org/2001/XMLSchema-instance" xmlns:xsd="http://www.w3.org/2001/XMLSchema" xmlns:s0="http://www.w3.org/2000/09/xmldsig#" xmlns:s2="urn:iso:std:iso:15118:-20:CommonTypes"><s2:Header><s2:SessionID>0000000000000000</s2:SessionID><s2:TimeStamp>1786803757</s2:TimeStamp></s2:Header><s1:EVCCID>EVCC01</s1:EVCCID></s1:SessionSetupReq> (tcp_server.py:97)
[2026-08-15 14:22:37,465] INFO (tcp_server): Received SessionSetupReq.
[2026-08-15 14:22:37,466] DEBUG (tcp_server): XML message to be sent: <?xml version="1.0" encoding="UTF-8"?>
<ns0:SessionSetupRes xmlns:ns0="urn:iso:std:iso:15118:-20:CommonMessages">
  <ns1:Header xmlns:ns1="urn:iso:std:iso:15118:-20:CommonTypes">
    <ns1:SessionID>3735373736383436</ns1:SessionID>
    <ns1:TimeStamp>1786803757</ns1:TimeStamp>
  </ns1:Header>
  <ns1:ResponseCode xmlns:ns1="urn:iso:std:iso:15118:-20:CommonTypes">OK_NewSessionEstablished</ns1:ResponseCode>
  <ns0:EVSEID>ZZ000000</ns0:EVSEID>
</ns0:SessionSetupRes>
 (tcp_server.py:124)
[2026-08-15 14:22:37,466] DEBUG (tcp_server): Encoding process start (tcp_server.py:125)
[2026-08-15 14:22:37,466] INFO (message_handling): Common message to be encoded
[2026-08-15 14:22:37,466] INFO (message_handling): Message is valid against Schema XSD
[2026-08-15 14:22:37,467] DEBUG (tcp_server): Encoded EXI message: 8090041B9A9B9B9B1C1A1B0ADEC8 1D4062040296968C0C0C0C0C0C00 (tcp_server.py:134)
[2026-08-15 14:22:37,476] INFO (tcp_server): Received request from ('fd00:edf::1', 34398, 0, 0).
[2026-08-15 14:22:37,476] INFO (message_handling): Message is valid.
[2026-08-15 14:22:37,476] DEBUG (tcp_server): Received EXI msg to be decoded: 8008041B9A9B9B9B1 C1A1B0ADEC81D4062 (tcp_server.py:84)
[2026-08-15 14:22:37,476] INFO (tcp_server): Payload type: 0x8002
[2026-08-15 14:22:37,477] INFO (message_handling): Common message to be decoded
[2026-08-15 14:22:37,477] DEBUG (tcp_server): Message successfully decoded (tcp_server.py:96)
[2026-08-15 14:22:37,478] DEBUG (tcp_server): XML message received: <?xml version="1.0" encoding="UTF-8"?><s1:AuthorizationSetupReq xmlns:s1="urn:iso:std:iso:15118:-20:CommonMessages" xmlns:xsi="http://www.w3.org/2001/XMLSchema-instance" xmlns:xsd="http://www.w3.org/2001/XMLSchema" xmlns:s0="http://www.w3.org/2000/09/xmldsig#" xmlns:s2="urn:iso:std:iso:15118:-20:CommonTypes"><s2:Header><s2:SessionID>3735373736383436</s2:SessionID><s2:TimeStamp>1786803757</s2:TimeStamp></s2:Header></s1:AuthorizationSetupReq> (tcp_server.py:97)
[2026-08-15 14:22:37,478] INFO (tcp_server): Received AuthorizationSetupReq.
[2026-08-15 14:22:37,478] DEBUG (tcp_server): XML message to be sent: <?xml version="1.0" encoding="UTF-8"?>
<ns0:AuthorizationSetupRes xmlns:ns0="urn:iso:std:iso:15118:-20:CommonMessages">
  <ns1:Header xmlns:ns1="urn:iso:std:iso:15118:-20:CommonTypes">
    <ns1:SessionID>3735373736383436</ns1:SessionID>
    <ns1:TimeStamp>1786803757</ns1:TimeStamp>
  </ns1:Header>
  <ns1:ResponseCode xmlns:ns1="urn:iso:std:iso:15118:-20:CommonTypes">OK</ns1:ResponseCode>
  <ns0:AuthorizationServices>EIM</ns0:AuthorizationServices>
  <ns0:CertificateInstallationService>false</ns0:CertificateInstallationService>
  <ns0:EIM_ASResAuthorizationMode/>
</ns0:AuthorizationSetupRes>
 (tcp_server.py:124)
[2026-08-15 14:22:37,478] DEBUG (tcp_server): Encoding process start (tcp_server.py:125)
[2026-08-15 14:22:37,479] INFO (message_handling): Common message to be encoded
[2026-08-15 14:22:37,479] INFO (message_handling): Message is valid against Schema XSD
[2026-08-15 14:22:37,479] DEBUG (tcp_server): Encoded EXI message: 800C041B9A9B9B9B1C1A 1B0ADEC81D4062000400 (tcp_server.py:134)
[2026-08-15 14:22:37,484] INFO (tcp_server): Received request from ('fd00:edf::1', 34398, 0, 0).
[2026-08-15 14:22:37,484] INFO (message_handling): Message is valid.
[2026-08-15 14:22:37,484] DEBUG (tcp_server): Received EXI msg to be decoded: 8000041B9A9B9B9B1C 1A1B0ADEC81D406200 (tcp_server.py:84)
[2026-08-15 14:22:37,484] INFO (tcp_server): Payload type: 0x8002
[2026-08-15 14:22:37,484] INFO (message_handling): Common message to be decoded
[2026-08-15 14:22:37,485] DEBUG (tcp_server): Message successfully decoded (tcp_server.py:96)
[2026-08-15 14:22:37,485] DEBUG (tcp_server): XML message received: <?xml version="1.0" encoding="UTF-8"?><s1:AuthorizationReq xmlns:s1="urn:iso:std:iso:15118:-20:CommonMessages" xmlns:xsi="http://www.w3.org/2001/XMLSchema-instance" xmlns:xsd="http://www.w3.org/2001/XMLSchema" xmlns:s0="http://www.w3.org/2000/09/xmldsig#" xmlns:s2="urn:iso:std:iso:15118:-20:CommonTypes"><s2:Header><s2:SessionID>3735373736383436</s2:SessionID><s2:TimeStamp>1786803757</s2:TimeStamp></s2:Header><s1:SelectedAuthorizationService>EIM</s1:SelectedAuthorizationService><s1:EIM_AReqAuthorizationMode/></s1:AuthorizationReq> (tcp_server.py:97)
[2026-08-15 14:22:37,485] INFO (tcp_server): Received AuthorizationReq.
[2026-08-15 14:22:37,486] DEBUG (tcp_server): XML message to be sent: <?xml version="1.0" encoding="UTF-8"?>
<ns0:AuthorizationRes xmlns:ns0="urn:iso:std:iso:15118:-20:CommonMessages">
  <ns1:Header xmlns:ns1="urn:iso:std:iso:15118:-20:CommonTypes">
    <ns1:SessionID>3735373736383436</ns1:SessionID>
    <ns1:TimeStamp>1786803757</ns1:TimeStamp>
  </ns1:Header>
  <ns1:ResponseCode xmlns:ns1="urn:iso:std:iso:15118:-20:CommonTypes">OK</ns1:ResponseCode>
  <ns0:EVSEProcessing>Finished</ns0:EVSEProcessing>
</ns0:AuthorizationRes>
 (tcp_server.py:124)
[2026-08-15 14:22:37,486] DEBUG (tcp_server): Encoding process start (tcp_server.py:125)
[2026-08-15 14:22:37,486] INFO (message_handling): Common message to be encoded
[2026-08-15 14:22:37,486] INFO (message_handling): Message is valid against Schema XSD
[2026-08-15 14:22:37,486] DEBUG (tcp_server): Encoded EXI message: 8004041B9A9B9B9B1C1 A1B0ADEC81D40620000 (tcp_server.py:134)
[2026-08-15 14:22:37,488] INFO (tcp_server): Received request from ('fd00:edf::1', 34398, 0, 0).
[2026-08-15 14:22:37,488] INFO (message_handling): Message is valid.
[2026-08-15 14:22:37,488] DEBUG (tcp_server): Received EXI msg to be decoded: 807C041B9A9B9B9B1C 1A1B0ADEC81D406280 (tcp_server.py:84)
[2026-08-15 14:22:37,488] INFO (tcp_server): Payload type: 0x8002
[2026-08-15 14:22:37,488] INFO (message_handling): Common message to be decoded
[2026-08-15 14:22:37,488] DEBUG (tcp_server): Message successfully decoded (tcp_server.py:96)
[2026-08-15 14:22:37,488] DEBUG (tcp_server): XML message received: <?xml version="1.0" encoding="UTF-8"?><s1:ServiceDiscoveryReq xmlns:s1="urn:iso:std:iso:15118:-20:CommonMessages" xmlns:xsi="http://www.w3.org/2001/XMLSchema-instance" xmlns:xsd="http://www.w3.org/2001/XMLSchema" xmlns:s0="http://www.w3.org/2000/09/xmldsig#" xmlns:s2="urn:iso:std:iso:15118:-20:CommonTypes"><s2:Header><s2:SessionID>3735373736383436</s2:SessionID><s2:TimeStamp>1786803757</s2:TimeStamp></s2:Header></s1:ServiceDiscoveryReq> (tcp_server.py:97)
[2026-08-15 14:22:37,489] INFO (tcp_server): Received ServiceDiscoveryReq.
Fatal error: protocol.data_received() call failed.
protocol: <secc.tcp_server.TCPServerProtocol object at 0x7d653c9a3e50>
transport: <_SelectorSocketTransport fd=22 read=polling write=<idle, bufsize=0>>
Traceback (most recent call last):
  File "/usr/local/lib/python3.8/asyncio/selector_events.py", line 862, in _read_ready__data_received
    self._protocol.data_received(data)
  File "/app/secc/../secc/tcp_server.py", line 60, in data_received
    self.process_incoming_message(packet)
  File "/app/secc/../secc/tcp_server.py", line 112, in process_incoming_message
    reaction = self.session.get_state(self.session.state).process_payload(xml_object)
  File "/app/secc/../secc/states/process_service_discovery_request.py", line 31, in process_payload
    if 6 in payload.supported_service_ids.service_id:
AttributeError: 'NoneType' object has no attribute 'service_id'
[2026-08-15 14:22:37,489] ERROR (tcp_server): 'NoneType' object has no attribute 'service_id'. (tcp_server.py:69)
[2026-08-15 14:22:43,872] WARNING (timer): Message timer requirement not fulfilled: over 60.00 seconds). (timer.py:99)
[2026-08-15 14:22:45,185] INFO (tcp_server): Connection made. Starting new communication session.
[2026-08-15 14:22:45,189] INFO (tcp_server): Sent notification.
[2026-08-15 14:22:45,195] INFO (tcp_server): Received request from ('fd00:edf::1', 49752, 0, 0).
[2026-08-15 14:22:45,195] INFO (message_handling): Message is valid.
[2026-08-15 14:22:45,196] DEBUG (tcp_server): Received EXI msg to be decoded: 8000F3AB9371D34B9B79D39BA321D34B9B79D 189A98989C1D1699181D22218010000040040 (tcp_server.py:84)
[2026-08-15 14:22:45,196] INFO (tcp_server): Payload type: 0x8001
[2026-08-15 14:22:45,196] INFO (message_handling): Supported App Protocol message to be decoded
[2026-08-15 14:22:45,197] DEBUG (tcp_server): Message successfully decoded (tcp_server.py:96)
[2026-08-15 14:22:45,197] DEBUG (tcp_server): XML message received: <?xml version="1.0" encoding="UTF-8"?><s0:supportedAppProtocolReq xmlns:s0="urn:iso:15118:2:2010:AppProtocol" xmlns:xsi="http://www.w3.org/2001/XMLSchema-instance" xmlns:xsd="http://www.w3.org/2001/XMLSchema"><AppProtocol><ProtocolNamespace>urn:iso:std:iso:15118:-20:DC</ProtocolNamespace><VersionNumberMajor>1</VersionNumberMajor><VersionNumberMinor>0</VersionNumberMinor><SchemaID>1</SchemaID><Priority>1</Priority></AppProtocol></s0:supportedAppProtocolReq> (tcp_server.py:97)
[2026-08-15 14:22:45,198] INFO (tcp_server): Received SupportedAppProtocolReq.
[2026-08-15 14:22:45,198] DEBUG (tcp_server): XML message to be sent: <?xml version="1.0" encoding="UTF-8"?>
<ns0:supportedAppProtocolRes xmlns:ns0="urn:iso:15118:2:2010:AppProtocol">
  <ResponseCode>OK_SuccessfulNegotiation</ResponseCode>
  <SchemaID>1</SchemaID>
</ns0:supportedAppProtocolRes>
 (tcp_server.py:124)
[2026-08-15 14:22:45,198] DEBUG (tcp_server): Encoding process start (tcp_server.py:125)
[2026-08-15 14:22:45,198] INFO (message_handling): Supported App Protocol message to be encoded
[2026-08-15 14:22:45,198] INFO (message_handling): Message is valid against Schema XSD
[2026-08-15 14:22:45,199] DEBUG (tcp_server): Encoded EXI message: 8040 0040 (tcp_server.py:134)
[2026-08-15 14:22:45,217] INFO (tcp_server): Received request from ('fd00:edf::1', 49752, 0, 0).
[2026-08-15 14:22:45,218] INFO (message_handling): Message is valid.
[2026-08-15 14:22:45,218] DEBUG (tcp_server): Received EXI msg to be decoded: 808C0400000000000000000B5 EC81D40620422AB21A1981880 (tcp_server.py:84)
[2026-08-15 14:22:45,218] INFO (tcp_server): Payload type: 0x8002
[2026-08-15 14:22:45,218] INFO (message_handling): Common message to be decoded
[2026-08-15 14:22:45,219] DEBUG (tcp_server): Message successfully decoded (tcp_server.py:96)
[2026-08-15 14:22:45,219] DEBUG (tcp_server): XML message received: <?xml version="1.0" encoding="UTF-8"?><s1:SessionSetupReq xmlns:s1="urn:iso:std:iso:15118:-20:CommonMessages" xmlns:xsi="http://www.w3.org/2001/XMLSchema-instance" xmlns:xsd="http://www.w3.org/2001/XMLSchema" xmlns:s0="http://www.w3.org/2000/09/xmldsig#" xmlns:s2="urn:iso:std:iso:15118:-20:CommonTypes"><s2:Header><s2:SessionID>0000000000000000</s2:SessionID><s2:TimeStamp>1786803765</s2:TimeStamp></s2:Header><s1:EVCCID>EVCC01</s1:EVCCID></s1:SessionSetupReq> (tcp_server.py:97)
[2026-08-15 14:22:45,220] INFO (tcp_server): Received SessionSetupReq.
[2026-08-15 14:22:45,220] DEBUG (tcp_server): XML message to be sent: <?xml version="1.0" encoding="UTF-8"?>
<ns0:SessionSetupRes xmlns:ns0="urn:iso:std:iso:15118:-20:CommonMessages">
  <ns1:Header xmlns:ns1="urn:iso:std:iso:15118:-20:CommonTypes">
    <ns1:SessionID>3430373338303830</ns1:SessionID>
    <ns1:TimeStamp>1786803765</ns1:TimeStamp>
  </ns1:Header>
  <ns1:ResponseCode xmlns:ns1="urn:iso:std:iso:15118:-20:CommonTypes">OK_NewSessionEstablished</ns1:ResponseCode>
  <ns0:EVSEID>ZZ000000</ns0:EVSEID>
</ns0:SessionSetupRes>
 (tcp_server.py:124)
[2026-08-15 14:22:45,220] DEBUG (tcp_server): Encoding process start (tcp_server.py:125)
[2026-08-15 14:22:45,221] INFO (message_handling): Common message to be encoded
[2026-08-15 14:22:45,221] INFO (message_handling): Message is valid against Schema XSD
[2026-08-15 14:22:45,222] DEBUG (tcp_server): Encoded EXI message: 8090041A181B999C181C180B5EC8 1D4062040296968C0C0C0C0C0C00 (tcp_server.py:134)
[2026-08-15 14:22:45,236] INFO (tcp_server): Received request from ('fd00:edf::1', 49752, 0, 0).
[2026-08-15 14:22:45,236] INFO (message_handling): Message is valid.
[2026-08-15 14:22:45,236] DEBUG (tcp_server): Received EXI msg to be decoded: 8008041A181B999C1 81C180B5EC81D4062 (tcp_server.py:84)
[2026-08-15 14:22:45,236] INFO (tcp_server): Payload type: 0x8002
[2026-08-15 14:22:45,236] INFO (message_handling): Common message to be decoded
[2026-08-15 14:22:45,237] DEBUG (tcp_server): Message successfully decoded (tcp_server.py:96)
[2026-08-15 14:22:45,237] DEBUG (tcp_server): XML message received: <?xml version="1.0" encoding="UTF-8"?><s1:AuthorizationSetupReq xmlns:s1="urn:iso:std:iso:15118:-20:CommonMessages" xmlns:xsi="http://www.w3.org/2001/XMLSchema-instance" xmlns:xsd="http://www.w3.org/2001/XMLSchema" xmlns:s0="http://www.w3.org/2000/09/xmldsig#" xmlns:s2="urn:iso:std:iso:15118:-20:CommonTypes"><s2:Header><s2:SessionID>3430373338303830</s2:SessionID><s2:TimeStamp>1786803765</s2:TimeStamp></s2:Header></s1:AuthorizationSetupReq> (tcp_server.py:97)
[2026-08-15 14:22:45,238] INFO (tcp_server): Received AuthorizationSetupReq.
[2026-08-15 14:22:45,238] DEBUG (tcp_server): XML message to be sent: <?xml version="1.0" encoding="UTF-8"?>
<ns0:AuthorizationSetupRes xmlns:ns0="urn:iso:std:iso:15118:-20:CommonMessages">
  <ns1:Header xmlns:ns1="urn:iso:std:iso:15118:-20:CommonTypes">
    <ns1:SessionID>3430373338303830</ns1:SessionID>
    <ns1:TimeStamp>1786803765</ns1:TimeStamp>
  </ns1:Header>
  <ns1:ResponseCode xmlns:ns1="urn:iso:std:iso:15118:-20:CommonTypes">OK</ns1:ResponseCode>
  <ns0:AuthorizationServices>EIM</ns0:AuthorizationServices>
  <ns0:CertificateInstallationService>false</ns0:CertificateInstallationService>
  <ns0:EIM_ASResAuthorizationMode/>
</ns0:AuthorizationSetupRes>
 (tcp_server.py:124)
[2026-08-15 14:22:45,238] DEBUG (tcp_server): Encoding process start (tcp_server.py:125)
[2026-08-15 14:22:45,238] INFO (message_handling): Common message to be encoded
[2026-08-15 14:22:45,239] INFO (message_handling): Message is valid against Schema XSD
[2026-08-15 14:22:45,240] DEBUG (tcp_server): Encoded EXI message: 800C041A181B999C181C 180B5EC81D4062000400 (tcp_server.py:134)
[2026-08-15 14:22:45,245] INFO (tcp_server): Received request from ('fd00:edf::1', 49752, 0, 0).
[2026-08-15 14:22:45,245] INFO (message_handling): Message is valid.
[2026-08-15 14:22:45,246] DEBUG (tcp_server): Received EXI msg to be decoded: 8000041A181B999C18 1C180B5EC81D406200 (tcp_server.py:84)
[2026-08-15 14:22:45,246] INFO (tcp_server): Payload type: 0x8002
[2026-08-15 14:22:45,246] INFO (message_handling): Common message to be decoded
[2026-08-15 14:22:45,247] DEBUG (tcp_server): Message successfully decoded (tcp_server.py:96)
[2026-08-15 14:22:45,247] DEBUG (tcp_server): XML message received: <?xml version="1.0" encoding="UTF-8"?><s1:AuthorizationReq xmlns:s1="urn:iso:std:iso:15118:-20:CommonMessages" xmlns:xsi="http://www.w3.org/2001/XMLSchema-instance" xmlns:xsd="http://www.w3.org/2001/XMLSchema" xmlns:s0="http://www.w3.org/2000/09/xmldsig#" xmlns:s2="urn:iso:std:iso:15118:-20:CommonTypes"><s2:Header><s2:SessionID>3430373338303830</s2:SessionID><s2:TimeStamp>1786803765</s2:TimeStamp></s2:Header><s1:SelectedAuthorizationService>EIM</s1:SelectedAuthorizationService><s1:EIM_AReqAuthorizationMode/></s1:AuthorizationReq> (tcp_server.py:97)
[2026-08-15 14:22:45,248] INFO (tcp_server): Received AuthorizationReq.
[2026-08-15 14:22:45,249] DEBUG (tcp_server): XML message to be sent: <?xml version="1.0" encoding="UTF-8"?>
<ns0:AuthorizationRes xmlns:ns0="urn:iso:std:iso:15118:-20:CommonMessages">
  <ns1:Header xmlns:ns1="urn:iso:std:iso:15118:-20:CommonTypes">
    <ns1:SessionID>3430373338303830</ns1:SessionID>
    <ns1:TimeStamp>1786803765</ns1:TimeStamp>
  </ns1:Header>
  <ns1:ResponseCode xmlns:ns1="urn:iso:std:iso:15118:-20:CommonTypes">OK</ns1:ResponseCode>
  <ns0:EVSEProcessing>Finished</ns0:EVSEProcessing>
</ns0:AuthorizationRes>
 (tcp_server.py:124)
[2026-08-15 14:22:45,249] DEBUG (tcp_server): Encoding process start (tcp_server.py:125)
[2026-08-15 14:22:45,249] INFO (message_handling): Common message to be encoded
[2026-08-15 14:22:45,249] INFO (message_handling): Message is valid against Schema XSD
[2026-08-15 14:22:45,250] DEBUG (tcp_server): Encoded EXI message: 8004041A181B999C181 C180B5EC81D40620000 (tcp_server.py:134)
[2026-08-15 14:22:45,252] INFO (tcp_server): Received request from ('fd00:edf::1', 49752, 0, 0).
[2026-08-15 14:22:45,253] INFO (message_handling): Message is valid.
[2026-08-15 14:22:45,253] DEBUG (tcp_server): Received EXI msg to be decoded: 807C041A181B999C18 1C180B5EC81D406280 (tcp_server.py:84)
[2026-08-15 14:22:45,253] INFO (tcp_server): Payload type: 0x8002
[2026-08-15 14:22:45,253] INFO (message_handling): Common message to be decoded
[2026-08-15 14:22:45,254] DEBUG (tcp_server): Message successfully decoded (tcp_server.py:96)
[2026-08-15 14:22:45,254] DEBUG (tcp_server): XML message received: <?xml version="1.0" encoding="UTF-8"?><s1:ServiceDiscoveryReq xmlns:s1="urn:iso:std:iso:15118:-20:CommonMessages" xmlns:xsi="http://www.w3.org/2001/XMLSchema-instance" xmlns:xsd="http://www.w3.org/2001/XMLSchema" xmlns:s0="http://www.w3.org/2000/09/xmldsig#" xmlns:s2="urn:iso:std:iso:15118:-20:CommonTypes"><s2:Header><s2:SessionID>3430373338303830</s2:SessionID><s2:TimeStamp>1786803765</s2:TimeStamp></s2:Header></s1:ServiceDiscoveryReq> (tcp_server.py:97)
[2026-08-15 14:22:45,255] INFO (tcp_server): Received ServiceDiscoveryReq.
Fatal error: protocol.data_received() call failed.
protocol: <secc.tcp_server.TCPServerProtocol object at 0x7d653c9a3e50>
transport: <_SelectorSocketTransport fd=22 read=polling write=<idle, bufsize=0>>
Traceback (most recent call last):
  File "/usr/local/lib/python3.8/asyncio/selector_events.py", line 862, in _read_ready__data_received
    self._protocol.data_received(data)
  File "/app/secc/../secc/tcp_server.py", line 60, in data_received
    self.process_incoming_message(packet)
  File "/app/secc/../secc/tcp_server.py", line 112, in process_incoming_message
    reaction = self.session.get_state(self.session.state).process_payload(xml_object)
  File "/app/secc/../secc/states/process_service_discovery_request.py", line 31, in process_payload
    if 6 in payload.supported_service_ids.service_id:
AttributeError: 'NoneType' object has no attribute 'service_id'
[2026-08-15 14:22:45,255] ERROR (tcp_server): 'NoneType' object has no attribute 'service_id'. (tcp_server.py:69)
[2026-08-15 14:22:52,196] WARNING (timer): Message timer requirement not fulfilled: over 60.00 seconds). (timer.py:99)
[2026-08-15 14:22:53,264] INFO (tcp_server): Connection made. Starting new communication session.
[2026-08-15 14:22:53,266] INFO (tcp_server): Sent notification.
[2026-08-15 14:22:53,273] INFO (tcp_server): Received request from ('fd00:edf::1', 57848, 0, 0).
[2026-08-15 14:22:53,274] INFO (message_handling): Message is valid.
[2026-08-15 14:22:53,274] DEBUG (tcp_server): Received EXI msg to be decoded: 8000F3AB9371D34B9B79D39BA321D34B9B79D 189A98989C1D1699181D22218010000040040 (tcp_server.py:84)
[2026-08-15 14:22:53,274] INFO (tcp_server): Payload type: 0x8001
[2026-08-15 14:22:53,274] INFO (message_handling): Supported App Protocol message to be decoded
[2026-08-15 14:22:53,274] DEBUG (tcp_server): Message successfully decoded (tcp_server.py:96)
[2026-08-15 14:22:53,275] DEBUG (tcp_server): XML message received: <?xml version="1.0" encoding="UTF-8"?><s0:supportedAppProtocolReq xmlns:s0="urn:iso:15118:2:2010:AppProtocol" xmlns:xsi="http://www.w3.org/2001/XMLSchema-instance" xmlns:xsd="http://www.w3.org/2001/XMLSchema"><AppProtocol><ProtocolNamespace>urn:iso:std:iso:15118:-20:DC</ProtocolNamespace><VersionNumberMajor>1</VersionNumberMajor><VersionNumberMinor>0</VersionNumberMinor><SchemaID>1</SchemaID><Priority>1</Priority></AppProtocol></s0:supportedAppProtocolReq> (tcp_server.py:97)
[2026-08-15 14:22:53,275] INFO (tcp_server): Received SupportedAppProtocolReq.
[2026-08-15 14:22:53,275] DEBUG (tcp_server): XML message to be sent: <?xml version="1.0" encoding="UTF-8"?>
<ns0:supportedAppProtocolRes xmlns:ns0="urn:iso:15118:2:2010:AppProtocol">
  <ResponseCode>OK_SuccessfulNegotiation</ResponseCode>
  <SchemaID>1</SchemaID>
</ns0:supportedAppProtocolRes>
 (tcp_server.py:124)
[2026-08-15 14:22:53,275] DEBUG (tcp_server): Encoding process start (tcp_server.py:125)
[2026-08-15 14:22:53,275] INFO (message_handling): Supported App Protocol message to be encoded
[2026-08-15 14:22:53,275] INFO (message_handling): Message is valid against Schema XSD
[2026-08-15 14:22:53,276] DEBUG (tcp_server): Encoded EXI message: 8040 0040 (tcp_server.py:134)
[2026-08-15 14:22:53,291] INFO (tcp_server): Received request from ('fd00:edf::1', 57848, 0, 0).
[2026-08-15 14:22:53,291] INFO (message_handling): Message is valid.
[2026-08-15 14:22:53,291] DEBUG (tcp_server): Received EXI msg to be decoded: 808C0400000000000000000BD EC81D40620422AB21A1981880 (tcp_server.py:84)
[2026-08-15 14:22:53,291] INFO (tcp_server): Payload type: 0x8002
[2026-08-15 14:22:53,291] INFO (message_handling): Common message to be decoded
[2026-08-15 14:22:53,292] DEBUG (tcp_server): Message successfully decoded (tcp_server.py:96)
[2026-08-15 14:22:53,292] DEBUG (tcp_server): XML message received: <?xml version="1.0" encoding="UTF-8"?><s1:SessionSetupReq xmlns:s1="urn:iso:std:iso:15118:-20:CommonMessages" xmlns:xsi="http://www.w3.org/2001/XMLSchema-instance" xmlns:xsd="http://www.w3.org/2001/XMLSchema" xmlns:s0="http://www.w3.org/2000/09/xmldsig#" xmlns:s2="urn:iso:std:iso:15118:-20:CommonTypes"><s2:Header><s2:SessionID>0000000000000000</s2:SessionID><s2:TimeStamp>1786803773</s2:TimeStamp></s2:Header><s1:EVCCID>EVCC01</s1:EVCCID></s1:SessionSetupReq> (tcp_server.py:97)
[2026-08-15 14:22:53,292] INFO (tcp_server): Received SessionSetupReq.
[2026-08-15 14:22:53,293] DEBUG (tcp_server): XML message to be sent: <?xml version="1.0" encoding="UTF-8"?>
<ns0:SessionSetupRes xmlns:ns0="urn:iso:std:iso:15118:-20:CommonMessages">
  <ns1:Header xmlns:ns1="urn:iso:std:iso:15118:-20:CommonTypes">
    <ns1:SessionID>3137323033353135</ns1:SessionID>
    <ns1:TimeStamp>1786803773</ns1:TimeStamp>
  </ns1:Header>
  <ns1:ResponseCode xmlns:ns1="urn:iso:std:iso:15118:-20:CommonTypes">OK_NewSessionEstablished</ns1:ResponseCode>
  <ns0:EVSEID>ZZ000000</ns0:EVSEID>
</ns0:SessionSetupRes>
 (tcp_server.py:124)
[2026-08-15 14:22:53,293] DEBUG (tcp_server): Encoding process start (tcp_server.py:125)
[2026-08-15 14:22:53,293] INFO (message_handling): Common message to be encoded
[2026-08-15 14:22:53,293] INFO (message_handling): Message is valid against Schema XSD
[2026-08-15 14:22:53,293] DEBUG (tcp_server): Encoded EXI message: 809004189B9918199A989A8BDEC8 1D4062040296968C0C0C0C0C0C00 (tcp_server.py:134)
[2026-08-15 14:22:53,302] INFO (tcp_server): Received request from ('fd00:edf::1', 57848, 0, 0).
[2026-08-15 14:22:53,302] INFO (message_handling): Message is valid.
[2026-08-15 14:22:53,302] DEBUG (tcp_server): Received EXI msg to be decoded: 800804189B9918199 A989A8BDEC81D4062 (tcp_server.py:84)
[2026-08-15 14:22:53,302] INFO (tcp_server): Payload type: 0x8002
[2026-08-15 14:22:53,302] INFO (message_handling): Common message to be decoded
[2026-08-15 14:22:53,303] DEBUG (tcp_server): Message successfully decoded (tcp_server.py:96)
[2026-08-15 14:22:53,303] DEBUG (tcp_server): XML message received: <?xml version="1.0" encoding="UTF-8"?><s1:AuthorizationSetupReq xmlns:s1="urn:iso:std:iso:15118:-20:CommonMessages" xmlns:xsi="http://www.w3.org/2001/XMLSchema-instance" xmlns:xsd="http://www.w3.org/2001/XMLSchema" xmlns:s0="http://www.w3.org/2000/09/xmldsig#" xmlns:s2="urn:iso:std:iso:15118:-20:CommonTypes"><s2:Header><s2:SessionID>3137323033353135</s2:SessionID><s2:TimeStamp>1786803773</s2:TimeStamp></s2:Header></s1:AuthorizationSetupReq> (tcp_server.py:97)
[2026-08-15 14:22:53,303] INFO (tcp_server): Received AuthorizationSetupReq.
[2026-08-15 14:22:53,304] DEBUG (tcp_server): XML message to be sent: <?xml version="1.0" encoding="UTF-8"?>
<ns0:AuthorizationSetupRes xmlns:ns0="urn:iso:std:iso:15118:-20:CommonMessages">
  <ns1:Header xmlns:ns1="urn:iso:std:iso:15118:-20:CommonTypes">
    <ns1:SessionID>3137323033353135</ns1:SessionID>
    <ns1:TimeStamp>1786803773</ns1:TimeStamp>
  </ns1:Header>
  <ns1:ResponseCode xmlns:ns1="urn:iso:std:iso:15118:-20:CommonTypes">OK</ns1:ResponseCode>
  <ns0:AuthorizationServices>EIM</ns0:AuthorizationServices>
  <ns0:CertificateInstallationService>false</ns0:CertificateInstallationService>
  <ns0:EIM_ASResAuthorizationMode/>
</ns0:AuthorizationSetupRes>
 (tcp_server.py:124)
[2026-08-15 14:22:53,304] DEBUG (tcp_server): Encoding process start (tcp_server.py:125)
[2026-08-15 14:22:53,304] INFO (message_handling): Common message to be encoded
[2026-08-15 14:22:53,304] INFO (message_handling): Message is valid against Schema XSD
[2026-08-15 14:22:53,305] DEBUG (tcp_server): Encoded EXI message: 800C04189B9918199A98 9A8BDEC81D4062000400 (tcp_server.py:134)
[2026-08-15 14:22:53,309] INFO (tcp_server): Received request from ('fd00:edf::1', 57848, 0, 0).
[2026-08-15 14:22:53,310] INFO (message_handling): Message is valid.
[2026-08-15 14:22:53,310] DEBUG (tcp_server): Received EXI msg to be decoded: 800004189B9918199A 989A8BDEC81D406200 (tcp_server.py:84)
[2026-08-15 14:22:53,310] INFO (tcp_server): Payload type: 0x8002
[2026-08-15 14:22:53,310] INFO (message_handling): Common message to be decoded
[2026-08-15 14:22:53,310] DEBUG (tcp_server): Message successfully decoded (tcp_server.py:96)
[2026-08-15 14:22:53,310] DEBUG (tcp_server): XML message received: <?xml version="1.0" encoding="UTF-8"?><s1:AuthorizationReq xmlns:s1="urn:iso:std:iso:15118:-20:CommonMessages" xmlns:xsi="http://www.w3.org/2001/XMLSchema-instance" xmlns:xsd="http://www.w3.org/2001/XMLSchema" xmlns:s0="http://www.w3.org/2000/09/xmldsig#" xmlns:s2="urn:iso:std:iso:15118:-20:CommonTypes"><s2:Header><s2:SessionID>3137323033353135</s2:SessionID><s2:TimeStamp>1786803773</s2:TimeStamp></s2:Header><s1:SelectedAuthorizationService>EIM</s1:SelectedAuthorizationService><s1:EIM_AReqAuthorizationMode/></s1:AuthorizationReq> (tcp_server.py:97)
[2026-08-15 14:22:53,311] INFO (tcp_server): Received AuthorizationReq.
[2026-08-15 14:22:53,311] DEBUG (tcp_server): XML message to be sent: <?xml version="1.0" encoding="UTF-8"?>
<ns0:AuthorizationRes xmlns:ns0="urn:iso:std:iso:15118:-20:CommonMessages">
  <ns1:Header xmlns:ns1="urn:iso:std:iso:15118:-20:CommonTypes">
    <ns1:SessionID>3137323033353135</ns1:SessionID>
    <ns1:TimeStamp>1786803773</ns1:TimeStamp>
  </ns1:Header>
  <ns1:ResponseCode xmlns:ns1="urn:iso:std:iso:15118:-20:CommonTypes">OK</ns1:ResponseCode>
  <ns0:EVSEProcessing>Finished</ns0:EVSEProcessing>
</ns0:AuthorizationRes>
 (tcp_server.py:124)
[2026-08-15 14:22:53,311] DEBUG (tcp_server): Encoding process start (tcp_server.py:125)
[2026-08-15 14:22:53,311] INFO (message_handling): Common message to be encoded
[2026-08-15 14:22:53,311] INFO (message_handling): Message is valid against Schema XSD
[2026-08-15 14:22:53,312] DEBUG (tcp_server): Encoded EXI message: 800404189B9918199A9 89A8BDEC81D40620000 (tcp_server.py:134)
[2026-08-15 14:22:53,314] INFO (tcp_server): Received request from ('fd00:edf::1', 57848, 0, 0).
[2026-08-15 14:22:53,314] INFO (message_handling): Message is valid.
[2026-08-15 14:22:53,314] DEBUG (tcp_server): Received EXI msg to be decoded: 807C04189B9918199A 989A8BDEC81D406280 (tcp_server.py:84)
[2026-08-15 14:22:53,314] INFO (tcp_server): Payload type: 0x8002
[2026-08-15 14:22:53,314] INFO (message_handling): Common message to be decoded
[2026-08-15 14:22:53,315] DEBUG (tcp_server): Message successfully decoded (tcp_server.py:96)
[2026-08-15 14:22:53,315] DEBUG (tcp_server): XML message received: <?xml version="1.0" encoding="UTF-8"?><s1:ServiceDiscoveryReq xmlns:s1="urn:iso:std:iso:15118:-20:CommonMessages" xmlns:xsi="http://www.w3.org/2001/XMLSchema-instance" xmlns:xsd="http://www.w3.org/2001/XMLSchema" xmlns:s0="http://www.w3.org/2000/09/xmldsig#" xmlns:s2="urn:iso:std:iso:15118:-20:CommonTypes"><s2:Header><s2:SessionID>3137323033353135</s2:SessionID><s2:TimeStamp>1786803773</s2:TimeStamp></s2:Header></s1:ServiceDiscoveryReq> (tcp_server.py:97)
[2026-08-15 14:22:53,315] INFO (tcp_server): Received ServiceDiscoveryReq.
Fatal error: protocol.data_received() call failed.
protocol: <secc.tcp_server.TCPServerProtocol object at 0x7d653c9b3880>
transport: <_SelectorSocketTransport fd=22 read=polling write=<idle, bufsize=0>>
Traceback (most recent call last):
  File "/usr/local/lib/python3.8/asyncio/selector_events.py", line 862, in _read_ready__data_received
    self._protocol.data_received(data)
  File "/app/secc/../secc/tcp_server.py", line 60, in data_received
    self.process_incoming_message(packet)
  File "/app/secc/../secc/tcp_server.py", line 112, in process_incoming_message
    reaction = self.session.get_state(self.session.state).process_payload(xml_object)
  File "/app/secc/../secc/states/process_service_discovery_request.py", line 31, in process_payload
    if 6 in payload.supported_service_ids.service_id:
AttributeError: 'NoneType' object has no attribute 'service_id'
[2026-08-15 14:22:53,316] ERROR (tcp_server): 'NoneType' object has no attribute 'service_id'. (tcp_server.py:69)
[2026-08-15 14:22:59,676] WARNING (timer): Message timer requirement not fulfilled: over 60.00 seconds). (timer.py:99)
[2026-08-15 14:23:00,986] INFO (tcp_server): Connection made. Starting new communication session.
[2026-08-15 14:23:00,989] INFO (tcp_server): Sent notification.
[2026-08-15 14:23:00,996] INFO (tcp_server): Received request from ('fd00:edf::1', 38600, 0, 0).
[2026-08-15 14:23:00,997] INFO (message_handling): Message is valid.
[2026-08-15 14:23:00,997] DEBUG (tcp_server): Received EXI msg to be decoded: 8000F3AB9371D34B9B79D39BA321D34B9B79D 189A98989C1D1699181D22218010000040040 (tcp_server.py:84)
[2026-08-15 14:23:00,997] INFO (tcp_server): Payload type: 0x8001
[2026-08-15 14:23:00,997] INFO (message_handling): Supported App Protocol message to be decoded
[2026-08-15 14:23:00,998] DEBUG (tcp_server): Message successfully decoded (tcp_server.py:96)
[2026-08-15 14:23:00,998] DEBUG (tcp_server): XML message received: <?xml version="1.0" encoding="UTF-8"?><s0:supportedAppProtocolReq xmlns:s0="urn:iso:15118:2:2010:AppProtocol" xmlns:xsi="http://www.w3.org/2001/XMLSchema-instance" xmlns:xsd="http://www.w3.org/2001/XMLSchema"><AppProtocol><ProtocolNamespace>urn:iso:std:iso:15118:-20:DC</ProtocolNamespace><VersionNumberMajor>1</VersionNumberMajor><VersionNumberMinor>0</VersionNumberMinor><SchemaID>1</SchemaID><Priority>1</Priority></AppProtocol></s0:supportedAppProtocolReq> (tcp_server.py:97)
[2026-08-15 14:23:00,999] INFO (tcp_server): Received SupportedAppProtocolReq.
[2026-08-15 14:23:00,999] DEBUG (tcp_server): XML message to be sent: <?xml version="1.0" encoding="UTF-8"?>
<ns0:supportedAppProtocolRes xmlns:ns0="urn:iso:15118:2:2010:AppProtocol">
  <ResponseCode>OK_SuccessfulNegotiation</ResponseCode>
  <SchemaID>1</SchemaID>
</ns0:supportedAppProtocolRes>
 (tcp_server.py:124)
[2026-08-15 14:23:00,999] DEBUG (tcp_server): Encoding process start (tcp_server.py:125)
[2026-08-15 14:23:00,999] INFO (message_handling): Supported App Protocol message to be encoded
[2026-08-15 14:23:01,000] INFO (message_handling): Message is valid against Schema XSD
[2026-08-15 14:23:01,000] DEBUG (tcp_server): Encoded EXI message: 8040 0040 (tcp_server.py:134)
[2026-08-15 14:23:01,015] INFO (tcp_server): Received request from ('fd00:edf::1', 38600, 0, 0).
[2026-08-15 14:23:01,015] INFO (message_handling): Message is valid.
[2026-08-15 14:23:01,015] DEBUG (tcp_server): Received EXI msg to be decoded: 808C0400000000000000000C5 EC81D40620422AB21A1981880 (tcp_server.py:84)
[2026-08-15 14:23:01,015] INFO (tcp_server): Payload type: 0x8002
[2026-08-15 14:23:01,015] INFO (message_handling): Common message to be decoded
[2026-08-15 14:23:01,016] DEBUG (tcp_server): Message successfully decoded (tcp_server.py:96)
[2026-08-15 14:23:01,016] DEBUG (tcp_server): XML message received: <?xml version="1.0" encoding="UTF-8"?><s1:SessionSetupReq xmlns:s1="urn:iso:std:iso:15118:-20:CommonMessages" xmlns:xsi="http://www.w3.org/2001/XMLSchema-instance" xmlns:xsd="http://www.w3.org/2001/XMLSchema" xmlns:s0="http://www.w3.org/2000/09/xmldsig#" xmlns:s2="urn:iso:std:iso:15118:-20:CommonTypes"><s2:Header><s2:SessionID>0000000000000000</s2:SessionID><s2:TimeStamp>1786803781</s2:TimeStamp></s2:Header><s1:EVCCID>EVCC01</s1:EVCCID></s1:SessionSetupReq> (tcp_server.py:97)
[2026-08-15 14:23:01,017] INFO (tcp_server): Received SessionSetupReq.
[2026-08-15 14:23:01,017] DEBUG (tcp_server): XML message to be sent: <?xml version="1.0" encoding="UTF-8"?>
<ns0:SessionSetupRes xmlns:ns0="urn:iso:std:iso:15118:-20:CommonMessages">
  <ns1:Header xmlns:ns1="urn:iso:std:iso:15118:-20:CommonTypes">
    <ns1:SessionID>3431393630393738</ns1:SessionID>
    <ns1:TimeStamp>1786803781</ns1:TimeStamp>
  </ns1:Header>
  <ns1:ResponseCode xmlns:ns1="urn:iso:std:iso:15118:-20:CommonTypes">OK_NewSessionEstablished</ns1:ResponseCode>
  <ns0:EVSEID>ZZ000000</ns0:EVSEID>
</ns0:SessionSetupRes>
 (tcp_server.py:124)
[2026-08-15 14:23:01,017] DEBUG (tcp_server): Encoding process start (tcp_server.py:125)
[2026-08-15 14:23:01,017] INFO (message_handling): Common message to be encoded
[2026-08-15 14:23:01,017] INFO (message_handling): Message is valid against Schema XSD
[2026-08-15 14:23:01,018] DEBUG (tcp_server): Encoded EXI message: 8090041A189C9B181C9B9C0C5EC8 1D4062040296968C0C0C0C0C0C00 (tcp_server.py:134)
[2026-08-15 14:23:01,025] INFO (tcp_server): Received request from ('fd00:edf::1', 38600, 0, 0).
[2026-08-15 14:23:01,026] INFO (message_handling): Message is valid.
[2026-08-15 14:23:01,026] DEBUG (tcp_server): Received EXI msg to be decoded: 8008041A189C9B181 C9B9C0C5EC81D4062 (tcp_server.py:84)
[2026-08-15 14:23:01,026] INFO (tcp_server): Payload type: 0x8002
[2026-08-15 14:23:01,026] INFO (message_handling): Common message to be decoded
[2026-08-15 14:23:01,026] DEBUG (tcp_server): Message successfully decoded (tcp_server.py:96)
[2026-08-15 14:23:01,027] DEBUG (tcp_server): XML message received: <?xml version="1.0" encoding="UTF-8"?><s1:AuthorizationSetupReq xmlns:s1="urn:iso:std:iso:15118:-20:CommonMessages" xmlns:xsi="http://www.w3.org/2001/XMLSchema-instance" xmlns:xsd="http://www.w3.org/2001/XMLSchema" xmlns:s0="http://www.w3.org/2000/09/xmldsig#" xmlns:s2="urn:iso:std:iso:15118:-20:CommonTypes"><s2:Header><s2:SessionID>3431393630393738</s2:SessionID><s2:TimeStamp>1786803781</s2:TimeStamp></s2:Header></s1:AuthorizationSetupReq> (tcp_server.py:97)
[2026-08-15 14:23:01,027] INFO (tcp_server): Received AuthorizationSetupReq.
[2026-08-15 14:23:01,027] DEBUG (tcp_server): XML message to be sent: <?xml version="1.0" encoding="UTF-8"?>
<ns0:AuthorizationSetupRes xmlns:ns0="urn:iso:std:iso:15118:-20:CommonMessages">
  <ns1:Header xmlns:ns1="urn:iso:std:iso:15118:-20:CommonTypes">
    <ns1:SessionID>3431393630393738</ns1:SessionID>
    <ns1:TimeStamp>1786803781</ns1:TimeStamp>
  </ns1:Header>
  <ns1:ResponseCode xmlns:ns1="urn:iso:std:iso:15118:-20:CommonTypes">OK</ns1:ResponseCode>
  <ns0:AuthorizationServices>EIM</ns0:AuthorizationServices>
  <ns0:CertificateInstallationService>false</ns0:CertificateInstallationService>
  <ns0:EIM_ASResAuthorizationMode/>
</ns0:AuthorizationSetupRes>
 (tcp_server.py:124)
[2026-08-15 14:23:01,028] DEBUG (tcp_server): Encoding process start (tcp_server.py:125)
[2026-08-15 14:23:01,028] INFO (message_handling): Common message to be encoded
[2026-08-15 14:23:01,028] INFO (message_handling): Message is valid against Schema XSD
[2026-08-15 14:23:01,029] DEBUG (tcp_server): Encoded EXI message: 800C041A189C9B181C9B 9C0C5EC81D4062000400 (tcp_server.py:134)
[2026-08-15 14:23:01,034] INFO (tcp_server): Received request from ('fd00:edf::1', 38600, 0, 0).
[2026-08-15 14:23:01,034] INFO (message_handling): Message is valid.
[2026-08-15 14:23:01,034] DEBUG (tcp_server): Received EXI msg to be decoded: 8000041A189C9B181C 9B9C0C5EC81D406200 (tcp_server.py:84)
[2026-08-15 14:23:01,034] INFO (tcp_server): Payload type: 0x8002
[2026-08-15 14:23:01,034] INFO (message_handling): Common message to be decoded
[2026-08-15 14:23:01,035] DEBUG (tcp_server): Message successfully decoded (tcp_server.py:96)
[2026-08-15 14:23:01,035] DEBUG (tcp_server): XML message received: <?xml version="1.0" encoding="UTF-8"?><s1:AuthorizationReq xmlns:s1="urn:iso:std:iso:15118:-20:CommonMessages" xmlns:xsi="http://www.w3.org/2001/XMLSchema-instance" xmlns:xsd="http://www.w3.org/2001/XMLSchema" xmlns:s0="http://www.w3.org/2000/09/xmldsig#" xmlns:s2="urn:iso:std:iso:15118:-20:CommonTypes"><s2:Header><s2:SessionID>3431393630393738</s2:SessionID><s2:TimeStamp>1786803781</s2:TimeStamp></s2:Header><s1:SelectedAuthorizationService>EIM</s1:SelectedAuthorizationService><s1:EIM_AReqAuthorizationMode/></s1:AuthorizationReq> (tcp_server.py:97)
[2026-08-15 14:23:01,035] INFO (tcp_server): Received AuthorizationReq.
[2026-08-15 14:23:01,036] DEBUG (tcp_server): XML message to be sent: <?xml version="1.0" encoding="UTF-8"?>
<ns0:AuthorizationRes xmlns:ns0="urn:iso:std:iso:15118:-20:CommonMessages">
  <ns1:Header xmlns:ns1="urn:iso:std:iso:15118:-20:CommonTypes">
    <ns1:SessionID>3431393630393738</ns1:SessionID>
    <ns1:TimeStamp>1786803781</ns1:TimeStamp>
  </ns1:Header>
  <ns1:ResponseCode xmlns:ns1="urn:iso:std:iso:15118:-20:CommonTypes">OK</ns1:ResponseCode>
  <ns0:EVSEProcessing>Finished</ns0:EVSEProcessing>
</ns0:AuthorizationRes>
 (tcp_server.py:124)
[2026-08-15 14:23:01,036] DEBUG (tcp_server): Encoding process start (tcp_server.py:125)
[2026-08-15 14:23:01,036] INFO (message_handling): Common message to be encoded
[2026-08-15 14:23:01,036] INFO (message_handling): Message is valid against Schema XSD
[2026-08-15 14:23:01,037] DEBUG (tcp_server): Encoded EXI message: 8004041A189C9B181C9 B9C0C5EC81D40620000 (tcp_server.py:134)
[2026-08-15 14:23:01,038] INFO (tcp_server): Received request from ('fd00:edf::1', 38600, 0, 0).
[2026-08-15 14:23:01,038] INFO (message_handling): Message is valid.
[2026-08-15 14:23:01,039] DEBUG (tcp_server): Received EXI msg to be decoded: 807C041A189C9B181C 9B9C0C5EC81D406280 (tcp_server.py:84)
[2026-08-15 14:23:01,039] INFO (tcp_server): Payload type: 0x8002
[2026-08-15 14:23:01,039] INFO (message_handling): Common message to be decoded
[2026-08-15 14:23:01,039] DEBUG (tcp_server): Message successfully decoded (tcp_server.py:96)
[2026-08-15 14:23:01,039] DEBUG (tcp_server): XML message received: <?xml version="1.0" encoding="UTF-8"?><s1:ServiceDiscoveryReq xmlns:s1="urn:iso:std:iso:15118:-20:CommonMessages" xmlns:xsi="http://www.w3.org/2001/XMLSchema-instance" xmlns:xsd="http://www.w3.org/2001/XMLSchema" xmlns:s0="http://www.w3.org/2000/09/xmldsig#" xmlns:s2="urn:iso:std:iso:15118:-20:CommonTypes"><s2:Header><s2:SessionID>3431393630393738</s2:SessionID><s2:TimeStamp>1786803781</s2:TimeStamp></s2:Header></s1:ServiceDiscoveryReq> (tcp_server.py:97)
[2026-08-15 14:23:01,040] INFO (tcp_server): Received ServiceDiscoveryReq.
Fatal error: protocol.data_received() call failed.
protocol: <secc.tcp_server.TCPServerProtocol object at 0x7d653c9b3880>
transport: <_SelectorSocketTransport fd=22 read=polling write=<idle, bufsize=0>>
Traceback (most recent call last):
  File "/usr/local/lib/python3.8/asyncio/selector_events.py", line 862, in _read_ready__data_received
    self._protocol.data_received(data)
  File "/app/secc/../secc/tcp_server.py", line 60, in data_received
    self.process_incoming_message(packet)
  File "/app/secc/../secc/tcp_server.py", line 112, in process_incoming_message
    reaction = self.session.get_state(self.session.state).process_payload(xml_object)
  File "/app/secc/../secc/states/process_service_discovery_request.py", line 31, in process_payload
    if 6 in payload.supported_service_ids.service_id:
AttributeError: 'NoneType' object has no attribute 'service_id'
[2026-08-15 14:23:01,040] ERROR (tcp_server): 'NoneType' object has no attribute 'service_id'. (tcp_server.py:69)
[2026-08-15 14:23:07,232] WARNING (timer): Message timer requirement not fulfilled: over 60.00 seconds). (timer.py:99)
[2026-08-15 14:23:08,360] INFO (tcp_server): Connection made. Starting new communication session.
[2026-08-15 14:23:08,363] INFO (tcp_server): Sent notification.
[2026-08-15 14:23:08,371] INFO (tcp_server): Received request from ('fd00:edf::1', 38606, 0, 0).
[2026-08-15 14:23:08,372] INFO (message_handling): Message is valid.
[2026-08-15 14:23:08,372] DEBUG (tcp_server): Received EXI msg to be decoded: 8000F3AB9371D34B9B79D39BA321D34B9B79D 189A98989C1D1699181D22218010000040040 (tcp_server.py:84)
[2026-08-15 14:23:08,372] INFO (tcp_server): Payload type: 0x8001
[2026-08-15 14:23:08,372] INFO (message_handling): Supported App Protocol message to be decoded
[2026-08-15 14:23:08,373] DEBUG (tcp_server): Message successfully decoded (tcp_server.py:96)
[2026-08-15 14:23:08,373] DEBUG (tcp_server): XML message received: <?xml version="1.0" encoding="UTF-8"?><s0:supportedAppProtocolReq xmlns:s0="urn:iso:15118:2:2010:AppProtocol" xmlns:xsi="http://www.w3.org/2001/XMLSchema-instance" xmlns:xsd="http://www.w3.org/2001/XMLSchema"><AppProtocol><ProtocolNamespace>urn:iso:std:iso:15118:-20:DC</ProtocolNamespace><VersionNumberMajor>1</VersionNumberMajor><VersionNumberMinor>0</VersionNumberMinor><SchemaID>1</SchemaID><Priority>1</Priority></AppProtocol></s0:supportedAppProtocolReq> (tcp_server.py:97)
[2026-08-15 14:23:08,373] INFO (tcp_server): Received SupportedAppProtocolReq.
[2026-08-15 14:23:08,374] DEBUG (tcp_server): XML message to be sent: <?xml version="1.0" encoding="UTF-8"?>
<ns0:supportedAppProtocolRes xmlns:ns0="urn:iso:15118:2:2010:AppProtocol">
  <ResponseCode>OK_SuccessfulNegotiation</ResponseCode>
  <SchemaID>1</SchemaID>
</ns0:supportedAppProtocolRes>
 (tcp_server.py:124)
[2026-08-15 14:23:08,374] DEBUG (tcp_server): Encoding process start (tcp_server.py:125)
[2026-08-15 14:23:08,374] INFO (message_handling): Supported App Protocol message to be encoded
[2026-08-15 14:23:08,374] INFO (message_handling): Message is valid against Schema XSD
[2026-08-15 14:23:08,374] DEBUG (tcp_server): Encoded EXI message: 8040 0040 (tcp_server.py:134)
[2026-08-15 14:23:08,387] INFO (tcp_server): Received request from ('fd00:edf::1', 38606, 0, 0).
[2026-08-15 14:23:08,388] INFO (message_handling): Message is valid.
[2026-08-15 14:23:08,388] DEBUG (tcp_server): Received EXI msg to be decoded: 808C0400000000000000000CC EC81D40620422AB21A1981880 (tcp_server.py:84)
[2026-08-15 14:23:08,388] INFO (tcp_server): Payload type: 0x8002
[2026-08-15 14:23:08,388] INFO (message_handling): Common message to be decoded
[2026-08-15 14:23:08,389] DEBUG (tcp_server): Message successfully decoded (tcp_server.py:96)
[2026-08-15 14:23:08,389] DEBUG (tcp_server): XML message received: <?xml version="1.0" encoding="UTF-8"?><s1:SessionSetupReq xmlns:s1="urn:iso:std:iso:15118:-20:CommonMessages" xmlns:xsi="http://www.w3.org/2001/XMLSchema-instance" xmlns:xsd="http://www.w3.org/2001/XMLSchema" xmlns:s0="http://www.w3.org/2000/09/xmldsig#" xmlns:s2="urn:iso:std:iso:15118:-20:CommonTypes"><s2:Header><s2:SessionID>0000000000000000</s2:SessionID><s2:TimeStamp>1786803788</s2:TimeStamp></s2:Header><s1:EVCCID>EVCC01</s1:EVCCID></s1:SessionSetupReq> (tcp_server.py:97)
[2026-08-15 14:23:08,389] INFO (tcp_server): Received SessionSetupReq.
[2026-08-15 14:23:08,390] DEBUG (tcp_server): XML message to be sent: <?xml version="1.0" encoding="UTF-8"?>
<ns0:SessionSetupRes xmlns:ns0="urn:iso:std:iso:15118:-20:CommonMessages">
  <ns1:Header xmlns:ns1="urn:iso:std:iso:15118:-20:CommonTypes">
    <ns1:SessionID>3637323735383333</ns1:SessionID>
    <ns1:TimeStamp>1786803788</ns1:TimeStamp>
  </ns1:Header>
  <ns1:ResponseCode xmlns:ns1="urn:iso:std:iso:15118:-20:CommonTypes">OK_NewSessionEstablished</ns1:ResponseCode>
  <ns0:EVSEID>ZZ000000</ns0:EVSEID>
</ns0:SessionSetupRes>
 (tcp_server.py:124)
[2026-08-15 14:23:08,390] DEBUG (tcp_server): Encoding process start (tcp_server.py:125)
[2026-08-15 14:23:08,390] INFO (message_handling): Common message to be encoded
[2026-08-15 14:23:08,390] INFO (message_handling): Message is valid against Schema XSD
[2026-08-15 14:23:08,390] DEBUG (tcp_server): Encoded EXI message: 8090041B1B991B9A9C19998CCEC8 1D4062040296968C0C0C0C0C0C00 (tcp_server.py:134)
[2026-08-15 14:23:08,401] INFO (tcp_server): Received request from ('fd00:edf::1', 38606, 0, 0).
[2026-08-15 14:23:08,402] INFO (message_handling): Message is valid.
[2026-08-15 14:23:08,402] DEBUG (tcp_server): Received EXI msg to be decoded: 8008041B1B991B9A9 C19998CCEC81D4062 (tcp_server.py:84)
[2026-08-15 14:23:08,402] INFO (tcp_server): Payload type: 0x8002
[2026-08-15 14:23:08,402] INFO (message_handling): Common message to be decoded
[2026-08-15 14:23:08,403] DEBUG (tcp_server): Message successfully decoded (tcp_server.py:96)
[2026-08-15 14:23:08,403] DEBUG (tcp_server): XML message received: <?xml version="1.0" encoding="UTF-8"?><s1:AuthorizationSetupReq xmlns:s1="urn:iso:std:iso:15118:-20:CommonMessages" xmlns:xsi="http://www.w3.org/2001/XMLSchema-instance" xmlns:xsd="http://www.w3.org/2001/XMLSchema" xmlns:s0="http://www.w3.org/2000/09/xmldsig#" xmlns:s2="urn:iso:std:iso:15118:-20:CommonTypes"><s2:Header><s2:SessionID>3637323735383333</s2:SessionID><s2:TimeStamp>1786803788</s2:TimeStamp></s2:Header></s1:AuthorizationSetupReq> (tcp_server.py:97)
[2026-08-15 14:23:08,403] INFO (tcp_server): Received AuthorizationSetupReq.
[2026-08-15 14:23:08,404] DEBUG (tcp_server): XML message to be sent: <?xml version="1.0" encoding="UTF-8"?>
<ns0:AuthorizationSetupRes xmlns:ns0="urn:iso:std:iso:15118:-20:CommonMessages">
  <ns1:Header xmlns:ns1="urn:iso:std:iso:15118:-20:CommonTypes">
    <ns1:SessionID>3637323735383333</ns1:SessionID>
    <ns1:TimeStamp>1786803788</ns1:TimeStamp>
  </ns1:Header>
  <ns1:ResponseCode xmlns:ns1="urn:iso:std:iso:15118:-20:CommonTypes">OK</ns1:ResponseCode>
  <ns0:AuthorizationServices>EIM</ns0:AuthorizationServices>
  <ns0:CertificateInstallationService>false</ns0:CertificateInstallationService>
  <ns0:EIM_ASResAuthorizationMode/>
</ns0:AuthorizationSetupRes>
 (tcp_server.py:124)
[2026-08-15 14:23:08,404] DEBUG (tcp_server): Encoding process start (tcp_server.py:125)
[2026-08-15 14:23:08,404] INFO (message_handling): Common message to be encoded
[2026-08-15 14:23:08,404] INFO (message_handling): Message is valid against Schema XSD
[2026-08-15 14:23:08,404] DEBUG (tcp_server): Encoded EXI message: 800C041B1B991B9A9C19 998CCEC81D4062000400 (tcp_server.py:134)
[2026-08-15 14:23:08,409] INFO (tcp_server): Received request from ('fd00:edf::1', 38606, 0, 0).
[2026-08-15 14:23:08,409] INFO (message_handling): Message is valid.
[2026-08-15 14:23:08,409] DEBUG (tcp_server): Received EXI msg to be decoded: 8000041B1B991B9A9C 19998CCEC81D406200 (tcp_server.py:84)
[2026-08-15 14:23:08,409] INFO (tcp_server): Payload type: 0x8002
[2026-08-15 14:23:08,409] INFO (message_handling): Common message to be decoded
[2026-08-15 14:23:08,410] DEBUG (tcp_server): Message successfully decoded (tcp_server.py:96)
[2026-08-15 14:23:08,410] DEBUG (tcp_server): XML message received: <?xml version="1.0" encoding="UTF-8"?><s1:AuthorizationReq xmlns:s1="urn:iso:std:iso:15118:-20:CommonMessages" xmlns:xsi="http://www.w3.org/2001/XMLSchema-instance" xmlns:xsd="http://www.w3.org/2001/XMLSchema" xmlns:s0="http://www.w3.org/2000/09/xmldsig#" xmlns:s2="urn:iso:std:iso:15118:-20:CommonTypes"><s2:Header><s2:SessionID>3637323735383333</s2:SessionID><s2:TimeStamp>1786803788</s2:TimeStamp></s2:Header><s1:SelectedAuthorizationService>EIM</s1:SelectedAuthorizationService><s1:EIM_AReqAuthorizationMode/></s1:AuthorizationReq> (tcp_server.py:97)
[2026-08-15 14:23:08,411] INFO (tcp_server): Received AuthorizationReq.
[2026-08-15 14:23:08,411] DEBUG (tcp_server): XML message to be sent: <?xml version="1.0" encoding="UTF-8"?>
<ns0:AuthorizationRes xmlns:ns0="urn:iso:std:iso:15118:-20:CommonMessages">
  <ns1:Header xmlns:ns1="urn:iso:std:iso:15118:-20:CommonTypes">
    <ns1:SessionID>3637323735383333</ns1:SessionID>
    <ns1:TimeStamp>1786803788</ns1:TimeStamp>
  </ns1:Header>
  <ns1:ResponseCode xmlns:ns1="urn:iso:std:iso:15118:-20:CommonTypes">OK</ns1:ResponseCode>
  <ns0:EVSEProcessing>Finished</ns0:EVSEProcessing>
</ns0:AuthorizationRes>
 (tcp_server.py:124)
[2026-08-15 14:23:08,411] DEBUG (tcp_server): Encoding process start (tcp_server.py:125)
[2026-08-15 14:23:08,411] INFO (message_handling): Common message to be encoded
[2026-08-15 14:23:08,411] INFO (message_handling): Message is valid against Schema XSD
[2026-08-15 14:23:08,412] DEBUG (tcp_server): Encoded EXI message: 8004041B1B991B9A9C1 9998CCEC81D40620000 (tcp_server.py:134)
[2026-08-15 14:23:08,415] INFO (tcp_server): Received request from ('fd00:edf::1', 38606, 0, 0).
[2026-08-15 14:23:08,415] INFO (message_handling): Message is valid.
[2026-08-15 14:23:08,415] DEBUG (tcp_server): Received EXI msg to be decoded: 807C041B1B991B9A9C 19998CCEC81D406280 (tcp_server.py:84)
[2026-08-15 14:23:08,415] INFO (tcp_server): Payload type: 0x8002
[2026-08-15 14:23:08,415] INFO (message_handling): Common message to be decoded
[2026-08-15 14:23:08,416] DEBUG (tcp_server): Message successfully decoded (tcp_server.py:96)
[2026-08-15 14:23:08,416] DEBUG (tcp_server): XML message received: <?xml version="1.0" encoding="UTF-8"?><s1:ServiceDiscoveryReq xmlns:s1="urn:iso:std:iso:15118:-20:CommonMessages" xmlns:xsi="http://www.w3.org/2001/XMLSchema-instance" xmlns:xsd="http://www.w3.org/2001/XMLSchema" xmlns:s0="http://www.w3.org/2000/09/xmldsig#" xmlns:s2="urn:iso:std:iso:15118:-20:CommonTypes"><s2:Header><s2:SessionID>3637323735383333</s2:SessionID><s2:TimeStamp>1786803788</s2:TimeStamp></s2:Header></s1:ServiceDiscoveryReq> (tcp_server.py:97)
[2026-08-15 14:23:08,416] INFO (tcp_server): Received ServiceDiscoveryReq.
Fatal error: protocol.data_received() call failed.
protocol: <secc.tcp_server.TCPServerProtocol object at 0x7d653c9b3880>
transport: <_SelectorSocketTransport fd=22 read=polling write=<idle, bufsize=0>>
Traceback (most recent call last):
  File "/usr/local/lib/python3.8/asyncio/selector_events.py", line 862, in _read_ready__data_received
    self._protocol.data_received(data)
  File "/app/secc/../secc/tcp_server.py", line 60, in data_received
    self.process_incoming_message(packet)
  File "/app/secc/../secc/tcp_server.py", line 112, in process_incoming_message
    reaction = self.session.get_state(self.session.state).process_payload(xml_object)
  File "/app/secc/../secc/states/process_service_discovery_request.py", line 31, in process_payload
    if 6 in payload.supported_service_ids.service_id:
AttributeError: 'NoneType' object has no attribute 'service_id'
[2026-08-15 14:23:08,417] ERROR (tcp_server): 'NoneType' object has no attribute 'service_id'. (tcp_server.py:69)
[2026-08-15 14:23:14,960] WARNING (timer): Message timer requirement not fulfilled: over 60.00 seconds). (timer.py:99)
[2026-08-15 14:23:16,007] INFO (tcp_server): Connection made. Starting new communication session.
[2026-08-15 14:23:16,010] INFO (tcp_server): Sent notification.
[2026-08-15 14:23:16,016] INFO (tcp_server): Received request from ('fd00:edf::1', 35104, 0, 0).
[2026-08-15 14:23:16,017] INFO (message_handling): Message is valid.
[2026-08-15 14:23:16,017] DEBUG (tcp_server): Received EXI msg to be decoded: 8000F3AB9371D34B9B79D39BA321D34B9B79D 189A98989C1D1699181D22218010000040040 (tcp_server.py:84)
[2026-08-15 14:23:16,017] INFO (tcp_server): Payload type: 0x8001
[2026-08-15 14:23:16,017] INFO (message_handling): Supported App Protocol message to be decoded
[2026-08-15 14:23:16,017] DEBUG (tcp_server): Message successfully decoded (tcp_server.py:96)
[2026-08-15 14:23:16,017] DEBUG (tcp_server): XML message received: <?xml version="1.0" encoding="UTF-8"?><s0:supportedAppProtocolReq xmlns:s0="urn:iso:15118:2:2010:AppProtocol" xmlns:xsi="http://www.w3.org/2001/XMLSchema-instance" xmlns:xsd="http://www.w3.org/2001/XMLSchema"><AppProtocol><ProtocolNamespace>urn:iso:std:iso:15118:-20:DC</ProtocolNamespace><VersionNumberMajor>1</VersionNumberMajor><VersionNumberMinor>0</VersionNumberMinor><SchemaID>1</SchemaID><Priority>1</Priority></AppProtocol></s0:supportedAppProtocolReq> (tcp_server.py:97)
[2026-08-15 14:23:16,018] INFO (tcp_server): Received SupportedAppProtocolReq.
[2026-08-15 14:23:16,018] DEBUG (tcp_server): XML message to be sent: <?xml version="1.0" encoding="UTF-8"?>
<ns0:supportedAppProtocolRes xmlns:ns0="urn:iso:15118:2:2010:AppProtocol">
  <ResponseCode>OK_SuccessfulNegotiation</ResponseCode>
  <SchemaID>1</SchemaID>
</ns0:supportedAppProtocolRes>
 (tcp_server.py:124)
[2026-08-15 14:23:16,018] DEBUG (tcp_server): Encoding process start (tcp_server.py:125)
[2026-08-15 14:23:16,018] INFO (message_handling): Supported App Protocol message to be encoded
[2026-08-15 14:23:16,018] INFO (message_handling): Message is valid against Schema XSD
[2026-08-15 14:23:16,019] DEBUG (tcp_server): Encoded EXI message: 8040 0040 (tcp_server.py:134)
[2026-08-15 14:23:16,034] INFO (tcp_server): Received request from ('fd00:edf::1', 35104, 0, 0).
[2026-08-15 14:23:16,034] INFO (message_handling): Message is valid.
[2026-08-15 14:23:16,034] DEBUG (tcp_server): Received EXI msg to be decoded: 808C0400000000000000000D4 EC81D40620422AB21A1981880 (tcp_server.py:84)
[2026-08-15 14:23:16,034] INFO (tcp_server): Payload type: 0x8002
[2026-08-15 14:23:16,035] INFO (message_handling): Common message to be decoded
[2026-08-15 14:23:16,035] DEBUG (tcp_server): Message successfully decoded (tcp_server.py:96)
[2026-08-15 14:23:16,035] DEBUG (tcp_server): XML message received: <?xml version="1.0" encoding="UTF-8"?><s1:SessionSetupReq xmlns:s1="urn:iso:std:iso:15118:-20:CommonMessages" xmlns:xsi="http://www.w3.org/2001/XMLSchema-instance" xmlns:xsd="http://www.w3.org/2001/XMLSchema" xmlns:s0="http://www.w3.org/2000/09/xmldsig#" xmlns:s2="urn:iso:std:iso:15118:-20:CommonTypes"><s2:Header><s2:SessionID>0000000000000000</s2:SessionID><s2:TimeStamp>1786803796</s2:TimeStamp></s2:Header><s1:EVCCID>EVCC01</s1:EVCCID></s1:SessionSetupReq> (tcp_server.py:97)
[2026-08-15 14:23:16,035] INFO (tcp_server): Received SessionSetupReq.
[2026-08-15 14:23:16,036] DEBUG (tcp_server): XML message to be sent: <?xml version="1.0" encoding="UTF-8"?>
<ns0:SessionSetupRes xmlns:ns0="urn:iso:std:iso:15118:-20:CommonMessages">
  <ns1:Header xmlns:ns1="urn:iso:std:iso:15118:-20:CommonTypes">
    <ns1:SessionID>3532333234373832</ns1:SessionID>
    <ns1:TimeStamp>1786803796</ns1:TimeStamp>
  </ns1:Header>
  <ns1:ResponseCode xmlns:ns1="urn:iso:std:iso:15118:-20:CommonTypes">OK_NewSessionEstablished</ns1:ResponseCode>
  <ns0:EVSEID>ZZ000000</ns0:EVSEID>
</ns0:SessionSetupRes>
 (tcp_server.py:124)
[2026-08-15 14:23:16,036] DEBUG (tcp_server): Encoding process start (tcp_server.py:125)
[2026-08-15 14:23:16,036] INFO (message_handling): Common message to be encoded
[2026-08-15 14:23:16,036] INFO (message_handling): Message is valid against Schema XSD
[2026-08-15 14:23:16,037] DEBUG (tcp_server): Encoded EXI message: 8090041A9919991A1B9C190D4EC8 1D4062040296968C0C0C0C0C0C00 (tcp_server.py:134)
[2026-08-15 14:23:16,046] INFO (tcp_server): Received request from ('fd00:edf::1', 35104, 0, 0).
[2026-08-15 14:23:16,046] INFO (message_handling): Message is valid.
[2026-08-15 14:23:16,046] DEBUG (tcp_server): Received EXI msg to be decoded: 8008041A9919991A1 B9C190D4EC81D4062 (tcp_server.py:84)
[2026-08-15 14:23:16,046] INFO (tcp_server): Payload type: 0x8002
[2026-08-15 14:23:16,047] INFO (message_handling): Common message to be decoded
[2026-08-15 14:23:16,047] DEBUG (tcp_server): Message successfully decoded (tcp_server.py:96)
[2026-08-15 14:23:16,047] DEBUG (tcp_server): XML message received: <?xml version="1.0" encoding="UTF-8"?><s1:AuthorizationSetupReq xmlns:s1="urn:iso:std:iso:15118:-20:CommonMessages" xmlns:xsi="http://www.w3.org/2001/XMLSchema-instance" xmlns:xsd="http://www.w3.org/2001/XMLSchema" xmlns:s0="http://www.w3.org/2000/09/xmldsig#" xmlns:s2="urn:iso:std:iso:15118:-20:CommonTypes"><s2:Header><s2:SessionID>3532333234373832</s2:SessionID><s2:TimeStamp>1786803796</s2:TimeStamp></s2:Header></s1:AuthorizationSetupReq> (tcp_server.py:97)
[2026-08-15 14:23:16,048] INFO (tcp_server): Received AuthorizationSetupReq.
[2026-08-15 14:23:16,049] DEBUG (tcp_server): XML message to be sent: <?xml version="1.0" encoding="UTF-8"?>
<ns0:AuthorizationSetupRes xmlns:ns0="urn:iso:std:iso:15118:-20:CommonMessages">
  <ns1:Header xmlns:ns1="urn:iso:std:iso:15118:-20:CommonTypes">
    <ns1:SessionID>3532333234373832</ns1:SessionID>
    <ns1:TimeStamp>1786803796</ns1:TimeStamp>
  </ns1:Header>
  <ns1:ResponseCode xmlns:ns1="urn:iso:std:iso:15118:-20:CommonTypes">OK</ns1:ResponseCode>
  <ns0:AuthorizationServices>EIM</ns0:AuthorizationServices>
  <ns0:CertificateInstallationService>false</ns0:CertificateInstallationService>
  <ns0:EIM_ASResAuthorizationMode/>
</ns0:AuthorizationSetupRes>
 (tcp_server.py:124)
[2026-08-15 14:23:16,049] DEBUG (tcp_server): Encoding process start (tcp_server.py:125)
[2026-08-15 14:23:16,049] INFO (message_handling): Common message to be encoded
[2026-08-15 14:23:16,049] INFO (message_handling): Message is valid against Schema XSD
[2026-08-15 14:23:16,050] DEBUG (tcp_server): Encoded EXI message: 800C041A9919991A1B9C 190D4EC81D4062000400 (tcp_server.py:134)
[2026-08-15 14:23:16,055] INFO (tcp_server): Received request from ('fd00:edf::1', 35104, 0, 0).
[2026-08-15 14:23:16,055] INFO (message_handling): Message is valid.
[2026-08-15 14:23:16,055] DEBUG (tcp_server): Received EXI msg to be decoded: 8000041A9919991A1B 9C190D4EC81D406200 (tcp_server.py:84)
[2026-08-15 14:23:16,055] INFO (tcp_server): Payload type: 0x8002
[2026-08-15 14:23:16,055] INFO (message_handling): Common message to be decoded
[2026-08-15 14:23:16,056] DEBUG (tcp_server): Message successfully decoded (tcp_server.py:96)
[2026-08-15 14:23:16,056] DEBUG (tcp_server): XML message received: <?xml version="1.0" encoding="UTF-8"?><s1:AuthorizationReq xmlns:s1="urn:iso:std:iso:15118:-20:CommonMessages" xmlns:xsi="http://www.w3.org/2001/XMLSchema-instance" xmlns:xsd="http://www.w3.org/2001/XMLSchema" xmlns:s0="http://www.w3.org/2000/09/xmldsig#" xmlns:s2="urn:iso:std:iso:15118:-20:CommonTypes"><s2:Header><s2:SessionID>3532333234373832</s2:SessionID><s2:TimeStamp>1786803796</s2:TimeStamp></s2:Header><s1:SelectedAuthorizationService>EIM</s1:SelectedAuthorizationService><s1:EIM_AReqAuthorizationMode/></s1:AuthorizationReq> (tcp_server.py:97)
[2026-08-15 14:23:16,056] INFO (tcp_server): Received AuthorizationReq.
[2026-08-15 14:23:16,057] DEBUG (tcp_server): XML message to be sent: <?xml version="1.0" encoding="UTF-8"?>
<ns0:AuthorizationRes xmlns:ns0="urn:iso:std:iso:15118:-20:CommonMessages">
  <ns1:Header xmlns:ns1="urn:iso:std:iso:15118:-20:CommonTypes">
    <ns1:SessionID>3532333234373832</ns1:SessionID>
    <ns1:TimeStamp>1786803796</ns1:TimeStamp>
  </ns1:Header>
  <ns1:ResponseCode xmlns:ns1="urn:iso:std:iso:15118:-20:CommonTypes">OK</ns1:ResponseCode>
  <ns0:EVSEProcessing>Finished</ns0:EVSEProcessing>
</ns0:AuthorizationRes>
 (tcp_server.py:124)
[2026-08-15 14:23:16,057] DEBUG (tcp_server): Encoding process start (tcp_server.py:125)
[2026-08-15 14:23:16,057] INFO (message_handling): Common message to be encoded
[2026-08-15 14:23:16,057] INFO (message_handling): Message is valid against Schema XSD
[2026-08-15 14:23:16,058] DEBUG (tcp_server): Encoded EXI message: 8004041A9919991A1B9 C190D4EC81D40620000 (tcp_server.py:134)
[2026-08-15 14:23:16,059] INFO (tcp_server): Received request from ('fd00:edf::1', 35104, 0, 0).
[2026-08-15 14:23:16,059] INFO (message_handling): Message is valid.
[2026-08-15 14:23:16,059] DEBUG (tcp_server): Received EXI msg to be decoded: 807C041A9919991A1B 9C190D4EC81D406280 (tcp_server.py:84)
[2026-08-15 14:23:16,059] INFO (tcp_server): Payload type: 0x8002
[2026-08-15 14:23:16,059] INFO (message_handling): Common message to be decoded
[2026-08-15 14:23:16,060] DEBUG (tcp_server): Message successfully decoded (tcp_server.py:96)
[2026-08-15 14:23:16,060] DEBUG (tcp_server): XML message received: <?xml version="1.0" encoding="UTF-8"?><s1:ServiceDiscoveryReq xmlns:s1="urn:iso:std:iso:15118:-20:CommonMessages" xmlns:xsi="http://www.w3.org/2001/XMLSchema-instance" xmlns:xsd="http://www.w3.org/2001/XMLSchema" xmlns:s0="http://www.w3.org/2000/09/xmldsig#" xmlns:s2="urn:iso:std:iso:15118:-20:CommonTypes"><s2:Header><s2:SessionID>3532333234373832</s2:SessionID><s2:TimeStamp>1786803796</s2:TimeStamp></s2:Header></s1:ServiceDiscoveryReq> (tcp_server.py:97)
[2026-08-15 14:23:16,060] INFO (tcp_server): Received ServiceDiscoveryReq.
Fatal error: protocol.data_received() call failed.
protocol: <secc.tcp_server.TCPServerProtocol object at 0x7d653c9b3880>
transport: <_SelectorSocketTransport fd=22 read=polling write=<idle, bufsize=0>>
Traceback (most recent call last):
  File "/usr/local/lib/python3.8/asyncio/selector_events.py", line 862, in _read_ready__data_received
    self._protocol.data_received(data)
  File "/app/secc/../secc/tcp_server.py", line 60, in data_received
    self.process_incoming_message(packet)
  File "/app/secc/../secc/tcp_server.py", line 112, in process_incoming_message
    reaction = self.session.get_state(self.session.state).process_payload(xml_object)
  File "/app/secc/../secc/states/process_service_discovery_request.py", line 31, in process_payload
    if 6 in payload.supported_service_ids.service_id:
AttributeError: 'NoneType' object has no attribute 'service_id'
[2026-08-15 14:23:16,061] ERROR (tcp_server): 'NoneType' object has no attribute 'service_id'. (tcp_server.py:69)
[2026-08-15 14:23:22,508] WARNING (timer): Message timer requirement not fulfilled: over 60.00 seconds). (timer.py:99)
[2026-08-15 14:23:23,539] INFO (tcp_server): Connection made. Starting new communication session.
[2026-08-15 14:23:23,541] INFO (tcp_server): Sent notification.
[2026-08-15 14:23:23,548] INFO (tcp_server): Received request from ('fd00:edf::1', 55098, 0, 0).
[2026-08-15 14:23:23,549] INFO (message_handling): Message is valid.
[2026-08-15 14:23:23,549] DEBUG (tcp_server): Received EXI msg to be decoded: 8000F3AB9371D34B9B79D39BA321D34B9B79D 189A98989C1D1699181D22218010000040040 (tcp_server.py:84)
[2026-08-15 14:23:23,549] INFO (tcp_server): Payload type: 0x8001
[2026-08-15 14:23:23,549] INFO (message_handling): Supported App Protocol message to be decoded
[2026-08-15 14:23:23,549] DEBUG (tcp_server): Message successfully decoded (tcp_server.py:96)
[2026-08-15 14:23:23,550] DEBUG (tcp_server): XML message received: <?xml version="1.0" encoding="UTF-8"?><s0:supportedAppProtocolReq xmlns:s0="urn:iso:15118:2:2010:AppProtocol" xmlns:xsi="http://www.w3.org/2001/XMLSchema-instance" xmlns:xsd="http://www.w3.org/2001/XMLSchema"><AppProtocol><ProtocolNamespace>urn:iso:std:iso:15118:-20:DC</ProtocolNamespace><VersionNumberMajor>1</VersionNumberMajor><VersionNumberMinor>0</VersionNumberMinor><SchemaID>1</SchemaID><Priority>1</Priority></AppProtocol></s0:supportedAppProtocolReq> (tcp_server.py:97)
[2026-08-15 14:23:23,550] INFO (tcp_server): Received SupportedAppProtocolReq.
[2026-08-15 14:23:23,551] DEBUG (tcp_server): XML message to be sent: <?xml version="1.0" encoding="UTF-8"?>
<ns0:supportedAppProtocolRes xmlns:ns0="urn:iso:15118:2:2010:AppProtocol">
  <ResponseCode>OK_SuccessfulNegotiation</ResponseCode>
  <SchemaID>1</SchemaID>
</ns0:supportedAppProtocolRes>
 (tcp_server.py:124)
[2026-08-15 14:23:23,551] DEBUG (tcp_server): Encoding process start (tcp_server.py:125)
[2026-08-15 14:23:23,551] INFO (message_handling): Supported App Protocol message to be encoded
[2026-08-15 14:23:23,551] INFO (message_handling): Message is valid against Schema XSD
[2026-08-15 14:23:23,551] DEBUG (tcp_server): Encoded EXI message: 8040 0040 (tcp_server.py:134)
[2026-08-15 14:23:23,567] INFO (tcp_server): Received request from ('fd00:edf::1', 55098, 0, 0).
[2026-08-15 14:23:23,567] INFO (message_handling): Message is valid.
[2026-08-15 14:23:23,567] DEBUG (tcp_server): Received EXI msg to be decoded: 808C0400000000000000000DB EC81D40620422AB21A1981880 (tcp_server.py:84)
[2026-08-15 14:23:23,567] INFO (tcp_server): Payload type: 0x8002
[2026-08-15 14:23:23,567] INFO (message_handling): Common message to be decoded
[2026-08-15 14:23:23,568] DEBUG (tcp_server): Message successfully decoded (tcp_server.py:96)
[2026-08-15 14:23:23,568] DEBUG (tcp_server): XML message received: <?xml version="1.0" encoding="UTF-8"?><s1:SessionSetupReq xmlns:s1="urn:iso:std:iso:15118:-20:CommonMessages" xmlns:xsi="http://www.w3.org/2001/XMLSchema-instance" xmlns:xsd="http://www.w3.org/2001/XMLSchema" xmlns:s0="http://www.w3.org/2000/09/xmldsig#" xmlns:s2="urn:iso:std:iso:15118:-20:CommonTypes"><s2:Header><s2:SessionID>0000000000000000</s2:SessionID><s2:TimeStamp>1786803803</s2:TimeStamp></s2:Header><s1:EVCCID>EVCC01</s1:EVCCID></s1:SessionSetupReq> (tcp_server.py:97)
[2026-08-15 14:23:23,568] INFO (tcp_server): Received SessionSetupReq.
[2026-08-15 14:23:23,569] DEBUG (tcp_server): XML message to be sent: <?xml version="1.0" encoding="UTF-8"?>
<ns0:SessionSetupRes xmlns:ns0="urn:iso:std:iso:15118:-20:CommonMessages">
  <ns1:Header xmlns:ns1="urn:iso:std:iso:15118:-20:CommonTypes">
    <ns1:SessionID>3634343933383036</ns1:SessionID>
    <ns1:TimeStamp>1786803803</ns1:TimeStamp>
  </ns1:Header>
  <ns1:ResponseCode xmlns:ns1="urn:iso:std:iso:15118:-20:CommonTypes">OK_NewSessionEstablished</ns1:ResponseCode>
  <ns0:EVSEID>ZZ000000</ns0:EVSEID>
</ns0:SessionSetupRes>
 (tcp_server.py:124)
[2026-08-15 14:23:23,569] DEBUG (tcp_server): Encoding process start (tcp_server.py:125)
[2026-08-15 14:23:23,569] INFO (message_handling): Common message to be encoded
[2026-08-15 14:23:23,569] INFO (message_handling): Message is valid against Schema XSD
[2026-08-15 14:23:23,569] DEBUG (tcp_server): Encoded EXI message: 8090041B1A1A1C999C181B0DBEC8 1D4062040296968C0C0C0C0C0C00 (tcp_server.py:134)
[2026-08-15 14:23:23,578] INFO (tcp_server): Received request from ('fd00:edf::1', 55098, 0, 0).
[2026-08-15 14:23:23,578] INFO (message_handling): Message is valid.
[2026-08-15 14:23:23,579] DEBUG (tcp_server): Received EXI msg to be decoded: 8008041B1A1A1C999 C181B0DBEC81D4062 (tcp_server.py:84)
[2026-08-15 14:23:23,579] INFO (tcp_server): Payload type: 0x8002
[2026-08-15 14:23:23,579] INFO (message_handling): Common message to be decoded
[2026-08-15 14:23:23,579] DEBUG (tcp_server): Message successfully decoded (tcp_server.py:96)
[2026-08-15 14:23:23,580] DEBUG (tcp_server): XML message received: <?xml version="1.0" encoding="UTF-8"?><s1:AuthorizationSetupReq xmlns:s1="urn:iso:std:iso:15118:-20:CommonMessages" xmlns:xsi="http://www.w3.org/2001/XMLSchema-instance" xmlns:xsd="http://www.w3.org/2001/XMLSchema" xmlns:s0="http://www.w3.org/2000/09/xmldsig#" xmlns:s2="urn:iso:std:iso:15118:-20:CommonTypes"><s2:Header><s2:SessionID>3634343933383036</s2:SessionID><s2:TimeStamp>1786803803</s2:TimeStamp></s2:Header></s1:AuthorizationSetupReq> (tcp_server.py:97)
[2026-08-15 14:23:23,580] INFO (tcp_server): Received AuthorizationSetupReq.
[2026-08-15 14:23:23,581] DEBUG (tcp_server): XML message to be sent: <?xml version="1.0" encoding="UTF-8"?>
<ns0:AuthorizationSetupRes xmlns:ns0="urn:iso:std:iso:15118:-20:CommonMessages">
  <ns1:Header xmlns:ns1="urn:iso:std:iso:15118:-20:CommonTypes">
    <ns1:SessionID>3634343933383036</ns1:SessionID>
    <ns1:TimeStamp>1786803803</ns1:TimeStamp>
  </ns1:Header>
  <ns1:ResponseCode xmlns:ns1="urn:iso:std:iso:15118:-20:CommonTypes">OK</ns1:ResponseCode>
  <ns0:AuthorizationServices>EIM</ns0:AuthorizationServices>
  <ns0:CertificateInstallationService>false</ns0:CertificateInstallationService>
  <ns0:EIM_ASResAuthorizationMode/>
</ns0:AuthorizationSetupRes>
 (tcp_server.py:124)
[2026-08-15 14:23:23,581] DEBUG (tcp_server): Encoding process start (tcp_server.py:125)
[2026-08-15 14:23:23,581] INFO (message_handling): Common message to be encoded
[2026-08-15 14:23:23,581] INFO (message_handling): Message is valid against Schema XSD
[2026-08-15 14:23:23,582] DEBUG (tcp_server): Encoded EXI message: 800C041B1A1A1C999C18 1B0DBEC81D4062000400 (tcp_server.py:134)
[2026-08-15 14:23:23,587] INFO (tcp_server): Received request from ('fd00:edf::1', 55098, 0, 0).
[2026-08-15 14:23:23,587] INFO (message_handling): Message is valid.
[2026-08-15 14:23:23,587] DEBUG (tcp_server): Received EXI msg to be decoded: 8000041B1A1A1C999C 181B0DBEC81D406200 (tcp_server.py:84)
[2026-08-15 14:23:23,587] INFO (tcp_server): Payload type: 0x8002
[2026-08-15 14:23:23,587] INFO (message_handling): Common message to be decoded
[2026-08-15 14:23:23,588] DEBUG (tcp_server): Message successfully decoded (tcp_server.py:96)
[2026-08-15 14:23:23,588] DEBUG (tcp_server): XML message received: <?xml version="1.0" encoding="UTF-8"?><s1:AuthorizationReq xmlns:s1="urn:iso:std:iso:15118:-20:CommonMessages" xmlns:xsi="http://www.w3.org/2001/XMLSchema-instance" xmlns:xsd="http://www.w3.org/2001/XMLSchema" xmlns:s0="http://www.w3.org/2000/09/xmldsig#" xmlns:s2="urn:iso:std:iso:15118:-20:CommonTypes"><s2:Header><s2:SessionID>3634343933383036</s2:SessionID><s2:TimeStamp>1786803803</s2:TimeStamp></s2:Header><s1:SelectedAuthorizationService>EIM</s1:SelectedAuthorizationService><s1:EIM_AReqAuthorizationMode/></s1:AuthorizationReq> (tcp_server.py:97)
[2026-08-15 14:23:23,589] INFO (tcp_server): Received AuthorizationReq.
[2026-08-15 14:23:23,589] DEBUG (tcp_server): XML message to be sent: <?xml version="1.0" encoding="UTF-8"?>
<ns0:AuthorizationRes xmlns:ns0="urn:iso:std:iso:15118:-20:CommonMessages">
  <ns1:Header xmlns:ns1="urn:iso:std:iso:15118:-20:CommonTypes">
    <ns1:SessionID>3634343933383036</ns1:SessionID>
    <ns1:TimeStamp>1786803803</ns1:TimeStamp>
  </ns1:Header>
  <ns1:ResponseCode xmlns:ns1="urn:iso:std:iso:15118:-20:CommonTypes">OK</ns1:ResponseCode>
  <ns0:EVSEProcessing>Finished</ns0:EVSEProcessing>
</ns0:AuthorizationRes>
 (tcp_server.py:124)
[2026-08-15 14:23:23,589] DEBUG (tcp_server): Encoding process start (tcp_server.py:125)
[2026-08-15 14:23:23,589] INFO (message_handling): Common message to be encoded
[2026-08-15 14:23:23,589] INFO (message_handling): Message is valid against Schema XSD
[2026-08-15 14:23:23,590] DEBUG (tcp_server): Encoded EXI message: 8004041B1A1A1C999C1 81B0DBEC81D40620000 (tcp_server.py:134)
[2026-08-15 14:23:23,591] INFO (tcp_server): Received request from ('fd00:edf::1', 55098, 0, 0).
[2026-08-15 14:23:23,592] INFO (message_handling): Message is valid.
[2026-08-15 14:23:23,592] DEBUG (tcp_server): Received EXI msg to be decoded: 807C041B1A1A1C999C 181B0DBEC81D406280 (tcp_server.py:84)
[2026-08-15 14:23:23,592] INFO (tcp_server): Payload type: 0x8002
[2026-08-15 14:23:23,592] INFO (message_handling): Common message to be decoded
[2026-08-15 14:23:23,592] DEBUG (tcp_server): Message successfully decoded (tcp_server.py:96)
[2026-08-15 14:23:23,593] DEBUG (tcp_server): XML message received: <?xml version="1.0" encoding="UTF-8"?><s1:ServiceDiscoveryReq xmlns:s1="urn:iso:std:iso:15118:-20:CommonMessages" xmlns:xsi="http://www.w3.org/2001/XMLSchema-instance" xmlns:xsd="http://www.w3.org/2001/XMLSchema" xmlns:s0="http://www.w3.org/2000/09/xmldsig#" xmlns:s2="urn:iso:std:iso:15118:-20:CommonTypes"><s2:Header><s2:SessionID>3634343933383036</s2:SessionID><s2:TimeStamp>1786803803</s2:TimeStamp></s2:Header></s1:ServiceDiscoveryReq> (tcp_server.py:97)
[2026-08-15 14:23:23,593] INFO (tcp_server): Received ServiceDiscoveryReq.
Fatal error: protocol.data_received() call failed.
protocol: <secc.tcp_server.TCPServerProtocol object at 0x7d653c85c760>
transport: <_SelectorSocketTransport fd=22 read=polling write=<idle, bufsize=0>>
Traceback (most recent call last):
  File "/usr/local/lib/python3.8/asyncio/selector_events.py", line 862, in _read_ready__data_received
    self._protocol.data_received(data)
  File "/app/secc/../secc/tcp_server.py", line 60, in data_received
    self.process_incoming_message(packet)
  File "/app/secc/../secc/tcp_server.py", line 112, in process_incoming_message
    reaction = self.session.get_state(self.session.state).process_payload(xml_object)
  File "/app/secc/../secc/states/process_service_discovery_request.py", line 31, in process_payload
    if 6 in payload.supported_service_ids.service_id:
AttributeError: 'NoneType' object has no attribute 'service_id'
[2026-08-15 14:23:23,593] ERROR (tcp_server): 'NoneType' object has no attribute 'service_id'. (tcp_server.py:69)
[2026-08-15 14:23:30,160] WARNING (timer): Message timer requirement not fulfilled: over 60.00 seconds). (timer.py:99)
[2026-08-15 14:23:31,997] INFO (tcp_server): Connection made. Starting new communication session.
[2026-08-15 14:23:32,001] INFO (tcp_server): Sent notification.
[2026-08-15 14:23:32,006] INFO (tcp_server): Received request from ('fd00:edf::1', 53284, 0, 0).
[2026-08-15 14:23:32,007] INFO (message_handling): Message is valid.
[2026-08-15 14:23:32,007] DEBUG (tcp_server): Received EXI msg to be decoded: 8000F3AB9371D34B9B79D39BA321D34B9B79D 189A98989C1D1699181D22218010000040040 (tcp_server.py:84)
[2026-08-15 14:23:32,007] INFO (tcp_server): Payload type: 0x8001
[2026-08-15 14:23:32,007] INFO (message_handling): Supported App Protocol message to be decoded
[2026-08-15 14:23:32,008] DEBUG (tcp_server): Message successfully decoded (tcp_server.py:96)
[2026-08-15 14:23:32,008] DEBUG (tcp_server): XML message received: <?xml version="1.0" encoding="UTF-8"?><s0:supportedAppProtocolReq xmlns:s0="urn:iso:15118:2:2010:AppProtocol" xmlns:xsi="http://www.w3.org/2001/XMLSchema-instance" xmlns:xsd="http://www.w3.org/2001/XMLSchema"><AppProtocol><ProtocolNamespace>urn:iso:std:iso:15118:-20:DC</ProtocolNamespace><VersionNumberMajor>1</VersionNumberMajor><VersionNumberMinor>0</VersionNumberMinor><SchemaID>1</SchemaID><Priority>1</Priority></AppProtocol></s0:supportedAppProtocolReq> (tcp_server.py:97)
[2026-08-15 14:23:32,008] INFO (tcp_server): Received SupportedAppProtocolReq.
[2026-08-15 14:23:32,009] DEBUG (tcp_server): XML message to be sent: <?xml version="1.0" encoding="UTF-8"?>
<ns0:supportedAppProtocolRes xmlns:ns0="urn:iso:15118:2:2010:AppProtocol">
  <ResponseCode>OK_SuccessfulNegotiation</ResponseCode>
  <SchemaID>1</SchemaID>
</ns0:supportedAppProtocolRes>
 (tcp_server.py:124)
[2026-08-15 14:23:32,009] DEBUG (tcp_server): Encoding process start (tcp_server.py:125)
[2026-08-15 14:23:32,009] INFO (message_handling): Supported App Protocol message to be encoded
[2026-08-15 14:23:32,009] INFO (message_handling): Message is valid against Schema XSD
[2026-08-15 14:23:32,010] DEBUG (tcp_server): Encoded EXI message: 8040 0040 (tcp_server.py:134)
[2026-08-15 14:23:32,025] INFO (tcp_server): Received request from ('fd00:edf::1', 53284, 0, 0).
[2026-08-15 14:23:32,026] INFO (message_handling): Message is valid.
[2026-08-15 14:23:32,026] DEBUG (tcp_server): Received EXI msg to be decoded: 808C0400000000000000000E4 EC81D40620422AB21A1981880 (tcp_server.py:84)
[2026-08-15 14:23:32,026] INFO (tcp_server): Payload type: 0x8002
[2026-08-15 14:23:32,026] INFO (message_handling): Common message to be decoded
[2026-08-15 14:23:32,027] DEBUG (tcp_server): Message successfully decoded (tcp_server.py:96)
[2026-08-15 14:23:32,027] DEBUG (tcp_server): XML message received: <?xml version="1.0" encoding="UTF-8"?><s1:SessionSetupReq xmlns:s1="urn:iso:std:iso:15118:-20:CommonMessages" xmlns:xsi="http://www.w3.org/2001/XMLSchema-instance" xmlns:xsd="http://www.w3.org/2001/XMLSchema" xmlns:s0="http://www.w3.org/2000/09/xmldsig#" xmlns:s2="urn:iso:std:iso:15118:-20:CommonTypes"><s2:Header><s2:SessionID>0000000000000000</s2:SessionID><s2:TimeStamp>1786803812</s2:TimeStamp></s2:Header><s1:EVCCID>EVCC01</s1:EVCCID></s1:SessionSetupReq> (tcp_server.py:97)
[2026-08-15 14:23:32,027] INFO (tcp_server): Received SessionSetupReq.
[2026-08-15 14:23:32,028] DEBUG (tcp_server): XML message to be sent: <?xml version="1.0" encoding="UTF-8"?>
<ns0:SessionSetupRes xmlns:ns0="urn:iso:std:iso:15118:-20:CommonMessages">
  <ns1:Header xmlns:ns1="urn:iso:std:iso:15118:-20:CommonTypes">
    <ns1:SessionID>3538343736323638</ns1:SessionID>
    <ns1:TimeStamp>1786803812</ns1:TimeStamp>
  </ns1:Header>
  <ns1:ResponseCode xmlns:ns1="urn:iso:std:iso:15118:-20:CommonTypes">OK_NewSessionEstablished</ns1:ResponseCode>
  <ns0:EVSEID>ZZ000000</ns0:EVSEID>
</ns0:SessionSetupRes>
 (tcp_server.py:124)
[2026-08-15 14:23:32,028] DEBUG (tcp_server): Encoding process start (tcp_server.py:125)
[2026-08-15 14:23:32,028] INFO (message_handling): Common message to be encoded
[2026-08-15 14:23:32,028] INFO (message_handling): Message is valid against Schema XSD
[2026-08-15 14:23:32,029] DEBUG (tcp_server): Encoded EXI message: 8090041A9C1A1B9B191B1C0E4EC8 1D4062040296968C0C0C0C0C0C00 (tcp_server.py:134)
[2026-08-15 14:23:32,040] INFO (tcp_server): Received request from ('fd00:edf::1', 53284, 0, 0).
[2026-08-15 14:23:32,040] INFO (message_handling): Message is valid.
[2026-08-15 14:23:32,040] DEBUG (tcp_server): Received EXI msg to be decoded: 8008041A9C1A1B9B1 91B1C0E4EC81D4062 (tcp_server.py:84)
[2026-08-15 14:23:32,040] INFO (tcp_server): Payload type: 0x8002
[2026-08-15 14:23:32,040] INFO (message_handling): Common message to be decoded
[2026-08-15 14:23:32,041] DEBUG (tcp_server): Message successfully decoded (tcp_server.py:96)
[2026-08-15 14:23:32,041] DEBUG (tcp_server): XML message received: <?xml version="1.0" encoding="UTF-8"?><s1:AuthorizationSetupReq xmlns:s1="urn:iso:std:iso:15118:-20:CommonMessages" xmlns:xsi="http://www.w3.org/2001/XMLSchema-instance" xmlns:xsd="http://www.w3.org/2001/XMLSchema" xmlns:s0="http://www.w3.org/2000/09/xmldsig#" xmlns:s2="urn:iso:std:iso:15118:-20:CommonTypes"><s2:Header><s2:SessionID>3538343736323638</s2:SessionID><s2:TimeStamp>1786803812</s2:TimeStamp></s2:Header></s1:AuthorizationSetupReq> (tcp_server.py:97)
[2026-08-15 14:23:32,041] INFO (tcp_server): Received AuthorizationSetupReq.
[2026-08-15 14:23:32,042] DEBUG (tcp_server): XML message to be sent: <?xml version="1.0" encoding="UTF-8"?>
<ns0:AuthorizationSetupRes xmlns:ns0="urn:iso:std:iso:15118:-20:CommonMessages">
  <ns1:Header xmlns:ns1="urn:iso:std:iso:15118:-20:CommonTypes">
    <ns1:SessionID>3538343736323638</ns1:SessionID>
    <ns1:TimeStamp>1786803812</ns1:TimeStamp>
  </ns1:Header>
  <ns1:ResponseCode xmlns:ns1="urn:iso:std:iso:15118:-20:CommonTypes">OK</ns1:ResponseCode>
  <ns0:AuthorizationServices>EIM</ns0:AuthorizationServices>
  <ns0:CertificateInstallationService>false</ns0:CertificateInstallationService>
  <ns0:EIM_ASResAuthorizationMode/>
</ns0:AuthorizationSetupRes>
 (tcp_server.py:124)
[2026-08-15 14:23:32,042] DEBUG (tcp_server): Encoding process start (tcp_server.py:125)
[2026-08-15 14:23:32,042] INFO (message_handling): Common message to be encoded
[2026-08-15 14:23:32,042] INFO (message_handling): Message is valid against Schema XSD
[2026-08-15 14:23:32,042] DEBUG (tcp_server): Encoded EXI message: 800C041A9C1A1B9B191B 1C0E4EC81D4062000400 (tcp_server.py:134)
[2026-08-15 14:23:32,047] INFO (tcp_server): Received request from ('fd00:edf::1', 53284, 0, 0).
[2026-08-15 14:23:32,048] INFO (message_handling): Message is valid.
[2026-08-15 14:23:32,048] DEBUG (tcp_server): Received EXI msg to be decoded: 8000041A9C1A1B9B19 1B1C0E4EC81D406200 (tcp_server.py:84)
[2026-08-15 14:23:32,048] INFO (tcp_server): Payload type: 0x8002
[2026-08-15 14:23:32,048] INFO (message_handling): Common message to be decoded
[2026-08-15 14:23:32,049] DEBUG (tcp_server): Message successfully decoded (tcp_server.py:96)
[2026-08-15 14:23:32,049] DEBUG (tcp_server): XML message received: <?xml version="1.0" encoding="UTF-8"?><s1:AuthorizationReq xmlns:s1="urn:iso:std:iso:15118:-20:CommonMessages" xmlns:xsi="http://www.w3.org/2001/XMLSchema-instance" xmlns:xsd="http://www.w3.org/2001/XMLSchema" xmlns:s0="http://www.w3.org/2000/09/xmldsig#" xmlns:s2="urn:iso:std:iso:15118:-20:CommonTypes"><s2:Header><s2:SessionID>3538343736323638</s2:SessionID><s2:TimeStamp>1786803812</s2:TimeStamp></s2:Header><s1:SelectedAuthorizationService>EIM</s1:SelectedAuthorizationService><s1:EIM_AReqAuthorizationMode/></s1:AuthorizationReq> (tcp_server.py:97)
[2026-08-15 14:23:32,049] INFO (tcp_server): Received AuthorizationReq.
[2026-08-15 14:23:32,050] DEBUG (tcp_server): XML message to be sent: <?xml version="1.0" encoding="UTF-8"?>
<ns0:AuthorizationRes xmlns:ns0="urn:iso:std:iso:15118:-20:CommonMessages">
  <ns1:Header xmlns:ns1="urn:iso:std:iso:15118:-20:CommonTypes">
    <ns1:SessionID>3538343736323638</ns1:SessionID>
    <ns1:TimeStamp>1786803812</ns1:TimeStamp>
  </ns1:Header>
  <ns1:ResponseCode xmlns:ns1="urn:iso:std:iso:15118:-20:CommonTypes">OK</ns1:ResponseCode>
  <ns0:EVSEProcessing>Finished</ns0:EVSEProcessing>
</ns0:AuthorizationRes>
 (tcp_server.py:124)
[2026-08-15 14:23:32,050] DEBUG (tcp_server): Encoding process start (tcp_server.py:125)
[2026-08-15 14:23:32,050] INFO (message_handling): Common message to be encoded
[2026-08-15 14:23:32,050] INFO (message_handling): Message is valid against Schema XSD
[2026-08-15 14:23:32,051] DEBUG (tcp_server): Encoded EXI message: 8004041A9C1A1B9B191 B1C0E4EC81D40620000 (tcp_server.py:134)
[2026-08-15 14:23:32,052] INFO (tcp_server): Received request from ('fd00:edf::1', 53284, 0, 0).
[2026-08-15 14:23:32,053] INFO (message_handling): Message is valid.
[2026-08-15 14:23:32,053] DEBUG (tcp_server): Received EXI msg to be decoded: 807C041A9C1A1B9B19 1B1C0E4EC81D406280 (tcp_server.py:84)
[2026-08-15 14:23:32,053] INFO (tcp_server): Payload type: 0x8002
[2026-08-15 14:23:32,053] INFO (message_handling): Common message to be decoded
[2026-08-15 14:23:32,053] DEBUG (tcp_server): Message successfully decoded (tcp_server.py:96)
[2026-08-15 14:23:32,053] DEBUG (tcp_server): XML message received: <?xml version="1.0" encoding="UTF-8"?><s1:ServiceDiscoveryReq xmlns:s1="urn:iso:std:iso:15118:-20:CommonMessages" xmlns:xsi="http://www.w3.org/2001/XMLSchema-instance" xmlns:xsd="http://www.w3.org/2001/XMLSchema" xmlns:s0="http://www.w3.org/2000/09/xmldsig#" xmlns:s2="urn:iso:std:iso:15118:-20:CommonTypes"><s2:Header><s2:SessionID>3538343736323638</s2:SessionID><s2:TimeStamp>1786803812</s2:TimeStamp></s2:Header></s1:ServiceDiscoveryReq> (tcp_server.py:97)
[2026-08-15 14:23:32,054] INFO (tcp_server): Received ServiceDiscoveryReq.
Fatal error: protocol.data_received() call failed.
protocol: <secc.tcp_server.TCPServerProtocol object at 0x7d653c85c760>
transport: <_SelectorSocketTransport fd=22 read=polling write=<idle, bufsize=0>>
Traceback (most recent call last):
  File "/usr/local/lib/python3.8/asyncio/selector_events.py", line 862, in _read_ready__data_received
    self._protocol.data_received(data)
  File "/app/secc/../secc/tcp_server.py", line 60, in data_received
    self.process_incoming_message(packet)
  File "/app/secc/../secc/tcp_server.py", line 112, in process_incoming_message
    reaction = self.session.get_state(self.session.state).process_payload(xml_object)
  File "/app/secc/../secc/states/process_service_discovery_request.py", line 31, in process_payload
    if 6 in payload.supported_service_ids.service_id:
AttributeError: 'NoneType' object has no attribute 'service_id'
[2026-08-15 14:23:32,054] ERROR (tcp_server): 'NoneType' object has no attribute 'service_id'. (tcp_server.py:69)
[2026-08-15 14:23:37,493] WARNING (timer): Message timer requirement not fulfilled: over 60.00 seconds). (timer.py:99)
[2026-08-15 14:23:39,573] INFO (tcp_server): Connection made. Starting new communication session.
[2026-08-15 14:23:39,575] INFO (tcp_server): Sent notification.
[2026-08-15 14:23:39,580] INFO (tcp_server): Received request from ('fd00:edf::1', 54666, 0, 0).
[2026-08-15 14:23:39,581] INFO (message_handling): Message is valid.
[2026-08-15 14:23:39,581] DEBUG (tcp_server): Received EXI msg to be decoded: 8000F3AB9371D34B9B79D39BA321D34B9B79D 189A98989C1D1699181D22218010000040040 (tcp_server.py:84)
[2026-08-15 14:23:39,581] INFO (tcp_server): Payload type: 0x8001
[2026-08-15 14:23:39,581] INFO (message_handling): Supported App Protocol message to be decoded
[2026-08-15 14:23:39,582] DEBUG (tcp_server): Message successfully decoded (tcp_server.py:96)
[2026-08-15 14:23:39,582] DEBUG (tcp_server): XML message received: <?xml version="1.0" encoding="UTF-8"?><s0:supportedAppProtocolReq xmlns:s0="urn:iso:15118:2:2010:AppProtocol" xmlns:xsi="http://www.w3.org/2001/XMLSchema-instance" xmlns:xsd="http://www.w3.org/2001/XMLSchema"><AppProtocol><ProtocolNamespace>urn:iso:std:iso:15118:-20:DC</ProtocolNamespace><VersionNumberMajor>1</VersionNumberMajor><VersionNumberMinor>0</VersionNumberMinor><SchemaID>1</SchemaID><Priority>1</Priority></AppProtocol></s0:supportedAppProtocolReq> (tcp_server.py:97)
[2026-08-15 14:23:39,582] INFO (tcp_server): Received SupportedAppProtocolReq.
[2026-08-15 14:23:39,583] DEBUG (tcp_server): XML message to be sent: <?xml version="1.0" encoding="UTF-8"?>
<ns0:supportedAppProtocolRes xmlns:ns0="urn:iso:15118:2:2010:AppProtocol">
  <ResponseCode>OK_SuccessfulNegotiation</ResponseCode>
  <SchemaID>1</SchemaID>
</ns0:supportedAppProtocolRes>
 (tcp_server.py:124)
[2026-08-15 14:23:39,583] DEBUG (tcp_server): Encoding process start (tcp_server.py:125)
[2026-08-15 14:23:39,583] INFO (message_handling): Supported App Protocol message to be encoded
[2026-08-15 14:23:39,583] INFO (message_handling): Message is valid against Schema XSD
[2026-08-15 14:23:39,584] DEBUG (tcp_server): Encoded EXI message: 8040 0040 (tcp_server.py:134)
[2026-08-15 14:23:39,600] INFO (tcp_server): Received request from ('fd00:edf::1', 54666, 0, 0).
[2026-08-15 14:23:39,600] INFO (message_handling): Message is valid.
[2026-08-15 14:23:39,600] DEBUG (tcp_server): Received EXI msg to be decoded: 808C0400000000000000000EB EC81D40620422AB21A1981880 (tcp_server.py:84)
[2026-08-15 14:23:39,600] INFO (tcp_server): Payload type: 0x8002
[2026-08-15 14:23:39,600] INFO (message_handling): Common message to be decoded
[2026-08-15 14:23:39,601] DEBUG (tcp_server): Message successfully decoded (tcp_server.py:96)
[2026-08-15 14:23:39,601] DEBUG (tcp_server): XML message received: <?xml version="1.0" encoding="UTF-8"?><s1:SessionSetupReq xmlns:s1="urn:iso:std:iso:15118:-20:CommonMessages" xmlns:xsi="http://www.w3.org/2001/XMLSchema-instance" xmlns:xsd="http://www.w3.org/2001/XMLSchema" xmlns:s0="http://www.w3.org/2000/09/xmldsig#" xmlns:s2="urn:iso:std:iso:15118:-20:CommonTypes"><s2:Header><s2:SessionID>0000000000000000</s2:SessionID><s2:TimeStamp>1786803819</s2:TimeStamp></s2:Header><s1:EVCCID>EVCC01</s1:EVCCID></s1:SessionSetupReq> (tcp_server.py:97)
[2026-08-15 14:23:39,601] INFO (tcp_server): Received SessionSetupReq.
[2026-08-15 14:23:39,602] DEBUG (tcp_server): XML message to be sent: <?xml version="1.0" encoding="UTF-8"?>
<ns0:SessionSetupRes xmlns:ns0="urn:iso:std:iso:15118:-20:CommonMessages">
  <ns1:Header xmlns:ns1="urn:iso:std:iso:15118:-20:CommonTypes">
    <ns1:SessionID>3437323637383937</ns1:SessionID>
    <ns1:TimeStamp>1786803819</ns1:TimeStamp>
  </ns1:Header>
  <ns1:ResponseCode xmlns:ns1="urn:iso:std:iso:15118:-20:CommonTypes">OK_NewSessionEstablished</ns1:ResponseCode>
  <ns0:EVSEID>ZZ000000</ns0:EVSEID>
</ns0:SessionSetupRes>
 (tcp_server.py:124)
[2026-08-15 14:23:39,602] DEBUG (tcp_server): Encoding process start (tcp_server.py:125)
[2026-08-15 14:23:39,602] INFO (message_handling): Common message to be encoded
[2026-08-15 14:23:39,602] INFO (message_handling): Message is valid against Schema XSD
[2026-08-15 14:23:39,602] DEBUG (tcp_server): Encoded EXI message: 8090041A1B991B1B9C1C9B8EBEC8 1D4062040296968C0C0C0C0C0C00 (tcp_server.py:134)
[2026-08-15 14:23:39,615] INFO (tcp_server): Received request from ('fd00:edf::1', 54666, 0, 0).
[2026-08-15 14:23:39,615] INFO (message_handling): Message is valid.
[2026-08-15 14:23:39,615] DEBUG (tcp_server): Received EXI msg to be decoded: 8008041A1B991B1B9 C1C9B8EBEC81D4062 (tcp_server.py:84)
[2026-08-15 14:23:39,615] INFO (tcp_server): Payload type: 0x8002
[2026-08-15 14:23:39,615] INFO (message_handling): Common message to be decoded
[2026-08-15 14:23:39,616] DEBUG (tcp_server): Message successfully decoded (tcp_server.py:96)
[2026-08-15 14:23:39,616] DEBUG (tcp_server): XML message received: <?xml version="1.0" encoding="UTF-8"?><s1:AuthorizationSetupReq xmlns:s1="urn:iso:std:iso:15118:-20:CommonMessages" xmlns:xsi="http://www.w3.org/2001/XMLSchema-instance" xmlns:xsd="http://www.w3.org/2001/XMLSchema" xmlns:s0="http://www.w3.org/2000/09/xmldsig#" xmlns:s2="urn:iso:std:iso:15118:-20:CommonTypes"><s2:Header><s2:SessionID>3437323637383937</s2:SessionID><s2:TimeStamp>1786803819</s2:TimeStamp></s2:Header></s1:AuthorizationSetupReq> (tcp_server.py:97)
[2026-08-15 14:23:39,617] INFO (tcp_server): Received AuthorizationSetupReq.
[2026-08-15 14:23:39,618] DEBUG (tcp_server): XML message to be sent: <?xml version="1.0" encoding="UTF-8"?>
<ns0:AuthorizationSetupRes xmlns:ns0="urn:iso:std:iso:15118:-20:CommonMessages">
  <ns1:Header xmlns:ns1="urn:iso:std:iso:15118:-20:CommonTypes">
    <ns1:SessionID>3437323637383937</ns1:SessionID>
    <ns1:TimeStamp>1786803819</ns1:TimeStamp>
  </ns1:Header>
  <ns1:ResponseCode xmlns:ns1="urn:iso:std:iso:15118:-20:CommonTypes">OK</ns1:ResponseCode>
  <ns0:AuthorizationServices>EIM</ns0:AuthorizationServices>
  <ns0:CertificateInstallationService>false</ns0:CertificateInstallationService>
  <ns0:EIM_ASResAuthorizationMode/>
</ns0:AuthorizationSetupRes>
 (tcp_server.py:124)
[2026-08-15 14:23:39,618] DEBUG (tcp_server): Encoding process start (tcp_server.py:125)
[2026-08-15 14:23:39,618] INFO (message_handling): Common message to be encoded
[2026-08-15 14:23:39,618] INFO (message_handling): Message is valid against Schema XSD
[2026-08-15 14:23:39,619] DEBUG (tcp_server): Encoded EXI message: 800C041A1B991B1B9C1C 9B8EBEC81D4062000400 (tcp_server.py:134)
[2026-08-15 14:23:39,624] INFO (tcp_server): Received request from ('fd00:edf::1', 54666, 0, 0).
[2026-08-15 14:23:39,624] INFO (message_handling): Message is valid.
[2026-08-15 14:23:39,624] DEBUG (tcp_server): Received EXI msg to be decoded: 8000041A1B991B1B9C 1C9B8EBEC81D406200 (tcp_server.py:84)
[2026-08-15 14:23:39,624] INFO (tcp_server): Payload type: 0x8002
[2026-08-15 14:23:39,624] INFO (message_handling): Common message to be decoded
[2026-08-15 14:23:39,625] DEBUG (tcp_server): Message successfully decoded (tcp_server.py:96)
[2026-08-15 14:23:39,625] DEBUG (tcp_server): XML message received: <?xml version="1.0" encoding="UTF-8"?><s1:AuthorizationReq xmlns:s1="urn:iso:std:iso:15118:-20:CommonMessages" xmlns:xsi="http://www.w3.org/2001/XMLSchema-instance" xmlns:xsd="http://www.w3.org/2001/XMLSchema" xmlns:s0="http://www.w3.org/2000/09/xmldsig#" xmlns:s2="urn:iso:std:iso:15118:-20:CommonTypes"><s2:Header><s2:SessionID>3437323637383937</s2:SessionID><s2:TimeStamp>1786803819</s2:TimeStamp></s2:Header><s1:SelectedAuthorizationService>EIM</s1:SelectedAuthorizationService><s1:EIM_AReqAuthorizationMode/></s1:AuthorizationReq> (tcp_server.py:97)
[2026-08-15 14:23:39,625] INFO (tcp_server): Received AuthorizationReq.
[2026-08-15 14:23:39,626] DEBUG (tcp_server): XML message to be sent: <?xml version="1.0" encoding="UTF-8"?>
<ns0:AuthorizationRes xmlns:ns0="urn:iso:std:iso:15118:-20:CommonMessages">
  <ns1:Header xmlns:ns1="urn:iso:std:iso:15118:-20:CommonTypes">
    <ns1:SessionID>3437323637383937</ns1:SessionID>
    <ns1:TimeStamp>1786803819</ns1:TimeStamp>
  </ns1:Header>
  <ns1:ResponseCode xmlns:ns1="urn:iso:std:iso:15118:-20:CommonTypes">OK</ns1:ResponseCode>
  <ns0:EVSEProcessing>Finished</ns0:EVSEProcessing>
</ns0:AuthorizationRes>
 (tcp_server.py:124)
[2026-08-15 14:23:39,626] DEBUG (tcp_server): Encoding process start (tcp_server.py:125)
[2026-08-15 14:23:39,626] INFO (message_handling): Common message to be encoded
[2026-08-15 14:23:39,626] INFO (message_handling): Message is valid against Schema XSD
[2026-08-15 14:23:39,627] DEBUG (tcp_server): Encoded EXI message: 8004041A1B991B1B9C1 C9B8EBEC81D40620000 (tcp_server.py:134)
[2026-08-15 14:23:39,629] INFO (tcp_server): Received request from ('fd00:edf::1', 54666, 0, 0).
[2026-08-15 14:23:39,629] INFO (message_handling): Message is valid.
[2026-08-15 14:23:39,629] DEBUG (tcp_server): Received EXI msg to be decoded: 807C041A1B991B1B9C 1C9B8EBEC81D406280 (tcp_server.py:84)
[2026-08-15 14:23:39,629] INFO (tcp_server): Payload type: 0x8002
[2026-08-15 14:23:39,629] INFO (message_handling): Common message to be decoded
[2026-08-15 14:23:39,629] DEBUG (tcp_server): Message successfully decoded (tcp_server.py:96)
[2026-08-15 14:23:39,629] DEBUG (tcp_server): XML message received: <?xml version="1.0" encoding="UTF-8"?><s1:ServiceDiscoveryReq xmlns:s1="urn:iso:std:iso:15118:-20:CommonMessages" xmlns:xsi="http://www.w3.org/2001/XMLSchema-instance" xmlns:xsd="http://www.w3.org/2001/XMLSchema" xmlns:s0="http://www.w3.org/2000/09/xmldsig#" xmlns:s2="urn:iso:std:iso:15118:-20:CommonTypes"><s2:Header><s2:SessionID>3437323637383937</s2:SessionID><s2:TimeStamp>1786803819</s2:TimeStamp></s2:Header></s1:ServiceDiscoveryReq> (tcp_server.py:97)
[2026-08-15 14:23:39,630] INFO (tcp_server): Received ServiceDiscoveryReq.
Fatal error: protocol.data_received() call failed.
protocol: <secc.tcp_server.TCPServerProtocol object at 0x7d654c05f4c0>
transport: <_SelectorSocketTransport fd=22 read=polling write=<idle, bufsize=0>>
Traceback (most recent call last):
  File "/usr/local/lib/python3.8/asyncio/selector_events.py", line 862, in _read_ready__data_received
    self._protocol.data_received(data)
  File "/app/secc/../secc/tcp_server.py", line 60, in data_received
    self.process_incoming_message(packet)
  File "/app/secc/../secc/tcp_server.py", line 112, in process_incoming_message
    reaction = self.session.get_state(self.session.state).process_payload(xml_object)
  File "/app/secc/../secc/states/process_service_discovery_request.py", line 31, in process_payload
    if 6 in payload.supported_service_ids.service_id:
AttributeError: 'NoneType' object has no attribute 'service_id'
[2026-08-15 14:23:39,630] ERROR (tcp_server): 'NoneType' object has no attribute 'service_id'. (tcp_server.py:69)
[2026-08-15 14:23:45,262] WARNING (timer): Message timer requirement not fulfilled: over 60.00 seconds). (timer.py:99)
[2026-08-15 14:23:47,814] INFO (tcp_server): Connection made. Starting new communication session.
[2026-08-15 14:23:47,819] INFO (tcp_server): Sent notification.
[2026-08-15 14:23:47,831] INFO (tcp_server): Received request from ('fd00:edf::1', 54680, 0, 0).
[2026-08-15 14:23:47,832] INFO (message_handling): Message is valid.
[2026-08-15 14:23:47,832] DEBUG (tcp_server): Received EXI msg to be decoded: 8000F3AB9371D34B9B79D39BA321D34B9B79D 189A98989C1D1699181D22218010000040040 (tcp_server.py:84)
[2026-08-15 14:23:47,832] INFO (tcp_server): Payload type: 0x8001
[2026-08-15 14:23:47,832] INFO (message_handling): Supported App Protocol message to be decoded
[2026-08-15 14:23:47,833] DEBUG (tcp_server): Message successfully decoded (tcp_server.py:96)
[2026-08-15 14:23:47,833] DEBUG (tcp_server): XML message received: <?xml version="1.0" encoding="UTF-8"?><s0:supportedAppProtocolReq xmlns:s0="urn:iso:15118:2:2010:AppProtocol" xmlns:xsi="http://www.w3.org/2001/XMLSchema-instance" xmlns:xsd="http://www.w3.org/2001/XMLSchema"><AppProtocol><ProtocolNamespace>urn:iso:std:iso:15118:-20:DC</ProtocolNamespace><VersionNumberMajor>1</VersionNumberMajor><VersionNumberMinor>0</VersionNumberMinor><SchemaID>1</SchemaID><Priority>1</Priority></AppProtocol></s0:supportedAppProtocolReq> (tcp_server.py:97)
[2026-08-15 14:23:47,834] INFO (tcp_server): Received SupportedAppProtocolReq.
[2026-08-15 14:23:47,834] DEBUG (tcp_server): XML message to be sent: <?xml version="1.0" encoding="UTF-8"?>
<ns0:supportedAppProtocolRes xmlns:ns0="urn:iso:15118:2:2010:AppProtocol">
  <ResponseCode>OK_SuccessfulNegotiation</ResponseCode>
  <SchemaID>1</SchemaID>
</ns0:supportedAppProtocolRes>
 (tcp_server.py:124)
[2026-08-15 14:23:47,835] DEBUG (tcp_server): Encoding process start (tcp_server.py:125)
[2026-08-15 14:23:47,835] INFO (message_handling): Supported App Protocol message to be encoded
[2026-08-15 14:23:47,835] INFO (message_handling): Message is valid against Schema XSD
[2026-08-15 14:23:47,835] DEBUG (tcp_server): Encoded EXI message: 8040 0040 (tcp_server.py:134)
[2026-08-15 14:23:47,860] INFO (tcp_server): Received request from ('fd00:edf::1', 54680, 0, 0).
[2026-08-15 14:23:47,861] INFO (message_handling): Message is valid.
[2026-08-15 14:23:47,861] DEBUG (tcp_server): Received EXI msg to be decoded: 808C0400000000000000000F3 EC81D40620422AB21A1981880 (tcp_server.py:84)
[2026-08-15 14:23:47,861] INFO (tcp_server): Payload type: 0x8002
[2026-08-15 14:23:47,861] INFO (message_handling): Common message to be decoded
[2026-08-15 14:23:47,862] DEBUG (tcp_server): Message successfully decoded (tcp_server.py:96)
[2026-08-15 14:23:47,862] DEBUG (tcp_server): XML message received: <?xml version="1.0" encoding="UTF-8"?><s1:SessionSetupReq xmlns:s1="urn:iso:std:iso:15118:-20:CommonMessages" xmlns:xsi="http://www.w3.org/2001/XMLSchema-instance" xmlns:xsd="http://www.w3.org/2001/XMLSchema" xmlns:s0="http://www.w3.org/2000/09/xmldsig#" xmlns:s2="urn:iso:std:iso:15118:-20:CommonTypes"><s2:Header><s2:SessionID>0000000000000000</s2:SessionID><s2:TimeStamp>1786803827</s2:TimeStamp></s2:Header><s1:EVCCID>EVCC01</s1:EVCCID></s1:SessionSetupReq> (tcp_server.py:97)
[2026-08-15 14:23:47,863] INFO (tcp_server): Received SessionSetupReq.
[2026-08-15 14:23:47,864] DEBUG (tcp_server): XML message to be sent: <?xml version="1.0" encoding="UTF-8"?>
<ns0:SessionSetupRes xmlns:ns0="urn:iso:std:iso:15118:-20:CommonMessages">
  <ns1:Header xmlns:ns1="urn:iso:std:iso:15118:-20:CommonTypes">
    <ns1:SessionID>3335363437323739</ns1:SessionID>
    <ns1:TimeStamp>1786803827</ns1:TimeStamp>
  </ns1:Header>
  <ns1:ResponseCode xmlns:ns1="urn:iso:std:iso:15118:-20:CommonTypes">OK_NewSessionEstablished</ns1:ResponseCode>
  <ns0:EVSEID>ZZ000000</ns0:EVSEID>
</ns0:SessionSetupRes>
 (tcp_server.py:124)
[2026-08-15 14:23:47,864] DEBUG (tcp_server): Encoding process start (tcp_server.py:125)
[2026-08-15 14:23:47,864] INFO (message_handling): Common message to be encoded
[2026-08-15 14:23:47,864] INFO (message_handling): Message is valid against Schema XSD
[2026-08-15 14:23:47,865] DEBUG (tcp_server): Encoded EXI message: 809004199A9B1A1B991B9C8F3EC8 1D4062040296968C0C0C0C0C0C00 (tcp_server.py:134)
[2026-08-15 14:23:47,878] INFO (tcp_server): Received request from ('fd00:edf::1', 54680, 0, 0).
[2026-08-15 14:23:47,878] INFO (message_handling): Message is valid.
[2026-08-15 14:23:47,878] DEBUG (tcp_server): Received EXI msg to be decoded: 800804199A9B1A1B9 91B9C8F3EC81D4062 (tcp_server.py:84)
[2026-08-15 14:23:47,878] INFO (tcp_server): Payload type: 0x8002
[2026-08-15 14:23:47,878] INFO (message_handling): Common message to be decoded
[2026-08-15 14:23:47,879] DEBUG (tcp_server): Message successfully decoded (tcp_server.py:96)
[2026-08-15 14:23:47,879] DEBUG (tcp_server): XML message received: <?xml version="1.0" encoding="UTF-8"?><s1:AuthorizationSetupReq xmlns:s1="urn:iso:std:iso:15118:-20:CommonMessages" xmlns:xsi="http://www.w3.org/2001/XMLSchema-instance" xmlns:xsd="http://www.w3.org/2001/XMLSchema" xmlns:s0="http://www.w3.org/2000/09/xmldsig#" xmlns:s2="urn:iso:std:iso:15118:-20:CommonTypes"><s2:Header><s2:SessionID>3335363437323739</s2:SessionID><s2:TimeStamp>1786803827</s2:TimeStamp></s2:Header></s1:AuthorizationSetupReq> (tcp_server.py:97)
[2026-08-15 14:23:47,880] INFO (tcp_server): Received AuthorizationSetupReq.
[2026-08-15 14:23:47,880] DEBUG (tcp_server): XML message to be sent: <?xml version="1.0" encoding="UTF-8"?>
<ns0:AuthorizationSetupRes xmlns:ns0="urn:iso:std:iso:15118:-20:CommonMessages">
  <ns1:Header xmlns:ns1="urn:iso:std:iso:15118:-20:CommonTypes">
    <ns1:SessionID>3335363437323739</ns1:SessionID>
    <ns1:TimeStamp>1786803827</ns1:TimeStamp>
  </ns1:Header>
  <ns1:ResponseCode xmlns:ns1="urn:iso:std:iso:15118:-20:CommonTypes">OK</ns1:ResponseCode>
  <ns0:AuthorizationServices>EIM</ns0:AuthorizationServices>
  <ns0:CertificateInstallationService>false</ns0:CertificateInstallationService>
  <ns0:EIM_ASResAuthorizationMode/>
</ns0:AuthorizationSetupRes>
 (tcp_server.py:124)
[2026-08-15 14:23:47,880] DEBUG (tcp_server): Encoding process start (tcp_server.py:125)
[2026-08-15 14:23:47,880] INFO (message_handling): Common message to be encoded
[2026-08-15 14:23:47,881] INFO (message_handling): Message is valid against Schema XSD
[2026-08-15 14:23:47,882] DEBUG (tcp_server): Encoded EXI message: 800C04199A9B1A1B991B 9C8F3EC81D4062000400 (tcp_server.py:134)
[2026-08-15 14:23:47,888] INFO (tcp_server): Received request from ('fd00:edf::1', 54680, 0, 0).
[2026-08-15 14:23:47,888] INFO (message_handling): Message is valid.
[2026-08-15 14:23:47,888] DEBUG (tcp_server): Received EXI msg to be decoded: 800004199A9B1A1B99 1B9C8F3EC81D406200 (tcp_server.py:84)
[2026-08-15 14:23:47,888] INFO (tcp_server): Payload type: 0x8002
[2026-08-15 14:23:47,889] INFO (message_handling): Common message to be decoded
[2026-08-15 14:23:47,889] DEBUG (tcp_server): Message successfully decoded (tcp_server.py:96)
[2026-08-15 14:23:47,889] DEBUG (tcp_server): XML message received: <?xml version="1.0" encoding="UTF-8"?><s1:AuthorizationReq xmlns:s1="urn:iso:std:iso:15118:-20:CommonMessages" xmlns:xsi="http://www.w3.org/2001/XMLSchema-instance" xmlns:xsd="http://www.w3.org/2001/XMLSchema" xmlns:s0="http://www.w3.org/2000/09/xmldsig#" xmlns:s2="urn:iso:std:iso:15118:-20:CommonTypes"><s2:Header><s2:SessionID>3335363437323739</s2:SessionID><s2:TimeStamp>1786803827</s2:TimeStamp></s2:Header><s1:SelectedAuthorizationService>EIM</s1:SelectedAuthorizationService><s1:EIM_AReqAuthorizationMode/></s1:AuthorizationReq> (tcp_server.py:97)
[2026-08-15 14:23:47,890] INFO (tcp_server): Received AuthorizationReq.
[2026-08-15 14:23:47,891] DEBUG (tcp_server): XML message to be sent: <?xml version="1.0" encoding="UTF-8"?>
<ns0:AuthorizationRes xmlns:ns0="urn:iso:std:iso:15118:-20:CommonMessages">
  <ns1:Header xmlns:ns1="urn:iso:std:iso:15118:-20:CommonTypes">
    <ns1:SessionID>3335363437323739</ns1:SessionID>
    <ns1:TimeStamp>1786803827</ns1:TimeStamp>
  </ns1:Header>
  <ns1:ResponseCode xmlns:ns1="urn:iso:std:iso:15118:-20:CommonTypes">OK</ns1:ResponseCode>
  <ns0:EVSEProcessing>Finished</ns0:EVSEProcessing>
</ns0:AuthorizationRes>
 (tcp_server.py:124)
[2026-08-15 14:23:47,891] DEBUG (tcp_server): Encoding process start (tcp_server.py:125)
[2026-08-15 14:23:47,891] INFO (message_handling): Common message to be encoded
[2026-08-15 14:23:47,891] INFO (message_handling): Message is valid against Schema XSD
[2026-08-15 14:23:47,892] DEBUG (tcp_server): Encoded EXI message: 800404199A9B1A1B991 B9C8F3EC81D40620000 (tcp_server.py:134)
[2026-08-15 14:23:47,894] INFO (tcp_server): Received request from ('fd00:edf::1', 54680, 0, 0).
[2026-08-15 14:23:47,895] INFO (message_handling): Message is valid.
[2026-08-15 14:23:47,895] DEBUG (tcp_server): Received EXI msg to be decoded: 807C04199A9B1A1B99 1B9C8F3EC81D406280 (tcp_server.py:84)
[2026-08-15 14:23:47,895] INFO (tcp_server): Payload type: 0x8002
[2026-08-15 14:23:47,895] INFO (message_handling): Common message to be decoded
[2026-08-15 14:23:47,896] DEBUG (tcp_server): Message successfully decoded (tcp_server.py:96)
[2026-08-15 14:23:47,896] DEBUG (tcp_server): XML message received: <?xml version="1.0" encoding="UTF-8"?><s1:ServiceDiscoveryReq xmlns:s1="urn:iso:std:iso:15118:-20:CommonMessages" xmlns:xsi="http://www.w3.org/2001/XMLSchema-instance" xmlns:xsd="http://www.w3.org/2001/XMLSchema" xmlns:s0="http://www.w3.org/2000/09/xmldsig#" xmlns:s2="urn:iso:std:iso:15118:-20:CommonTypes"><s2:Header><s2:SessionID>3335363437323739</s2:SessionID><s2:TimeStamp>1786803827</s2:TimeStamp></s2:Header></s1:ServiceDiscoveryReq> (tcp_server.py:97)
[2026-08-15 14:23:47,897] INFO (tcp_server): Received ServiceDiscoveryReq.
Fatal error: protocol.data_received() call failed.
protocol: <secc.tcp_server.TCPServerProtocol object at 0x7d654c05f4c0>
transport: <_SelectorSocketTransport fd=22 read=polling write=<idle, bufsize=0>>
Traceback (most recent call last):
  File "/usr/local/lib/python3.8/asyncio/selector_events.py", line 862, in _read_ready__data_received
    self._protocol.data_received(data)
  File "/app/secc/../secc/tcp_server.py", line 60, in data_received
    self.process_incoming_message(packet)
  File "/app/secc/../secc/tcp_server.py", line 112, in process_incoming_message
    reaction = self.session.get_state(self.session.state).process_payload(xml_object)
  File "/app/secc/../secc/states/process_service_discovery_request.py", line 31, in process_payload
    if 6 in payload.supported_service_ids.service_id:
AttributeError: 'NoneType' object has no attribute 'service_id'
[2026-08-15 14:23:47,897] ERROR (tcp_server): 'NoneType' object has no attribute 'service_id'. (tcp_server.py:69)
[2026-08-15 14:23:53,323] WARNING (timer): Message timer requirement not fulfilled: over 60.00 seconds). (timer.py:99)
[2026-08-15 14:23:56,190] INFO (tcp_server): Connection made. Starting new communication session.
[2026-08-15 14:23:56,192] INFO (tcp_server): Sent notification.
[2026-08-15 14:23:56,197] INFO (tcp_server): Received request from ('fd00:edf::1', 46310, 0, 0).
[2026-08-15 14:23:56,198] INFO (message_handling): Message is valid.
[2026-08-15 14:23:56,198] DEBUG (tcp_server): Received EXI msg to be decoded: 8000F3AB9371D34B9B79D39BA321D34B9B79D 189A98989C1D1699181D22218010000040040 (tcp_server.py:84)
[2026-08-15 14:23:56,198] INFO (tcp_server): Payload type: 0x8001
[2026-08-15 14:23:56,198] INFO (message_handling): Supported App Protocol message to be decoded
[2026-08-15 14:23:56,199] DEBUG (tcp_server): Message successfully decoded (tcp_server.py:96)
[2026-08-15 14:23:56,199] DEBUG (tcp_server): XML message received: <?xml version="1.0" encoding="UTF-8"?><s0:supportedAppProtocolReq xmlns:s0="urn:iso:15118:2:2010:AppProtocol" xmlns:xsi="http://www.w3.org/2001/XMLSchema-instance" xmlns:xsd="http://www.w3.org/2001/XMLSchema"><AppProtocol><ProtocolNamespace>urn:iso:std:iso:15118:-20:DC</ProtocolNamespace><VersionNumberMajor>1</VersionNumberMajor><VersionNumberMinor>0</VersionNumberMinor><SchemaID>1</SchemaID><Priority>1</Priority></AppProtocol></s0:supportedAppProtocolReq> (tcp_server.py:97)
[2026-08-15 14:23:56,199] INFO (tcp_server): Received SupportedAppProtocolReq.
[2026-08-15 14:23:56,200] DEBUG (tcp_server): XML message to be sent: <?xml version="1.0" encoding="UTF-8"?>
<ns0:supportedAppProtocolRes xmlns:ns0="urn:iso:15118:2:2010:AppProtocol">
  <ResponseCode>OK_SuccessfulNegotiation</ResponseCode>
  <SchemaID>1</SchemaID>
</ns0:supportedAppProtocolRes>
 (tcp_server.py:124)
[2026-08-15 14:23:56,200] DEBUG (tcp_server): Encoding process start (tcp_server.py:125)
[2026-08-15 14:23:56,200] INFO (message_handling): Supported App Protocol message to be encoded
[2026-08-15 14:23:56,200] INFO (message_handling): Message is valid against Schema XSD
[2026-08-15 14:23:56,200] DEBUG (tcp_server): Encoded EXI message: 8040 0040 (tcp_server.py:134)
[2026-08-15 14:23:56,216] INFO (tcp_server): Received request from ('fd00:edf::1', 46310, 0, 0).
[2026-08-15 14:23:56,216] INFO (message_handling): Message is valid.
[2026-08-15 14:23:56,216] DEBUG (tcp_server): Received EXI msg to be decoded: 808C0400000000000000000FC EC81D40620422AB21A1981880 (tcp_server.py:84)
[2026-08-15 14:23:56,216] INFO (tcp_server): Payload type: 0x8002
[2026-08-15 14:23:56,216] INFO (message_handling): Common message to be decoded
[2026-08-15 14:23:56,217] DEBUG (tcp_server): Message successfully decoded (tcp_server.py:96)
[2026-08-15 14:23:56,217] DEBUG (tcp_server): XML message received: <?xml version="1.0" encoding="UTF-8"?><s1:SessionSetupReq xmlns:s1="urn:iso:std:iso:15118:-20:CommonMessages" xmlns:xsi="http://www.w3.org/2001/XMLSchema-instance" xmlns:xsd="http://www.w3.org/2001/XMLSchema" xmlns:s0="http://www.w3.org/2000/09/xmldsig#" xmlns:s2="urn:iso:std:iso:15118:-20:CommonTypes"><s2:Header><s2:SessionID>0000000000000000</s2:SessionID><s2:TimeStamp>1786803836</s2:TimeStamp></s2:Header><s1:EVCCID>EVCC01</s1:EVCCID></s1:SessionSetupReq> (tcp_server.py:97)
[2026-08-15 14:23:56,217] INFO (tcp_server): Received SessionSetupReq.
[2026-08-15 14:23:56,218] DEBUG (tcp_server): XML message to be sent: <?xml version="1.0" encoding="UTF-8"?>
<ns0:SessionSetupRes xmlns:ns0="urn:iso:std:iso:15118:-20:CommonMessages">
  <ns1:Header xmlns:ns1="urn:iso:std:iso:15118:-20:CommonTypes">
    <ns1:SessionID>3230383139363936</ns1:SessionID>
    <ns1:TimeStamp>1786803836</ns1:TimeStamp>
  </ns1:Header>
  <ns1:ResponseCode xmlns:ns1="urn:iso:std:iso:15118:-20:CommonTypes">OK_NewSessionEstablished</ns1:ResponseCode>
  <ns0:EVSEID>ZZ000000</ns0:EVSEID>
</ns0:SessionSetupRes>
 (tcp_server.py:124)
[2026-08-15 14:23:56,218] DEBUG (tcp_server): Encoding process start (tcp_server.py:125)
[2026-08-15 14:23:56,218] INFO (message_handling): Common message to be encoded
[2026-08-15 14:23:56,218] INFO (message_handling): Message is valid against Schema XSD
[2026-08-15 14:23:56,218] DEBUG (tcp_server): Encoded EXI message: 80900419181C189C9B1C9B0FCEC8 1D4062040296968C0C0C0C0C0C00 (tcp_server.py:134)
[2026-08-15 14:23:56,230] INFO (tcp_server): Received request from ('fd00:edf::1', 46310, 0, 0).
[2026-08-15 14:23:56,231] INFO (message_handling): Message is valid.
[2026-08-15 14:23:56,231] DEBUG (tcp_server): Received EXI msg to be decoded: 80080419181C189C9 B1C9B0FCEC81D4062 (tcp_server.py:84)
[2026-08-15 14:23:56,231] INFO (tcp_server): Payload type: 0x8002
[2026-08-15 14:23:56,231] INFO (message_handling): Common message to be decoded
[2026-08-15 14:23:56,232] DEBUG (tcp_server): Message successfully decoded (tcp_server.py:96)
[2026-08-15 14:23:56,232] DEBUG (tcp_server): XML message received: <?xml version="1.0" encoding="UTF-8"?><s1:AuthorizationSetupReq xmlns:s1="urn:iso:std:iso:15118:-20:CommonMessages" xmlns:xsi="http://www.w3.org/2001/XMLSchema-instance" xmlns:xsd="http://www.w3.org/2001/XMLSchema" xmlns:s0="http://www.w3.org/2000/09/xmldsig#" xmlns:s2="urn:iso:std:iso:15118:-20:CommonTypes"><s2:Header><s2:SessionID>3230383139363936</s2:SessionID><s2:TimeStamp>1786803836</s2:TimeStamp></s2:Header></s1:AuthorizationSetupReq> (tcp_server.py:97)
[2026-08-15 14:23:56,233] INFO (tcp_server): Received AuthorizationSetupReq.
[2026-08-15 14:23:56,233] DEBUG (tcp_server): XML message to be sent: <?xml version="1.0" encoding="UTF-8"?>
<ns0:AuthorizationSetupRes xmlns:ns0="urn:iso:std:iso:15118:-20:CommonMessages">
  <ns1:Header xmlns:ns1="urn:iso:std:iso:15118:-20:CommonTypes">
    <ns1:SessionID>3230383139363936</ns1:SessionID>
    <ns1:TimeStamp>1786803836</ns1:TimeStamp>
  </ns1:Header>
  <ns1:ResponseCode xmlns:ns1="urn:iso:std:iso:15118:-20:CommonTypes">OK</ns1:ResponseCode>
  <ns0:AuthorizationServices>EIM</ns0:AuthorizationServices>
  <ns0:CertificateInstallationService>false</ns0:CertificateInstallationService>
  <ns0:EIM_ASResAuthorizationMode/>
</ns0:AuthorizationSetupRes>
 (tcp_server.py:124)
[2026-08-15 14:23:56,233] DEBUG (tcp_server): Encoding process start (tcp_server.py:125)
[2026-08-15 14:23:56,233] INFO (message_handling): Common message to be encoded
[2026-08-15 14:23:56,233] INFO (message_handling): Message is valid against Schema XSD
[2026-08-15 14:23:56,234] DEBUG (tcp_server): Encoded EXI message: 800C0419181C189C9B1C 9B0FCEC81D4062000400 (tcp_server.py:134)
[2026-08-15 14:23:56,238] INFO (tcp_server): Received request from ('fd00:edf::1', 46310, 0, 0).
[2026-08-15 14:23:56,238] INFO (message_handling): Message is valid.
[2026-08-15 14:23:56,238] DEBUG (tcp_server): Received EXI msg to be decoded: 80000419181C189C9B 1C9B0FCEC81D406200 (tcp_server.py:84)
[2026-08-15 14:23:56,238] INFO (tcp_server): Payload type: 0x8002
[2026-08-15 14:23:56,238] INFO (message_handling): Common message to be decoded
[2026-08-15 14:23:56,239] DEBUG (tcp_server): Message successfully decoded (tcp_server.py:96)
[2026-08-15 14:23:56,239] DEBUG (tcp_server): XML message received: <?xml version="1.0" encoding="UTF-8"?><s1:AuthorizationReq xmlns:s1="urn:iso:std:iso:15118:-20:CommonMessages" xmlns:xsi="http://www.w3.org/2001/XMLSchema-instance" xmlns:xsd="http://www.w3.org/2001/XMLSchema" xmlns:s0="http://www.w3.org/2000/09/xmldsig#" xmlns:s2="urn:iso:std:iso:15118:-20:CommonTypes"><s2:Header><s2:SessionID>3230383139363936</s2:SessionID><s2:TimeStamp>1786803836</s2:TimeStamp></s2:Header><s1:SelectedAuthorizationService>EIM</s1:SelectedAuthorizationService><s1:EIM_AReqAuthorizationMode/></s1:AuthorizationReq> (tcp_server.py:97)
[2026-08-15 14:23:56,239] INFO (tcp_server): Received AuthorizationReq.
[2026-08-15 14:23:56,240] DEBUG (tcp_server): XML message to be sent: <?xml version="1.0" encoding="UTF-8"?>
<ns0:AuthorizationRes xmlns:ns0="urn:iso:std:iso:15118:-20:CommonMessages">
  <ns1:Header xmlns:ns1="urn:iso:std:iso:15118:-20:CommonTypes">
    <ns1:SessionID>3230383139363936</ns1:SessionID>
    <ns1:TimeStamp>1786803836</ns1:TimeStamp>
  </ns1:Header>
  <ns1:ResponseCode xmlns:ns1="urn:iso:std:iso:15118:-20:CommonTypes">OK</ns1:ResponseCode>
  <ns0:EVSEProcessing>Finished</ns0:EVSEProcessing>
</ns0:AuthorizationRes>
 (tcp_server.py:124)
[2026-08-15 14:23:56,240] DEBUG (tcp_server): Encoding process start (tcp_server.py:125)
[2026-08-15 14:23:56,240] INFO (message_handling): Common message to be encoded
[2026-08-15 14:23:56,240] INFO (message_handling): Message is valid against Schema XSD
[2026-08-15 14:23:56,241] DEBUG (tcp_server): Encoded EXI message: 80040419181C189C9B1 C9B0FCEC81D40620000 (tcp_server.py:134)
[2026-08-15 14:23:56,242] INFO (tcp_server): Received request from ('fd00:edf::1', 46310, 0, 0).
[2026-08-15 14:23:56,243] INFO (message_handling): Message is valid.
[2026-08-15 14:23:56,243] DEBUG (tcp_server): Received EXI msg to be decoded: 807C0419181C189C9B 1C9B0FCEC81D406280 (tcp_server.py:84)
[2026-08-15 14:23:56,243] INFO (tcp_server): Payload type: 0x8002
[2026-08-15 14:23:56,243] INFO (message_handling): Common message to be decoded
[2026-08-15 14:23:56,243] DEBUG (tcp_server): Message successfully decoded (tcp_server.py:96)
[2026-08-15 14:23:56,243] DEBUG (tcp_server): XML message received: <?xml version="1.0" encoding="UTF-8"?><s1:ServiceDiscoveryReq xmlns:s1="urn:iso:std:iso:15118:-20:CommonMessages" xmlns:xsi="http://www.w3.org/2001/XMLSchema-instance" xmlns:xsd="http://www.w3.org/2001/XMLSchema" xmlns:s0="http://www.w3.org/2000/09/xmldsig#" xmlns:s2="urn:iso:std:iso:15118:-20:CommonTypes"><s2:Header><s2:SessionID>3230383139363936</s2:SessionID><s2:TimeStamp>1786803836</s2:TimeStamp></s2:Header></s1:ServiceDiscoveryReq> (tcp_server.py:97)
[2026-08-15 14:23:56,244] INFO (tcp_server): Received ServiceDiscoveryReq.
Fatal error: protocol.data_received() call failed.
protocol: <secc.tcp_server.TCPServerProtocol object at 0x7d653cae8070>
transport: <_SelectorSocketTransport fd=22 read=polling write=<idle, bufsize=0>>
Traceback (most recent call last):
  File "/usr/local/lib/python3.8/asyncio/selector_events.py", line 862, in _read_ready__data_received
    self._protocol.data_received(data)
  File "/app/secc/../secc/tcp_server.py", line 60, in data_received
    self.process_incoming_message(packet)
  File "/app/secc/../secc/tcp_server.py", line 112, in process_incoming_message
    reaction = self.session.get_state(self.session.state).process_payload(xml_object)
  File "/app/secc/../secc/states/process_service_discovery_request.py", line 31, in process_payload
    if 6 in payload.supported_service_ids.service_id:
AttributeError: 'NoneType' object has no attribute 'service_id'
[2026-08-15 14:23:56,244] ERROR (tcp_server): 'NoneType' object has no attribute 'service_id'. (tcp_server.py:69)
[2026-08-15 14:24:01,044] WARNING (timer): Message timer requirement not fulfilled: over 60.00 seconds). (timer.py:99)
[2026-08-15 14:24:04,912] INFO (tcp_server): Connection made. Starting new communication session.
[2026-08-15 14:24:04,921] INFO (tcp_server): Sent notification.
[2026-08-15 14:24:04,925] INFO (tcp_server): Received request from ('fd00:edf::1', 60250, 0, 0).
[2026-08-15 14:24:04,925] INFO (message_handling): Message is valid.
[2026-08-15 14:24:04,925] DEBUG (tcp_server): Received EXI msg to be decoded: 8000F3AB9371D34B9B79D39BA321D34B9B79D 189A98989C1D1699181D22218010000040040 (tcp_server.py:84)
[2026-08-15 14:24:04,925] INFO (tcp_server): Payload type: 0x8001
[2026-08-15 14:24:04,926] INFO (message_handling): Supported App Protocol message to be decoded
[2026-08-15 14:24:04,926] DEBUG (tcp_server): Message successfully decoded (tcp_server.py:96)
[2026-08-15 14:24:04,926] DEBUG (tcp_server): XML message received: <?xml version="1.0" encoding="UTF-8"?><s0:supportedAppProtocolReq xmlns:s0="urn:iso:15118:2:2010:AppProtocol" xmlns:xsi="http://www.w3.org/2001/XMLSchema-instance" xmlns:xsd="http://www.w3.org/2001/XMLSchema"><AppProtocol><ProtocolNamespace>urn:iso:std:iso:15118:-20:DC</ProtocolNamespace><VersionNumberMajor>1</VersionNumberMajor><VersionNumberMinor>0</VersionNumberMinor><SchemaID>1</SchemaID><Priority>1</Priority></AppProtocol></s0:supportedAppProtocolReq> (tcp_server.py:97)
[2026-08-15 14:24:04,927] INFO (tcp_server): Received SupportedAppProtocolReq.
[2026-08-15 14:24:04,927] DEBUG (tcp_server): XML message to be sent: <?xml version="1.0" encoding="UTF-8"?>
<ns0:supportedAppProtocolRes xmlns:ns0="urn:iso:15118:2:2010:AppProtocol">
  <ResponseCode>OK_SuccessfulNegotiation</ResponseCode>
  <SchemaID>1</SchemaID>
</ns0:supportedAppProtocolRes>
 (tcp_server.py:124)
[2026-08-15 14:24:04,927] DEBUG (tcp_server): Encoding process start (tcp_server.py:125)
[2026-08-15 14:24:04,927] INFO (message_handling): Supported App Protocol message to be encoded
[2026-08-15 14:24:04,927] INFO (message_handling): Message is valid against Schema XSD
[2026-08-15 14:24:04,932] DEBUG (tcp_server): Encoded EXI message: 8040 0040 (tcp_server.py:134)
[2026-08-15 14:24:04,950] INFO (tcp_server): Received request from ('fd00:edf::1', 60250, 0, 0).
[2026-08-15 14:24:04,950] INFO (message_handling): Message is valid.
[2026-08-15 14:24:04,950] DEBUG (tcp_server): Received EXI msg to be decoded: 808C040000000000000000084 ED81D40620422AB21A1981880 (tcp_server.py:84)
[2026-08-15 14:24:04,951] INFO (tcp_server): Payload type: 0x8002
[2026-08-15 14:24:04,951] INFO (message_handling): Common message to be decoded
[2026-08-15 14:24:04,952] DEBUG (tcp_server): Message successfully decoded (tcp_server.py:96)
[2026-08-15 14:24:04,952] DEBUG (tcp_server): XML message received: <?xml version="1.0" encoding="UTF-8"?><s1:SessionSetupReq xmlns:s1="urn:iso:std:iso:15118:-20:CommonMessages" xmlns:xsi="http://www.w3.org/2001/XMLSchema-instance" xmlns:xsd="http://www.w3.org/2001/XMLSchema" xmlns:s0="http://www.w3.org/2000/09/xmldsig#" xmlns:s2="urn:iso:std:iso:15118:-20:CommonTypes"><s2:Header><s2:SessionID>0000000000000000</s2:SessionID><s2:TimeStamp>1786803844</s2:TimeStamp></s2:Header><s1:EVCCID>EVCC01</s1:EVCCID></s1:SessionSetupReq> (tcp_server.py:97)
[2026-08-15 14:24:04,952] INFO (tcp_server): Received SessionSetupReq.
[2026-08-15 14:24:04,953] DEBUG (tcp_server): XML message to be sent: <?xml version="1.0" encoding="UTF-8"?>
<ns0:SessionSetupRes xmlns:ns0="urn:iso:std:iso:15118:-20:CommonMessages">
  <ns1:Header xmlns:ns1="urn:iso:std:iso:15118:-20:CommonTypes">
    <ns1:SessionID>3330383132343332</ns1:SessionID>
    <ns1:TimeStamp>1786803844</ns1:TimeStamp>
  </ns1:Header>
  <ns1:ResponseCode xmlns:ns1="urn:iso:std:iso:15118:-20:CommonTypes">OK_NewSessionEstablished</ns1:ResponseCode>
  <ns0:EVSEID>ZZ000000</ns0:EVSEID>
</ns0:SessionSetupRes>
 (tcp_server.py:124)
[2026-08-15 14:24:04,953] DEBUG (tcp_server): Encoding process start (tcp_server.py:125)
[2026-08-15 14:24:04,953] INFO (message_handling): Common message to be encoded
[2026-08-15 14:24:04,954] INFO (message_handling): Message is valid against Schema XSD
[2026-08-15 14:24:04,954] DEBUG (tcp_server): Encoded EXI message: 80900419981C18991A1999084ED8 1D4062040296968C0C0C0C0C0C00 (tcp_server.py:134)
[2026-08-15 14:24:04,967] INFO (tcp_server): Received request from ('fd00:edf::1', 60250, 0, 0).
[2026-08-15 14:24:04,968] INFO (message_handling): Message is valid.
[2026-08-15 14:24:04,968] DEBUG (tcp_server): Received EXI msg to be decoded: 80080419981C18991 A1999084ED81D4062 (tcp_server.py:84)
[2026-08-15 14:24:04,968] INFO (tcp_server): Payload type: 0x8002
[2026-08-15 14:24:04,968] INFO (message_handling): Common message to be decoded
[2026-08-15 14:24:04,969] DEBUG (tcp_server): Message successfully decoded (tcp_server.py:96)
[2026-08-15 14:24:04,969] DEBUG (tcp_server): XML message received: <?xml version="1.0" encoding="UTF-8"?><s1:AuthorizationSetupReq xmlns:s1="urn:iso:std:iso:15118:-20:CommonMessages" xmlns:xsi="http://www.w3.org/2001/XMLSchema-instance" xmlns:xsd="http://www.w3.org/2001/XMLSchema" xmlns:s0="http://www.w3.org/2000/09/xmldsig#" xmlns:s2="urn:iso:std:iso:15118:-20:CommonTypes"><s2:Header><s2:SessionID>3330383132343332</s2:SessionID><s2:TimeStamp>1786803844</s2:TimeStamp></s2:Header></s1:AuthorizationSetupReq> (tcp_server.py:97)
[2026-08-15 14:24:04,969] INFO (tcp_server): Received AuthorizationSetupReq.
[2026-08-15 14:24:04,970] DEBUG (tcp_server): XML message to be sent: <?xml version="1.0" encoding="UTF-8"?>
<ns0:AuthorizationSetupRes xmlns:ns0="urn:iso:std:iso:15118:-20:CommonMessages">
  <ns1:Header xmlns:ns1="urn:iso:std:iso:15118:-20:CommonTypes">
    <ns1:SessionID>3330383132343332</ns1:SessionID>
    <ns1:TimeStamp>1786803844</ns1:TimeStamp>
  </ns1:Header>
  <ns1:ResponseCode xmlns:ns1="urn:iso:std:iso:15118:-20:CommonTypes">OK</ns1:ResponseCode>
  <ns0:AuthorizationServices>EIM</ns0:AuthorizationServices>
  <ns0:CertificateInstallationService>false</ns0:CertificateInstallationService>
  <ns0:EIM_ASResAuthorizationMode/>
</ns0:AuthorizationSetupRes>
 (tcp_server.py:124)
[2026-08-15 14:24:04,970] DEBUG (tcp_server): Encoding process start (tcp_server.py:125)
[2026-08-15 14:24:04,970] INFO (message_handling): Common message to be encoded
[2026-08-15 14:24:04,970] INFO (message_handling): Message is valid against Schema XSD
[2026-08-15 14:24:04,970] DEBUG (tcp_server): Encoded EXI message: 800C0419981C18991A19 99084ED81D4062000400 (tcp_server.py:134)
[2026-08-15 14:24:04,978] INFO (tcp_server): Received request from ('fd00:edf::1', 60250, 0, 0).
[2026-08-15 14:24:04,978] INFO (message_handling): Message is valid.
[2026-08-15 14:24:04,978] DEBUG (tcp_server): Received EXI msg to be decoded: 80000419981C18991A 1999084ED81D406200 (tcp_server.py:84)
[2026-08-15 14:24:04,978] INFO (tcp_server): Payload type: 0x8002
[2026-08-15 14:24:04,978] INFO (message_handling): Common message to be decoded
[2026-08-15 14:24:04,981] DEBUG (tcp_server): Message successfully decoded (tcp_server.py:96)
[2026-08-15 14:24:04,981] DEBUG (tcp_server): XML message received: <?xml version="1.0" encoding="UTF-8"?><s1:AuthorizationReq xmlns:s1="urn:iso:std:iso:15118:-20:CommonMessages" xmlns:xsi="http://www.w3.org/2001/XMLSchema-instance" xmlns:xsd="http://www.w3.org/2001/XMLSchema" xmlns:s0="http://www.w3.org/2000/09/xmldsig#" xmlns:s2="urn:iso:std:iso:15118:-20:CommonTypes"><s2:Header><s2:SessionID>3330383132343332</s2:SessionID><s2:TimeStamp>1786803844</s2:TimeStamp></s2:Header><s1:SelectedAuthorizationService>EIM</s1:SelectedAuthorizationService><s1:EIM_AReqAuthorizationMode/></s1:AuthorizationReq> (tcp_server.py:97)
[2026-08-15 14:24:04,982] INFO (tcp_server): Received AuthorizationReq.
[2026-08-15 14:24:04,982] DEBUG (tcp_server): XML message to be sent: <?xml version="1.0" encoding="UTF-8"?>
<ns0:AuthorizationRes xmlns:ns0="urn:iso:std:iso:15118:-20:CommonMessages">
  <ns1:Header xmlns:ns1="urn:iso:std:iso:15118:-20:CommonTypes">
    <ns1:SessionID>3330383132343332</ns1:SessionID>
    <ns1:TimeStamp>1786803844</ns1:TimeStamp>
  </ns1:Header>
  <ns1:ResponseCode xmlns:ns1="urn:iso:std:iso:15118:-20:CommonTypes">OK</ns1:ResponseCode>
  <ns0:EVSEProcessing>Finished</ns0:EVSEProcessing>
</ns0:AuthorizationRes>
 (tcp_server.py:124)
[2026-08-15 14:24:04,983] DEBUG (tcp_server): Encoding process start (tcp_server.py:125)
[2026-08-15 14:24:04,983] INFO (message_handling): Common message to be encoded
[2026-08-15 14:24:04,983] INFO (message_handling): Message is valid against Schema XSD
[2026-08-15 14:24:04,983] DEBUG (tcp_server): Encoded EXI message: 80040419981C18991A1 999084ED81D40620000 (tcp_server.py:134)
[2026-08-15 14:24:04,986] INFO (tcp_server): Received request from ('fd00:edf::1', 60250, 0, 0).
[2026-08-15 14:24:04,986] INFO (message_handling): Message is valid.
[2026-08-15 14:24:04,986] DEBUG (tcp_server): Received EXI msg to be decoded: 807C0419981C18991A 1999084ED81D406280 (tcp_server.py:84)
[2026-08-15 14:24:04,986] INFO (tcp_server): Payload type: 0x8002
[2026-08-15 14:24:04,986] INFO (message_handling): Common message to be decoded
[2026-08-15 14:24:04,987] DEBUG (tcp_server): Message successfully decoded (tcp_server.py:96)
[2026-08-15 14:24:04,987] DEBUG (tcp_server): XML message received: <?xml version="1.0" encoding="UTF-8"?><s1:ServiceDiscoveryReq xmlns:s1="urn:iso:std:iso:15118:-20:CommonMessages" xmlns:xsi="http://www.w3.org/2001/XMLSchema-instance" xmlns:xsd="http://www.w3.org/2001/XMLSchema" xmlns:s0="http://www.w3.org/2000/09/xmldsig#" xmlns:s2="urn:iso:std:iso:15118:-20:CommonTypes"><s2:Header><s2:SessionID>3330383132343332</s2:SessionID><s2:TimeStamp>1786803844</s2:TimeStamp></s2:Header></s1:ServiceDiscoveryReq> (tcp_server.py:97)
[2026-08-15 14:24:04,988] INFO (tcp_server): Received ServiceDiscoveryReq.
Fatal error: protocol.data_received() call failed.
protocol: <secc.tcp_server.TCPServerProtocol object at 0x7d653cae8d00>
transport: <_SelectorSocketTransport fd=22 read=polling write=<idle, bufsize=0>>
Traceback (most recent call last):
  File "/usr/local/lib/python3.8/asyncio/selector_events.py", line 862, in _read_ready__data_received
    self._protocol.data_received(data)
  File "/app/secc/../secc/tcp_server.py", line 60, in data_received
    self.process_incoming_message(packet)
  File "/app/secc/../secc/tcp_server.py", line 112, in process_incoming_message
    reaction = self.session.get_state(self.session.state).process_payload(xml_object)
  File "/app/secc/../secc/states/process_service_discovery_request.py", line 31, in process_payload
    if 6 in payload.supported_service_ids.service_id:
AttributeError: 'NoneType' object has no attribute 'service_id'
[2026-08-15 14:24:04,988] ERROR (tcp_server): 'NoneType' object has no attribute 'service_id'. (tcp_server.py:69)
[2026-08-15 14:24:08,420] WARNING (timer): Message timer requirement not fulfilled: over 60.00 seconds). (timer.py:99)
[2026-08-15 14:24:13,496] INFO (tcp_server): Connection made. Starting new communication session.
[2026-08-15 14:24:13,498] INFO (tcp_server): Sent notification.
[2026-08-15 14:24:13,510] INFO (tcp_server): Received request from ('fd00:edf::1', 58810, 0, 0).
[2026-08-15 14:24:13,510] INFO (message_handling): Message is valid.
[2026-08-15 14:24:13,510] DEBUG (tcp_server): Received EXI msg to be decoded: 8000F3AB9371D34B9B79D39BA321D34B9B79D 189A98989C1D1699181D22218010000040040 (tcp_server.py:84)
[2026-08-15 14:24:13,510] INFO (tcp_server): Payload type: 0x8001
[2026-08-15 14:24:13,510] INFO (message_handling): Supported App Protocol message to be decoded
[2026-08-15 14:24:13,511] DEBUG (tcp_server): Message successfully decoded (tcp_server.py:96)
[2026-08-15 14:24:13,511] DEBUG (tcp_server): XML message received: <?xml version="1.0" encoding="UTF-8"?><s0:supportedAppProtocolReq xmlns:s0="urn:iso:15118:2:2010:AppProtocol" xmlns:xsi="http://www.w3.org/2001/XMLSchema-instance" xmlns:xsd="http://www.w3.org/2001/XMLSchema"><AppProtocol><ProtocolNamespace>urn:iso:std:iso:15118:-20:DC</ProtocolNamespace><VersionNumberMajor>1</VersionNumberMajor><VersionNumberMinor>0</VersionNumberMinor><SchemaID>1</SchemaID><Priority>1</Priority></AppProtocol></s0:supportedAppProtocolReq> (tcp_server.py:97)
[2026-08-15 14:24:13,511] INFO (tcp_server): Received SupportedAppProtocolReq.
[2026-08-15 14:24:13,512] DEBUG (tcp_server): XML message to be sent: <?xml version="1.0" encoding="UTF-8"?>
<ns0:supportedAppProtocolRes xmlns:ns0="urn:iso:15118:2:2010:AppProtocol">
  <ResponseCode>OK_SuccessfulNegotiation</ResponseCode>
  <SchemaID>1</SchemaID>
</ns0:supportedAppProtocolRes>
 (tcp_server.py:124)
[2026-08-15 14:24:13,512] DEBUG (tcp_server): Encoding process start (tcp_server.py:125)
[2026-08-15 14:24:13,512] INFO (message_handling): Supported App Protocol message to be encoded
[2026-08-15 14:24:13,512] INFO (message_handling): Message is valid against Schema XSD
[2026-08-15 14:24:13,513] DEBUG (tcp_server): Encoded EXI message: 8040 0040 (tcp_server.py:134)
[2026-08-15 14:24:13,526] INFO (tcp_server): Received request from ('fd00:edf::1', 58810, 0, 0).
[2026-08-15 14:24:13,526] INFO (message_handling): Message is valid.
[2026-08-15 14:24:13,527] DEBUG (tcp_server): Received EXI msg to be decoded: 808C04000000000000000008D ED81D40620422AB21A1981880 (tcp_server.py:84)
[2026-08-15 14:24:13,527] INFO (tcp_server): Payload type: 0x8002
[2026-08-15 14:24:13,527] INFO (message_handling): Common message to be decoded
[2026-08-15 14:24:13,527] DEBUG (tcp_server): Message successfully decoded (tcp_server.py:96)
[2026-08-15 14:24:13,527] DEBUG (tcp_server): XML message received: <?xml version="1.0" encoding="UTF-8"?><s1:SessionSetupReq xmlns:s1="urn:iso:std:iso:15118:-20:CommonMessages" xmlns:xsi="http://www.w3.org/2001/XMLSchema-instance" xmlns:xsd="http://www.w3.org/2001/XMLSchema" xmlns:s0="http://www.w3.org/2000/09/xmldsig#" xmlns:s2="urn:iso:std:iso:15118:-20:CommonTypes"><s2:Header><s2:SessionID>0000000000000000</s2:SessionID><s2:TimeStamp>1786803853</s2:TimeStamp></s2:Header><s1:EVCCID>EVCC01</s1:EVCCID></s1:SessionSetupReq> (tcp_server.py:97)
[2026-08-15 14:24:13,528] INFO (tcp_server): Received SessionSetupReq.
[2026-08-15 14:24:13,528] DEBUG (tcp_server): XML message to be sent: <?xml version="1.0" encoding="UTF-8"?>
<ns0:SessionSetupRes xmlns:ns0="urn:iso:std:iso:15118:-20:CommonMessages">
  <ns1:Header xmlns:ns1="urn:iso:std:iso:15118:-20:CommonTypes">
    <ns1:SessionID>3834303839303832</ns1:SessionID>
    <ns1:TimeStamp>1786803853</ns1:TimeStamp>
  </ns1:Header>
  <ns1:ResponseCode xmlns:ns1="urn:iso:std:iso:15118:-20:CommonTypes">OK_NewSessionEstablished</ns1:ResponseCode>
  <ns0:EVSEID>ZZ000000</ns0:EVSEID>
</ns0:SessionSetupRes>
 (tcp_server.py:124)
[2026-08-15 14:24:13,528] DEBUG (tcp_server): Encoding process start (tcp_server.py:125)
[2026-08-15 14:24:13,528] INFO (message_handling): Common message to be encoded
[2026-08-15 14:24:13,528] INFO (message_handling): Message is valid against Schema XSD
[2026-08-15 14:24:13,529] DEBUG (tcp_server): Encoded EXI message: 8090041C1A181C1C981C1908DED8 1D4062040296968C0C0C0C0C0C00 (tcp_server.py:134)
[2026-08-15 14:24:13,540] INFO (tcp_server): Received request from ('fd00:edf::1', 58810, 0, 0).
[2026-08-15 14:24:13,541] INFO (message_handling): Message is valid.
[2026-08-15 14:24:13,541] DEBUG (tcp_server): Received EXI msg to be decoded: 8008041C1A181C1C9 81C1908DED81D4062 (tcp_server.py:84)
[2026-08-15 14:24:13,541] INFO (tcp_server): Payload type: 0x8002
[2026-08-15 14:24:13,541] INFO (message_handling): Common message to be decoded
[2026-08-15 14:24:13,542] DEBUG (tcp_server): Message successfully decoded (tcp_server.py:96)
[2026-08-15 14:24:13,542] DEBUG (tcp_server): XML message received: <?xml version="1.0" encoding="UTF-8"?><s1:AuthorizationSetupReq xmlns:s1="urn:iso:std:iso:15118:-20:CommonMessages" xmlns:xsi="http://www.w3.org/2001/XMLSchema-instance" xmlns:xsd="http://www.w3.org/2001/XMLSchema" xmlns:s0="http://www.w3.org/2000/09/xmldsig#" xmlns:s2="urn:iso:std:iso:15118:-20:CommonTypes"><s2:Header><s2:SessionID>3834303839303832</s2:SessionID><s2:TimeStamp>1786803853</s2:TimeStamp></s2:Header></s1:AuthorizationSetupReq> (tcp_server.py:97)
[2026-08-15 14:24:13,542] INFO (tcp_server): Received AuthorizationSetupReq.
[2026-08-15 14:24:13,543] DEBUG (tcp_server): XML message to be sent: <?xml version="1.0" encoding="UTF-8"?>
<ns0:AuthorizationSetupRes xmlns:ns0="urn:iso:std:iso:15118:-20:CommonMessages">
  <ns1:Header xmlns:ns1="urn:iso:std:iso:15118:-20:CommonTypes">
    <ns1:SessionID>3834303839303832</ns1:SessionID>
    <ns1:TimeStamp>1786803853</ns1:TimeStamp>
  </ns1:Header>
  <ns1:ResponseCode xmlns:ns1="urn:iso:std:iso:15118:-20:CommonTypes">OK</ns1:ResponseCode>
  <ns0:AuthorizationServices>EIM</ns0:AuthorizationServices>
  <ns0:CertificateInstallationService>false</ns0:CertificateInstallationService>
  <ns0:EIM_ASResAuthorizationMode/>
</ns0:AuthorizationSetupRes>
 (tcp_server.py:124)
[2026-08-15 14:24:13,543] DEBUG (tcp_server): Encoding process start (tcp_server.py:125)
[2026-08-15 14:24:13,543] INFO (message_handling): Common message to be encoded
[2026-08-15 14:24:13,543] INFO (message_handling): Message is valid against Schema XSD
[2026-08-15 14:24:13,544] DEBUG (tcp_server): Encoded EXI message: 800C041C1A181C1C981C 1908DED81D4062000400 (tcp_server.py:134)
[2026-08-15 14:24:13,550] INFO (tcp_server): Received request from ('fd00:edf::1', 58810, 0, 0).
[2026-08-15 14:24:13,550] INFO (message_handling): Message is valid.
[2026-08-15 14:24:13,550] DEBUG (tcp_server): Received EXI msg to be decoded: 8000041C1A181C1C98 1C1908DED81D406200 (tcp_server.py:84)
[2026-08-15 14:24:13,550] INFO (tcp_server): Payload type: 0x8002
[2026-08-15 14:24:13,551] INFO (message_handling): Common message to be decoded
[2026-08-15 14:24:13,551] DEBUG (tcp_server): Message successfully decoded (tcp_server.py:96)
[2026-08-15 14:24:13,551] DEBUG (tcp_server): XML message received: <?xml version="1.0" encoding="UTF-8"?><s1:AuthorizationReq xmlns:s1="urn:iso:std:iso:15118:-20:CommonMessages" xmlns:xsi="http://www.w3.org/2001/XMLSchema-instance" xmlns:xsd="http://www.w3.org/2001/XMLSchema" xmlns:s0="http://www.w3.org/2000/09/xmldsig#" xmlns:s2="urn:iso:std:iso:15118:-20:CommonTypes"><s2:Header><s2:SessionID>3834303839303832</s2:SessionID><s2:TimeStamp>1786803853</s2:TimeStamp></s2:Header><s1:SelectedAuthorizationService>EIM</s1:SelectedAuthorizationService><s1:EIM_AReqAuthorizationMode/></s1:AuthorizationReq> (tcp_server.py:97)
[2026-08-15 14:24:13,552] INFO (tcp_server): Received AuthorizationReq.
[2026-08-15 14:24:13,553] DEBUG (tcp_server): XML message to be sent: <?xml version="1.0" encoding="UTF-8"?>
<ns0:AuthorizationRes xmlns:ns0="urn:iso:std:iso:15118:-20:CommonMessages">
  <ns1:Header xmlns:ns1="urn:iso:std:iso:15118:-20:CommonTypes">
    <ns1:SessionID>3834303839303832</ns1:SessionID>
    <ns1:TimeStamp>1786803853</ns1:TimeStamp>
  </ns1:Header>
  <ns1:ResponseCode xmlns:ns1="urn:iso:std:iso:15118:-20:CommonTypes">OK</ns1:ResponseCode>
  <ns0:EVSEProcessing>Finished</ns0:EVSEProcessing>
</ns0:AuthorizationRes>
 (tcp_server.py:124)
[2026-08-15 14:24:13,553] DEBUG (tcp_server): Encoding process start (tcp_server.py:125)
[2026-08-15 14:24:13,553] INFO (message_handling): Common message to be encoded
[2026-08-15 14:24:13,553] INFO (message_handling): Message is valid against Schema XSD
[2026-08-15 14:24:13,554] DEBUG (tcp_server): Encoded EXI message: 8004041C1A181C1C981 C1908DED81D40620000 (tcp_server.py:134)
[2026-08-15 14:24:13,558] INFO (tcp_server): Received request from ('fd00:edf::1', 58810, 0, 0).
[2026-08-15 14:24:13,558] INFO (message_handling): Message is valid.
[2026-08-15 14:24:13,558] DEBUG (tcp_server): Received EXI msg to be decoded: 807C041C1A181C1C98 1C1908DED81D406280 (tcp_server.py:84)
[2026-08-15 14:24:13,558] INFO (tcp_server): Payload type: 0x8002
[2026-08-15 14:24:13,558] INFO (message_handling): Common message to be decoded
[2026-08-15 14:24:13,558] DEBUG (tcp_server): Message successfully decoded (tcp_server.py:96)
[2026-08-15 14:24:13,559] DEBUG (tcp_server): XML message received: <?xml version="1.0" encoding="UTF-8"?><s1:ServiceDiscoveryReq xmlns:s1="urn:iso:std:iso:15118:-20:CommonMessages" xmlns:xsi="http://www.w3.org/2001/XMLSchema-instance" xmlns:xsd="http://www.w3.org/2001/XMLSchema" xmlns:s0="http://www.w3.org/2000/09/xmldsig#" xmlns:s2="urn:iso:std:iso:15118:-20:CommonTypes"><s2:Header><s2:SessionID>3834303839303832</s2:SessionID><s2:TimeStamp>1786803853</s2:TimeStamp></s2:Header></s1:ServiceDiscoveryReq> (tcp_server.py:97)
[2026-08-15 14:24:13,559] INFO (tcp_server): Received ServiceDiscoveryReq.
Fatal error: protocol.data_received() call failed.
protocol: <secc.tcp_server.TCPServerProtocol object at 0x7d654c05faf0>
transport: <_SelectorSocketTransport fd=22 read=polling write=<idle, bufsize=0>>
Traceback (most recent call last):
  File "/usr/local/lib/python3.8/asyncio/selector_events.py", line 862, in _read_ready__data_received
    self._protocol.data_received(data)
  File "/app/secc/../secc/tcp_server.py", line 60, in data_received
    self.process_incoming_message(packet)
  File "/app/secc/../secc/tcp_server.py", line 112, in process_incoming_message
    reaction = self.session.get_state(self.session.state).process_payload(xml_object)
  File "/app/secc/../secc/states/process_service_discovery_request.py", line 31, in process_payload
    if 6 in payload.supported_service_ids.service_id:
AttributeError: 'NoneType' object has no attribute 'service_id'
[2026-08-15 14:24:13,559] ERROR (tcp_server): 'NoneType' object has no attribute 'service_id'. (tcp_server.py:69)
[2026-08-15 14:24:16,064] WARNING (timer): Message timer requirement not fulfilled: over 60.00 seconds). (timer.py:99)
[2026-08-15 14:24:22,695] INFO (tcp_server): Connection made. Starting new communication session.
[2026-08-15 14:24:22,697] INFO (tcp_server): Sent notification.
[2026-08-15 14:24:22,704] INFO (tcp_server): Received request from ('fd00:edf::1', 33190, 0, 0).
[2026-08-15 14:24:22,704] INFO (message_handling): Message is valid.
[2026-08-15 14:24:22,704] DEBUG (tcp_server): Received EXI msg to be decoded: 8000F3AB9371D34B9B79D39BA321D34B9B79D 189A98989C1D1699181D22218010000040040 (tcp_server.py:84)
[2026-08-15 14:24:22,704] INFO (tcp_server): Payload type: 0x8001
[2026-08-15 14:24:22,704] INFO (message_handling): Supported App Protocol message to be decoded
[2026-08-15 14:24:22,705] DEBUG (tcp_server): Message successfully decoded (tcp_server.py:96)
[2026-08-15 14:24:22,705] DEBUG (tcp_server): XML message received: <?xml version="1.0" encoding="UTF-8"?><s0:supportedAppProtocolReq xmlns:s0="urn:iso:15118:2:2010:AppProtocol" xmlns:xsi="http://www.w3.org/2001/XMLSchema-instance" xmlns:xsd="http://www.w3.org/2001/XMLSchema"><AppProtocol><ProtocolNamespace>urn:iso:std:iso:15118:-20:DC</ProtocolNamespace><VersionNumberMajor>1</VersionNumberMajor><VersionNumberMinor>0</VersionNumberMinor><SchemaID>1</SchemaID><Priority>1</Priority></AppProtocol></s0:supportedAppProtocolReq> (tcp_server.py:97)
[2026-08-15 14:24:22,705] INFO (tcp_server): Received SupportedAppProtocolReq.
[2026-08-15 14:24:22,706] DEBUG (tcp_server): XML message to be sent: <?xml version="1.0" encoding="UTF-8"?>
<ns0:supportedAppProtocolRes xmlns:ns0="urn:iso:15118:2:2010:AppProtocol">
  <ResponseCode>OK_SuccessfulNegotiation</ResponseCode>
  <SchemaID>1</SchemaID>
</ns0:supportedAppProtocolRes>
 (tcp_server.py:124)
[2026-08-15 14:24:22,706] DEBUG (tcp_server): Encoding process start (tcp_server.py:125)
[2026-08-15 14:24:22,706] INFO (message_handling): Supported App Protocol message to be encoded
[2026-08-15 14:24:22,706] INFO (message_handling): Message is valid against Schema XSD
[2026-08-15 14:24:22,706] DEBUG (tcp_server): Encoded EXI message: 8040 0040 (tcp_server.py:134)
[2026-08-15 14:24:22,721] INFO (tcp_server): Received request from ('fd00:edf::1', 33190, 0, 0).
[2026-08-15 14:24:22,721] INFO (message_handling): Message is valid.
[2026-08-15 14:24:22,721] DEBUG (tcp_server): Received EXI msg to be decoded: 808C040000000000000000096 ED81D40620422AB21A1981880 (tcp_server.py:84)
[2026-08-15 14:24:22,721] INFO (tcp_server): Payload type: 0x8002
[2026-08-15 14:24:22,721] INFO (message_handling): Common message to be decoded
[2026-08-15 14:24:22,722] DEBUG (tcp_server): Message successfully decoded (tcp_server.py:96)
[2026-08-15 14:24:22,722] DEBUG (tcp_server): XML message received: <?xml version="1.0" encoding="UTF-8"?><s1:SessionSetupReq xmlns:s1="urn:iso:std:iso:15118:-20:CommonMessages" xmlns:xsi="http://www.w3.org/2001/XMLSchema-instance" xmlns:xsd="http://www.w3.org/2001/XMLSchema" xmlns:s0="http://www.w3.org/2000/09/xmldsig#" xmlns:s2="urn:iso:std:iso:15118:-20:CommonTypes"><s2:Header><s2:SessionID>0000000000000000</s2:SessionID><s2:TimeStamp>1786803862</s2:TimeStamp></s2:Header><s1:EVCCID>EVCC01</s1:EVCCID></s1:SessionSetupReq> (tcp_server.py:97)
[2026-08-15 14:24:22,723] INFO (tcp_server): Received SessionSetupReq.
[2026-08-15 14:24:22,723] DEBUG (tcp_server): XML message to be sent: <?xml version="1.0" encoding="UTF-8"?>
<ns0:SessionSetupRes xmlns:ns0="urn:iso:std:iso:15118:-20:CommonMessages">
  <ns1:Header xmlns:ns1="urn:iso:std:iso:15118:-20:CommonTypes">
    <ns1:SessionID>3932313232373031</ns1:SessionID>
    <ns1:TimeStamp>1786803862</ns1:TimeStamp>
  </ns1:Header>
  <ns1:ResponseCode xmlns:ns1="urn:iso:std:iso:15118:-20:CommonTypes">OK_NewSessionEstablished</ns1:ResponseCode>
  <ns0:EVSEID>ZZ000000</ns0:EVSEID>
</ns0:SessionSetupRes>
 (tcp_server.py:124)
[2026-08-15 14:24:22,723] DEBUG (tcp_server): Encoding process start (tcp_server.py:125)
[2026-08-15 14:24:22,723] INFO (message_handling): Common message to be encoded
[2026-08-15 14:24:22,724] INFO (message_handling): Message is valid against Schema XSD
[2026-08-15 14:24:22,725] DEBUG (tcp_server): Encoded EXI message: 8090041C991899191B9818896ED8 1D4062040296968C0C0C0C0C0C00 (tcp_server.py:134)
[2026-08-15 14:24:22,735] INFO (tcp_server): Received request from ('fd00:edf::1', 33190, 0, 0).
[2026-08-15 14:24:22,735] INFO (message_handling): Message is valid.
[2026-08-15 14:24:22,735] DEBUG (tcp_server): Received EXI msg to be decoded: 8008041C991899191 B9818896ED81D4062 (tcp_server.py:84)
[2026-08-15 14:24:22,735] INFO (tcp_server): Payload type: 0x8002
[2026-08-15 14:24:22,735] INFO (message_handling): Common message to be decoded
[2026-08-15 14:24:22,736] DEBUG (tcp_server): Message successfully decoded (tcp_server.py:96)
[2026-08-15 14:24:22,736] DEBUG (tcp_server): XML message received: <?xml version="1.0" encoding="UTF-8"?><s1:AuthorizationSetupReq xmlns:s1="urn:iso:std:iso:15118:-20:CommonMessages" xmlns:xsi="http://www.w3.org/2001/XMLSchema-instance" xmlns:xsd="http://www.w3.org/2001/XMLSchema" xmlns:s0="http://www.w3.org/2000/09/xmldsig#" xmlns:s2="urn:iso:std:iso:15118:-20:CommonTypes"><s2:Header><s2:SessionID>3932313232373031</s2:SessionID><s2:TimeStamp>1786803862</s2:TimeStamp></s2:Header></s1:AuthorizationSetupReq> (tcp_server.py:97)
[2026-08-15 14:24:22,736] INFO (tcp_server): Received AuthorizationSetupReq.
[2026-08-15 14:24:22,737] DEBUG (tcp_server): XML message to be sent: <?xml version="1.0" encoding="UTF-8"?>
<ns0:AuthorizationSetupRes xmlns:ns0="urn:iso:std:iso:15118:-20:CommonMessages">
  <ns1:Header xmlns:ns1="urn:iso:std:iso:15118:-20:CommonTypes">
    <ns1:SessionID>3932313232373031</ns1:SessionID>
    <ns1:TimeStamp>1786803862</ns1:TimeStamp>
  </ns1:Header>
  <ns1:ResponseCode xmlns:ns1="urn:iso:std:iso:15118:-20:CommonTypes">OK</ns1:ResponseCode>
  <ns0:AuthorizationServices>EIM</ns0:AuthorizationServices>
  <ns0:CertificateInstallationService>false</ns0:CertificateInstallationService>
  <ns0:EIM_ASResAuthorizationMode/>
</ns0:AuthorizationSetupRes>
 (tcp_server.py:124)
[2026-08-15 14:24:22,737] DEBUG (tcp_server): Encoding process start (tcp_server.py:125)
[2026-08-15 14:24:22,737] INFO (message_handling): Common message to be encoded
[2026-08-15 14:24:22,738] INFO (message_handling): Message is valid against Schema XSD
[2026-08-15 14:24:22,738] DEBUG (tcp_server): Encoded EXI message: 800C041C991899191B98 18896ED81D4062000400 (tcp_server.py:134)
[2026-08-15 14:24:22,743] INFO (tcp_server): Received request from ('fd00:edf::1', 33190, 0, 0).
[2026-08-15 14:24:22,744] INFO (message_handling): Message is valid.
[2026-08-15 14:24:22,744] DEBUG (tcp_server): Received EXI msg to be decoded: 8000041C991899191B 9818896ED81D406200 (tcp_server.py:84)
[2026-08-15 14:24:22,744] INFO (tcp_server): Payload type: 0x8002
[2026-08-15 14:24:22,744] INFO (message_handling): Common message to be decoded
[2026-08-15 14:24:22,744] DEBUG (tcp_server): Message successfully decoded (tcp_server.py:96)
[2026-08-15 14:24:22,744] DEBUG (tcp_server): XML message received: <?xml version="1.0" encoding="UTF-8"?><s1:AuthorizationReq xmlns:s1="urn:iso:std:iso:15118:-20:CommonMessages" xmlns:xsi="http://www.w3.org/2001/XMLSchema-instance" xmlns:xsd="http://www.w3.org/2001/XMLSchema" xmlns:s0="http://www.w3.org/2000/09/xmldsig#" xmlns:s2="urn:iso:std:iso:15118:-20:CommonTypes"><s2:Header><s2:SessionID>3932313232373031</s2:SessionID><s2:TimeStamp>1786803862</s2:TimeStamp></s2:Header><s1:SelectedAuthorizationService>EIM</s1:SelectedAuthorizationService><s1:EIM_AReqAuthorizationMode/></s1:AuthorizationReq> (tcp_server.py:97)
[2026-08-15 14:24:22,745] INFO (tcp_server): Received AuthorizationReq.
[2026-08-15 14:24:22,745] DEBUG (tcp_server): XML message to be sent: <?xml version="1.0" encoding="UTF-8"?>
<ns0:AuthorizationRes xmlns:ns0="urn:iso:std:iso:15118:-20:CommonMessages">
  <ns1:Header xmlns:ns1="urn:iso:std:iso:15118:-20:CommonTypes">
    <ns1:SessionID>3932313232373031</ns1:SessionID>
    <ns1:TimeStamp>1786803862</ns1:TimeStamp>
  </ns1:Header>
  <ns1:ResponseCode xmlns:ns1="urn:iso:std:iso:15118:-20:CommonTypes">OK</ns1:ResponseCode>
  <ns0:EVSEProcessing>Finished</ns0:EVSEProcessing>
</ns0:AuthorizationRes>
 (tcp_server.py:124)
[2026-08-15 14:24:22,745] DEBUG (tcp_server): Encoding process start (tcp_server.py:125)
[2026-08-15 14:24:22,745] INFO (message_handling): Common message to be encoded
[2026-08-15 14:24:22,746] INFO (message_handling): Message is valid against Schema XSD
[2026-08-15 14:24:22,746] DEBUG (tcp_server): Encoded EXI message: 8004041C991899191B9 818896ED81D40620000 (tcp_server.py:134)
[2026-08-15 14:24:22,747] INFO (tcp_server): Received request from ('fd00:edf::1', 33190, 0, 0).
[2026-08-15 14:24:22,748] INFO (message_handling): Message is valid.
[2026-08-15 14:24:22,748] DEBUG (tcp_server): Received EXI msg to be decoded: 807C041C991899191B 9818896ED81D406280 (tcp_server.py:84)
[2026-08-15 14:24:22,748] INFO (tcp_server): Payload type: 0x8002
[2026-08-15 14:24:22,748] INFO (message_handling): Common message to be decoded
[2026-08-15 14:24:22,748] DEBUG (tcp_server): Message successfully decoded (tcp_server.py:96)
[2026-08-15 14:24:22,749] DEBUG (tcp_server): XML message received: <?xml version="1.0" encoding="UTF-8"?><s1:ServiceDiscoveryReq xmlns:s1="urn:iso:std:iso:15118:-20:CommonMessages" xmlns:xsi="http://www.w3.org/2001/XMLSchema-instance" xmlns:xsd="http://www.w3.org/2001/XMLSchema" xmlns:s0="http://www.w3.org/2000/09/xmldsig#" xmlns:s2="urn:iso:std:iso:15118:-20:CommonTypes"><s2:Header><s2:SessionID>3932313232373031</s2:SessionID><s2:TimeStamp>1786803862</s2:TimeStamp></s2:Header></s1:ServiceDiscoveryReq> (tcp_server.py:97)
[2026-08-15 14:24:22,749] INFO (tcp_server): Received ServiceDiscoveryReq.
Fatal error: protocol.data_received() call failed.
protocol: <secc.tcp_server.TCPServerProtocol object at 0x7d653c58aeb0>
transport: <_SelectorSocketTransport fd=22 read=polling write=<idle, bufsize=0>>
Traceback (most recent call last):
  File "/usr/local/lib/python3.8/asyncio/selector_events.py", line 862, in _read_ready__data_received
    self._protocol.data_received(data)
  File "/app/secc/../secc/tcp_server.py", line 60, in data_received
    self.process_incoming_message(packet)
  File "/app/secc/../secc/tcp_server.py", line 112, in process_incoming_message
    reaction = self.session.get_state(self.session.state).process_payload(xml_object)
  File "/app/secc/../secc/states/process_service_discovery_request.py", line 31, in process_payload
    if 6 in payload.supported_service_ids.service_id:
AttributeError: 'NoneType' object has no attribute 'service_id'
[2026-08-15 14:24:22,749] ERROR (tcp_server): 'NoneType' object has no attribute 'service_id'. (tcp_server.py:69)
[2026-08-15 14:24:23,595] WARNING (timer): Message timer requirement not fulfilled: over 60.00 seconds). (timer.py:99)
[2026-08-15 14:24:31,114] INFO (tcp_server): Connection made. Starting new communication session.
[2026-08-15 14:24:31,118] INFO (tcp_server): Sent notification.
[2026-08-15 14:24:31,129] INFO (tcp_server): Received request from ('fd00:edf::1', 46484, 0, 0).
[2026-08-15 14:24:31,129] INFO (message_handling): Message is valid.
[2026-08-15 14:24:31,129] DEBUG (tcp_server): Received EXI msg to be decoded: 8000F3AB9371D34B9B79D39BA321D34B9B79D 189A98989C1D1699181D22218010000040040 (tcp_server.py:84)
[2026-08-15 14:24:31,129] INFO (tcp_server): Payload type: 0x8001
[2026-08-15 14:24:31,129] INFO (message_handling): Supported App Protocol message to be decoded
[2026-08-15 14:24:31,130] DEBUG (tcp_server): Message successfully decoded (tcp_server.py:96)
[2026-08-15 14:24:31,130] DEBUG (tcp_server): XML message received: <?xml version="1.0" encoding="UTF-8"?><s0:supportedAppProtocolReq xmlns:s0="urn:iso:15118:2:2010:AppProtocol" xmlns:xsi="http://www.w3.org/2001/XMLSchema-instance" xmlns:xsd="http://www.w3.org/2001/XMLSchema"><AppProtocol><ProtocolNamespace>urn:iso:std:iso:15118:-20:DC</ProtocolNamespace><VersionNumberMajor>1</VersionNumberMajor><VersionNumberMinor>0</VersionNumberMinor><SchemaID>1</SchemaID><Priority>1</Priority></AppProtocol></s0:supportedAppProtocolReq> (tcp_server.py:97)
[2026-08-15 14:24:31,130] INFO (tcp_server): Received SupportedAppProtocolReq.
[2026-08-15 14:24:31,131] DEBUG (tcp_server): XML message to be sent: <?xml version="1.0" encoding="UTF-8"?>
<ns0:supportedAppProtocolRes xmlns:ns0="urn:iso:15118:2:2010:AppProtocol">
  <ResponseCode>OK_SuccessfulNegotiation</ResponseCode>
  <SchemaID>1</SchemaID>
</ns0:supportedAppProtocolRes>
 (tcp_server.py:124)
[2026-08-15 14:24:31,131] DEBUG (tcp_server): Encoding process start (tcp_server.py:125)
[2026-08-15 14:24:31,131] INFO (message_handling): Supported App Protocol message to be encoded
[2026-08-15 14:24:31,131] INFO (message_handling): Message is valid against Schema XSD
[2026-08-15 14:24:31,131] DEBUG (tcp_server): Encoded EXI message: 8040 0040 (tcp_server.py:134)
[2026-08-15 14:24:31,148] INFO (tcp_server): Received request from ('fd00:edf::1', 46484, 0, 0).
[2026-08-15 14:24:31,148] INFO (message_handling): Message is valid.
[2026-08-15 14:24:31,148] DEBUG (tcp_server): Received EXI msg to be decoded: 808C04000000000000000009F ED81D40620422AB21A1981880 (tcp_server.py:84)
[2026-08-15 14:24:31,148] INFO (tcp_server): Payload type: 0x8002
[2026-08-15 14:24:31,149] INFO (message_handling): Common message to be decoded
[2026-08-15 14:24:31,149] DEBUG (tcp_server): Message successfully decoded (tcp_server.py:96)
[2026-08-15 14:24:31,150] DEBUG (tcp_server): XML message received: <?xml version="1.0" encoding="UTF-8"?><s1:SessionSetupReq xmlns:s1="urn:iso:std:iso:15118:-20:CommonMessages" xmlns:xsi="http://www.w3.org/2001/XMLSchema-instance" xmlns:xsd="http://www.w3.org/2001/XMLSchema" xmlns:s0="http://www.w3.org/2000/09/xmldsig#" xmlns:s2="urn:iso:std:iso:15118:-20:CommonTypes"><s2:Header><s2:SessionID>0000000000000000</s2:SessionID><s2:TimeStamp>1786803871</s2:TimeStamp></s2:Header><s1:EVCCID>EVCC01</s1:EVCCID></s1:SessionSetupReq> (tcp_server.py:97)
[2026-08-15 14:24:31,150] INFO (tcp_server): Received SessionSetupReq.
[2026-08-15 14:24:31,151] DEBUG (tcp_server): XML message to be sent: <?xml version="1.0" encoding="UTF-8"?>
<ns0:SessionSetupRes xmlns:ns0="urn:iso:std:iso:15118:-20:CommonMessages">
  <ns1:Header xmlns:ns1="urn:iso:std:iso:15118:-20:CommonTypes">
    <ns1:SessionID>3437343435363132</ns1:SessionID>
    <ns1:TimeStamp>1786803871</ns1:TimeStamp>
  </ns1:Header>
  <ns1:ResponseCode xmlns:ns1="urn:iso:std:iso:15118:-20:CommonTypes">OK_NewSessionEstablished</ns1:ResponseCode>
  <ns0:EVSEID>ZZ000000</ns0:EVSEID>
</ns0:SessionSetupRes>
 (tcp_server.py:124)
[2026-08-15 14:24:31,151] DEBUG (tcp_server): Encoding process start (tcp_server.py:125)
[2026-08-15 14:24:31,151] INFO (message_handling): Common message to be encoded
[2026-08-15 14:24:31,151] INFO (message_handling): Message is valid against Schema XSD
[2026-08-15 14:24:31,152] DEBUG (tcp_server): Encoded EXI message: 8090041A1B9A1A1A9B189909FED8 1D4062040296968C0C0C0C0C0C00 (tcp_server.py:134)
[2026-08-15 14:24:31,161] INFO (tcp_server): Received request from ('fd00:edf::1', 46484, 0, 0).
[2026-08-15 14:24:31,161] INFO (message_handling): Message is valid.
[2026-08-15 14:24:31,161] DEBUG (tcp_server): Received EXI msg to be decoded: 8008041A1B9A1A1A9 B189909FED81D4062 (tcp_server.py:84)
[2026-08-15 14:24:31,161] INFO (tcp_server): Payload type: 0x8002
[2026-08-15 14:24:31,161] INFO (message_handling): Common message to be decoded
[2026-08-15 14:24:31,162] DEBUG (tcp_server): Message successfully decoded (tcp_server.py:96)
[2026-08-15 14:24:31,162] DEBUG (tcp_server): XML message received: <?xml version="1.0" encoding="UTF-8"?><s1:AuthorizationSetupReq xmlns:s1="urn:iso:std:iso:15118:-20:CommonMessages" xmlns:xsi="http://www.w3.org/2001/XMLSchema-instance" xmlns:xsd="http://www.w3.org/2001/XMLSchema" xmlns:s0="http://www.w3.org/2000/09/xmldsig#" xmlns:s2="urn:iso:std:iso:15118:-20:CommonTypes"><s2:Header><s2:SessionID>3437343435363132</s2:SessionID><s2:TimeStamp>1786803871</s2:TimeStamp></s2:Header></s1:AuthorizationSetupReq> (tcp_server.py:97)
[2026-08-15 14:24:31,162] INFO (tcp_server): Received AuthorizationSetupReq.
[2026-08-15 14:24:31,163] DEBUG (tcp_server): XML message to be sent: <?xml version="1.0" encoding="UTF-8"?>
<ns0:AuthorizationSetupRes xmlns:ns0="urn:iso:std:iso:15118:-20:CommonMessages">
  <ns1:Header xmlns:ns1="urn:iso:std:iso:15118:-20:CommonTypes">
    <ns1:SessionID>3437343435363132</ns1:SessionID>
    <ns1:TimeStamp>1786803871</ns1:TimeStamp>
  </ns1:Header>
  <ns1:ResponseCode xmlns:ns1="urn:iso:std:iso:15118:-20:CommonTypes">OK</ns1:ResponseCode>
  <ns0:AuthorizationServices>EIM</ns0:AuthorizationServices>
  <ns0:CertificateInstallationService>false</ns0:CertificateInstallationService>
  <ns0:EIM_ASResAuthorizationMode/>
</ns0:AuthorizationSetupRes>
 (tcp_server.py:124)
[2026-08-15 14:24:31,163] DEBUG (tcp_server): Encoding process start (tcp_server.py:125)
[2026-08-15 14:24:31,163] INFO (message_handling): Common message to be encoded
[2026-08-15 14:24:31,163] INFO (message_handling): Message is valid against Schema XSD
[2026-08-15 14:24:31,164] DEBUG (tcp_server): Encoded EXI message: 800C041A1B9A1A1A9B18 9909FED81D4062000400 (tcp_server.py:134)
[2026-08-15 14:24:31,168] INFO (tcp_server): Received request from ('fd00:edf::1', 46484, 0, 0).
[2026-08-15 14:24:31,168] INFO (message_handling): Message is valid.
[2026-08-15 14:24:31,168] DEBUG (tcp_server): Received EXI msg to be decoded: 8000041A1B9A1A1A9B 189909FED81D406200 (tcp_server.py:84)
[2026-08-15 14:24:31,168] INFO (tcp_server): Payload type: 0x8002
[2026-08-15 14:24:31,168] INFO (message_handling): Common message to be decoded
[2026-08-15 14:24:31,169] DEBUG (tcp_server): Message successfully decoded (tcp_server.py:96)
[2026-08-15 14:24:31,169] DEBUG (tcp_server): XML message received: <?xml version="1.0" encoding="UTF-8"?><s1:AuthorizationReq xmlns:s1="urn:iso:std:iso:15118:-20:CommonMessages" xmlns:xsi="http://www.w3.org/2001/XMLSchema-instance" xmlns:xsd="http://www.w3.org/2001/XMLSchema" xmlns:s0="http://www.w3.org/2000/09/xmldsig#" xmlns:s2="urn:iso:std:iso:15118:-20:CommonTypes"><s2:Header><s2:SessionID>3437343435363132</s2:SessionID><s2:TimeStamp>1786803871</s2:TimeStamp></s2:Header><s1:SelectedAuthorizationService>EIM</s1:SelectedAuthorizationService><s1:EIM_AReqAuthorizationMode/></s1:AuthorizationReq> (tcp_server.py:97)
[2026-08-15 14:24:31,169] INFO (tcp_server): Received AuthorizationReq.
[2026-08-15 14:24:31,170] DEBUG (tcp_server): XML message to be sent: <?xml version="1.0" encoding="UTF-8"?>
<ns0:AuthorizationRes xmlns:ns0="urn:iso:std:iso:15118:-20:CommonMessages">
  <ns1:Header xmlns:ns1="urn:iso:std:iso:15118:-20:CommonTypes">
    <ns1:SessionID>3437343435363132</ns1:SessionID>
    <ns1:TimeStamp>1786803871</ns1:TimeStamp>
  </ns1:Header>
  <ns1:ResponseCode xmlns:ns1="urn:iso:std:iso:15118:-20:CommonTypes">OK</ns1:ResponseCode>
  <ns0:EVSEProcessing>Finished</ns0:EVSEProcessing>
</ns0:AuthorizationRes>
 (tcp_server.py:124)
[2026-08-15 14:24:31,170] DEBUG (tcp_server): Encoding process start (tcp_server.py:125)
[2026-08-15 14:24:31,170] INFO (message_handling): Common message to be encoded
[2026-08-15 14:24:31,170] INFO (message_handling): Message is valid against Schema XSD
[2026-08-15 14:24:31,170] DEBUG (tcp_server): Encoded EXI message: 8004041A1B9A1A1A9B1 89909FED81D40620000 (tcp_server.py:134)
[2026-08-15 14:24:31,172] INFO (tcp_server): Received request from ('fd00:edf::1', 46484, 0, 0).
[2026-08-15 14:24:31,172] INFO (message_handling): Message is valid.
[2026-08-15 14:24:31,172] DEBUG (tcp_server): Received EXI msg to be decoded: 807C041A1B9A1A1A9B 189909FED81D406280 (tcp_server.py:84)
[2026-08-15 14:24:31,172] INFO (tcp_server): Payload type: 0x8002
[2026-08-15 14:24:31,172] INFO (message_handling): Common message to be decoded
[2026-08-15 14:24:31,172] DEBUG (tcp_server): Message successfully decoded (tcp_server.py:96)
[2026-08-15 14:24:31,172] DEBUG (tcp_server): XML message received: <?xml version="1.0" encoding="UTF-8"?><s1:ServiceDiscoveryReq xmlns:s1="urn:iso:std:iso:15118:-20:CommonMessages" xmlns:xsi="http://www.w3.org/2001/XMLSchema-instance" xmlns:xsd="http://www.w3.org/2001/XMLSchema" xmlns:s0="http://www.w3.org/2000/09/xmldsig#" xmlns:s2="urn:iso:std:iso:15118:-20:CommonTypes"><s2:Header><s2:SessionID>3437343435363132</s2:SessionID><s2:TimeStamp>1786803871</s2:TimeStamp></s2:Header></s1:ServiceDiscoveryReq> (tcp_server.py:97)
[2026-08-15 14:24:31,173] INFO (tcp_server): Received ServiceDiscoveryReq.
Fatal error: protocol.data_received() call failed.
protocol: <secc.tcp_server.TCPServerProtocol object at 0x7d653c58aeb0>
transport: <_SelectorSocketTransport fd=22 read=polling write=<idle, bufsize=0>>
Traceback (most recent call last):
  File "/usr/local/lib/python3.8/asyncio/selector_events.py", line 862, in _read_ready__data_received
    self._protocol.data_received(data)
  File "/app/secc/../secc/tcp_server.py", line 60, in data_received
    self.process_incoming_message(packet)
  File "/app/secc/../secc/tcp_server.py", line 112, in process_incoming_message
    reaction = self.session.get_state(self.session.state).process_payload(xml_object)
  File "/app/secc/../secc/states/process_service_discovery_request.py", line 31, in process_payload
    if 6 in payload.supported_service_ids.service_id:
AttributeError: 'NoneType' object has no attribute 'service_id'
[2026-08-15 14:24:31,173] ERROR (tcp_server): 'NoneType' object has no attribute 'service_id'. (tcp_server.py:69)
[2026-08-15 14:24:32,055] WARNING (timer): Message timer requirement not fulfilled: over 60.00 seconds). (timer.py:99)
[2026-08-15 14:24:38,259] INFO (tcp_server): Connection made. Starting new communication session.
[2026-08-15 14:24:38,261] INFO (tcp_server): Sent notification.
[2026-08-15 14:24:38,267] INFO (tcp_server): Received request from ('fd00:edf::1', 46486, 0, 0).
[2026-08-15 14:24:38,268] INFO (message_handling): Message is valid.
[2026-08-15 14:24:38,268] DEBUG (tcp_server): Received EXI msg to be decoded: 8000F3AB9371D34B9B79D39BA321D34B9B79D 189A98989C1D1699181D22218010000040040 (tcp_server.py:84)
[2026-08-15 14:24:38,268] INFO (tcp_server): Payload type: 0x8001
[2026-08-15 14:24:38,268] INFO (message_handling): Supported App Protocol message to be decoded
[2026-08-15 14:24:38,269] DEBUG (tcp_server): Message successfully decoded (tcp_server.py:96)
[2026-08-15 14:24:38,269] DEBUG (tcp_server): XML message received: <?xml version="1.0" encoding="UTF-8"?><s0:supportedAppProtocolReq xmlns:s0="urn:iso:15118:2:2010:AppProtocol" xmlns:xsi="http://www.w3.org/2001/XMLSchema-instance" xmlns:xsd="http://www.w3.org/2001/XMLSchema"><AppProtocol><ProtocolNamespace>urn:iso:std:iso:15118:-20:DC</ProtocolNamespace><VersionNumberMajor>1</VersionNumberMajor><VersionNumberMinor>0</VersionNumberMinor><SchemaID>1</SchemaID><Priority>1</Priority></AppProtocol></s0:supportedAppProtocolReq> (tcp_server.py:97)
[2026-08-15 14:24:38,269] INFO (tcp_server): Received SupportedAppProtocolReq.
[2026-08-15 14:24:38,269] DEBUG (tcp_server): XML message to be sent: <?xml version="1.0" encoding="UTF-8"?>
<ns0:supportedAppProtocolRes xmlns:ns0="urn:iso:15118:2:2010:AppProtocol">
  <ResponseCode>OK_SuccessfulNegotiation</ResponseCode>
  <SchemaID>1</SchemaID>
</ns0:supportedAppProtocolRes>
 (tcp_server.py:124)
[2026-08-15 14:24:38,270] DEBUG (tcp_server): Encoding process start (tcp_server.py:125)
[2026-08-15 14:24:38,270] INFO (message_handling): Supported App Protocol message to be encoded
[2026-08-15 14:24:38,270] INFO (message_handling): Message is valid against Schema XSD
[2026-08-15 14:24:38,270] DEBUG (tcp_server): Encoded EXI message: 8040 0040 (tcp_server.py:134)
[2026-08-15 14:24:38,289] INFO (tcp_server): Received request from ('fd00:edf::1', 46486, 0, 0).
[2026-08-15 14:24:38,290] INFO (message_handling): Message is valid.
[2026-08-15 14:24:38,290] DEBUG (tcp_server): Received EXI msg to be decoded: 808C0400000000000000000A6 ED81D40620422AB21A1981880 (tcp_server.py:84)
[2026-08-15 14:24:38,290] INFO (tcp_server): Payload type: 0x8002
[2026-08-15 14:24:38,290] INFO (message_handling): Common message to be decoded
[2026-08-15 14:24:38,290] DEBUG (tcp_server): Message successfully decoded (tcp_server.py:96)
[2026-08-15 14:24:38,290] DEBUG (tcp_server): XML message received: <?xml version="1.0" encoding="UTF-8"?><s1:SessionSetupReq xmlns:s1="urn:iso:std:iso:15118:-20:CommonMessages" xmlns:xsi="http://www.w3.org/2001/XMLSchema-instance" xmlns:xsd="http://www.w3.org/2001/XMLSchema" xmlns:s0="http://www.w3.org/2000/09/xmldsig#" xmlns:s2="urn:iso:std:iso:15118:-20:CommonTypes"><s2:Header><s2:SessionID>0000000000000000</s2:SessionID><s2:TimeStamp>1786803878</s2:TimeStamp></s2:Header><s1:EVCCID>EVCC01</s1:EVCCID></s1:SessionSetupReq> (tcp_server.py:97)
[2026-08-15 14:24:38,291] INFO (tcp_server): Received SessionSetupReq.
[2026-08-15 14:24:38,292] DEBUG (tcp_server): XML message to be sent: <?xml version="1.0" encoding="UTF-8"?>
<ns0:SessionSetupRes xmlns:ns0="urn:iso:std:iso:15118:-20:CommonMessages">
  <ns1:Header xmlns:ns1="urn:iso:std:iso:15118:-20:CommonTypes">
    <ns1:SessionID>3339323631313738</ns1:SessionID>
    <ns1:TimeStamp>1786803878</ns1:TimeStamp>
  </ns1:Header>
  <ns1:ResponseCode xmlns:ns1="urn:iso:std:iso:15118:-20:CommonTypes">OK_NewSessionEstablished</ns1:ResponseCode>
  <ns0:EVSEID>ZZ000000</ns0:EVSEID>
</ns0:SessionSetupRes>
 (tcp_server.py:124)
[2026-08-15 14:24:38,292] DEBUG (tcp_server): Encoding process start (tcp_server.py:125)
[2026-08-15 14:24:38,292] INFO (message_handling): Common message to be encoded
[2026-08-15 14:24:38,292] INFO (message_handling): Message is valid against Schema XSD
[2026-08-15 14:24:38,293] DEBUG (tcp_server): Encoded EXI message: 809004199C991B18989B9C0A6ED8 1D4062040296968C0C0C0C0C0C00 (tcp_server.py:134)
[2026-08-15 14:24:38,302] INFO (tcp_server): Received request from ('fd00:edf::1', 46486, 0, 0).
[2026-08-15 14:24:38,303] INFO (message_handling): Message is valid.
[2026-08-15 14:24:38,303] DEBUG (tcp_server): Received EXI msg to be decoded: 800804199C991B189 89B9C0A6ED81D4062 (tcp_server.py:84)
[2026-08-15 14:24:38,303] INFO (tcp_server): Payload type: 0x8002
[2026-08-15 14:24:38,303] INFO (message_handling): Common message to be decoded
[2026-08-15 14:24:38,303] DEBUG (tcp_server): Message successfully decoded (tcp_server.py:96)
[2026-08-15 14:24:38,303] DEBUG (tcp_server): XML message received: <?xml version="1.0" encoding="UTF-8"?><s1:AuthorizationSetupReq xmlns:s1="urn:iso:std:iso:15118:-20:CommonMessages" xmlns:xsi="http://www.w3.org/2001/XMLSchema-instance" xmlns:xsd="http://www.w3.org/2001/XMLSchema" xmlns:s0="http://www.w3.org/2000/09/xmldsig#" xmlns:s2="urn:iso:std:iso:15118:-20:CommonTypes"><s2:Header><s2:SessionID>3339323631313738</s2:SessionID><s2:TimeStamp>1786803878</s2:TimeStamp></s2:Header></s1:AuthorizationSetupReq> (tcp_server.py:97)
[2026-08-15 14:24:38,304] INFO (tcp_server): Received AuthorizationSetupReq.
[2026-08-15 14:24:38,304] DEBUG (tcp_server): XML message to be sent: <?xml version="1.0" encoding="UTF-8"?>
<ns0:AuthorizationSetupRes xmlns:ns0="urn:iso:std:iso:15118:-20:CommonMessages">
  <ns1:Header xmlns:ns1="urn:iso:std:iso:15118:-20:CommonTypes">
    <ns1:SessionID>3339323631313738</ns1:SessionID>
    <ns1:TimeStamp>1786803878</ns1:TimeStamp>
  </ns1:Header>
  <ns1:ResponseCode xmlns:ns1="urn:iso:std:iso:15118:-20:CommonTypes">OK</ns1:ResponseCode>
  <ns0:AuthorizationServices>EIM</ns0:AuthorizationServices>
  <ns0:CertificateInstallationService>false</ns0:CertificateInstallationService>
  <ns0:EIM_ASResAuthorizationMode/>
</ns0:AuthorizationSetupRes>
 (tcp_server.py:124)
[2026-08-15 14:24:38,305] DEBUG (tcp_server): Encoding process start (tcp_server.py:125)
[2026-08-15 14:24:38,305] INFO (message_handling): Common message to be encoded
[2026-08-15 14:24:38,305] INFO (message_handling): Message is valid against Schema XSD
[2026-08-15 14:24:38,305] DEBUG (tcp_server): Encoded EXI message: 800C04199C991B18989B 9C0A6ED81D4062000400 (tcp_server.py:134)
[2026-08-15 14:24:38,310] INFO (tcp_server): Received request from ('fd00:edf::1', 46486, 0, 0).
[2026-08-15 14:24:38,310] INFO (message_handling): Message is valid.
[2026-08-15 14:24:38,310] DEBUG (tcp_server): Received EXI msg to be decoded: 800004199C991B1898 9B9C0A6ED81D406200 (tcp_server.py:84)
[2026-08-15 14:24:38,310] INFO (tcp_server): Payload type: 0x8002
[2026-08-15 14:24:38,310] INFO (message_handling): Common message to be decoded
[2026-08-15 14:24:38,311] DEBUG (tcp_server): Message successfully decoded (tcp_server.py:96)
[2026-08-15 14:24:38,311] DEBUG (tcp_server): XML message received: <?xml version="1.0" encoding="UTF-8"?><s1:AuthorizationReq xmlns:s1="urn:iso:std:iso:15118:-20:CommonMessages" xmlns:xsi="http://www.w3.org/2001/XMLSchema-instance" xmlns:xsd="http://www.w3.org/2001/XMLSchema" xmlns:s0="http://www.w3.org/2000/09/xmldsig#" xmlns:s2="urn:iso:std:iso:15118:-20:CommonTypes"><s2:Header><s2:SessionID>3339323631313738</s2:SessionID><s2:TimeStamp>1786803878</s2:TimeStamp></s2:Header><s1:SelectedAuthorizationService>EIM</s1:SelectedAuthorizationService><s1:EIM_AReqAuthorizationMode/></s1:AuthorizationReq> (tcp_server.py:97)
[2026-08-15 14:24:38,311] INFO (tcp_server): Received AuthorizationReq.
[2026-08-15 14:24:38,312] DEBUG (tcp_server): XML message to be sent: <?xml version="1.0" encoding="UTF-8"?>
<ns0:AuthorizationRes xmlns:ns0="urn:iso:std:iso:15118:-20:CommonMessages">
  <ns1:Header xmlns:ns1="urn:iso:std:iso:15118:-20:CommonTypes">
    <ns1:SessionID>3339323631313738</ns1:SessionID>
    <ns1:TimeStamp>1786803878</ns1:TimeStamp>
  </ns1:Header>
  <ns1:ResponseCode xmlns:ns1="urn:iso:std:iso:15118:-20:CommonTypes">OK</ns1:ResponseCode>
  <ns0:EVSEProcessing>Finished</ns0:EVSEProcessing>
</ns0:AuthorizationRes>
 (tcp_server.py:124)
[2026-08-15 14:24:38,312] DEBUG (tcp_server): Encoding process start (tcp_server.py:125)
[2026-08-15 14:24:38,312] INFO (message_handling): Common message to be encoded
[2026-08-15 14:24:38,312] INFO (message_handling): Message is valid against Schema XSD
[2026-08-15 14:24:38,313] DEBUG (tcp_server): Encoded EXI message: 800404199C991B18989 B9C0A6ED81D40620000 (tcp_server.py:134)
[2026-08-15 14:24:38,315] INFO (tcp_server): Received request from ('fd00:edf::1', 46486, 0, 0).
[2026-08-15 14:24:38,315] INFO (message_handling): Message is valid.
[2026-08-15 14:24:38,315] DEBUG (tcp_server): Received EXI msg to be decoded: 807C04199C991B1898 9B9C0A6ED81D406280 (tcp_server.py:84)
[2026-08-15 14:24:38,315] INFO (tcp_server): Payload type: 0x8002
[2026-08-15 14:24:38,315] INFO (message_handling): Common message to be decoded
[2026-08-15 14:24:38,316] DEBUG (tcp_server): Message successfully decoded (tcp_server.py:96)
[2026-08-15 14:24:38,316] DEBUG (tcp_server): XML message received: <?xml version="1.0" encoding="UTF-8"?><s1:ServiceDiscoveryReq xmlns:s1="urn:iso:std:iso:15118:-20:CommonMessages" xmlns:xsi="http://www.w3.org/2001/XMLSchema-instance" xmlns:xsd="http://www.w3.org/2001/XMLSchema" xmlns:s0="http://www.w3.org/2000/09/xmldsig#" xmlns:s2="urn:iso:std:iso:15118:-20:CommonTypes"><s2:Header><s2:SessionID>3339323631313738</s2:SessionID><s2:TimeStamp>1786803878</s2:TimeStamp></s2:Header></s1:ServiceDiscoveryReq> (tcp_server.py:97)
[2026-08-15 14:24:38,316] INFO (tcp_server): Received ServiceDiscoveryReq.
Fatal error: protocol.data_received() call failed.
protocol: <secc.tcp_server.TCPServerProtocol object at 0x7d654c05ff40>
transport: <_SelectorSocketTransport fd=22 read=polling write=<idle, bufsize=0>>
Traceback (most recent call last):
  File "/usr/local/lib/python3.8/asyncio/selector_events.py", line 862, in _read_ready__data_received
    self._protocol.data_received(data)
  File "/app/secc/../secc/tcp_server.py", line 60, in data_received
    self.process_incoming_message(packet)
  File "/app/secc/../secc/tcp_server.py", line 112, in process_incoming_message
    reaction = self.session.get_state(self.session.state).process_payload(xml_object)
  File "/app/secc/../secc/states/process_service_discovery_request.py", line 31, in process_payload
    if 6 in payload.supported_service_ids.service_id:
AttributeError: 'NoneType' object has no attribute 'service_id'
[2026-08-15 14:24:38,317] ERROR (tcp_server): 'NoneType' object has no attribute 'service_id'. (tcp_server.py:69)
